gene,samples_with_count_ge_10,retained
0610006L08Rik,0,False
0610007P14Rik,6,True
0610009B22Rik,6,True
0610009E02Rik,6,True
0610009L18Rik,6,True
0610009O20Rik,6,True
0610010F05Rik,6,True
0610010K14Rik,6,True
0610011F06Rik,6,True
0610012D04Rik,1,False
0610012G03Rik,6,True
0610025J13Rik,2,False
0610030E20Rik,6,True
0610031O16Rik,0,False
0610033M10Rik,0,False
0610037L13Rik,6,True
0610038B21Rik,0,False
0610039K10Rik,6,True
0610040B10Rik,6,True
0610040F04Rik,2,False
0610040J01Rik,6,True
0610043K17Rik,6,True
1010001B22Rik,6,True
1010001N08Rik,0,False
1110001J03Rik,6,True
1110002E22Rik,4,True
1110002J07Rik,5,True
1110002L01Rik,6,True
1110002O04Rik,1,False
1110003F10Rik,3,True
1110004E09Rik,6,True
1110004F10Rik,6,True
1110006O24Rik,5,True
1110008E08Rik,0,False
1110008F13Rik,6,True
1110008L16Rik,6,True
1110008P14Rik,6,True
1110012L19Rik,6,True
1110015O18Rik,6,True
1110017D15Rik,6,True
1110018N20Rik,6,True
1110019D14Rik,6,True
1110020A21Rik,6,True
1110025L11Rik,1,False
1110025M09Rik,2,False
1110028F11Rik,0,False
1110028F18Rik,1,False
1110032A03Rik,6,True
1110032F04Rik,2,False
1110034G24Rik,6,True
1110035H17Rik,4,True
1110036E04Rik,0,False
1110037F02Rik,6,True
1110038B12Rik,6,True
1110038F14Rik,6,True
1110046J04Rik,5,True
1110051M20Rik,6,True
1110057P08Rik,0,False
1110059E24Rik,6,True
1110059G10Rik,6,True
1110060G06Rik,0,False
1110065P20Rik,6,True
1190002N15Rik,6,True
1190003K10Rik,0,False
1190005I06Rik,6,True
1190007I07Rik,6,True
1200007C13Rik,0,False
1300002E11Rik,6,True
1300017J02Rik,5,True
1500002C15Rik,6,True
1500002F19Rik,5,True
1500004A13Rik,6,True
1500005C15Rik,3,True
1500009C09Rik,6,True
1500009L16Rik,5,True
1500011B03Rik,6,True
1500011K16Rik,6,True
1500012K07Rik,3,True
1500015A07Rik,6,True
1500015L24Rik,4,True
1500015O10Rik,6,True
1500017E21Rik,4,True
1500026H17Rik,6,True
1500035N22Rik,2,False
1520401A03Rik,3,True
1600002D24Rik,0,False
1600002H07Rik,6,True
1600002K03Rik,6,True
1600010M07Rik,2,False
1600012H06Rik,6,True
1600012P17Rik,0,False
1600014C10Rik,6,True
1600014C23Rik,5,True
1600015I10Rik,2,False
1600017P15Rik,1,False
1600019K03Rik,0,False
1600020E01Rik,6,True
1600023N17Rik,5,True
1600025M17Rik,0,False
1600029O15Rik,3,True
1700001C02Rik,2,False
1700001C19Rik,2,False
1700001D01Rik,3,True
1700001F09Rik,0,False
1700001G01Rik,0,False
1700001G11Rik,5,True
1700001G17Rik,4,True
1700001J03Rik,3,True
1700001J04Rik,0,False
1700001J11Rik,6,True
1700001K19Rik,2,False
1700001L05Rik,1,False
1700001L19Rik,5,True
1700001N15Rik,0,False
1700001O22Rik,5,True
1700001P01Rik,1,False
1700003C15Rik,1,False
1700003D09Rik,6,True
1700003E16Rik,6,True
1700003E24Rik,0,False
1700003F12Rik,3,True
1700003G13Rik,0,False
1700003G18Rik,2,False
1700003H04Rik,1,False
1700003I16Rik,2,False
1700003I22Rik,0,False
1700003L19Rik,0,False
1700003M07Rik,6,True
1700003N22Rik,6,True
1700003P14Rik,1,False
1700006A11Rik,0,False
1700006E09Rik,2,False
1700006F04Rik,0,False
1700006H21Rik,0,False
1700006J14Rik,2,False
1700006P03Rik,0,False
1700007B14Rik,1,False
1700007E05Rik,2,False
1700007F19Rik,0,False
1700007G11Rik,3,True
1700007J10Rik,2,False
1700007K09Rik,0,False
1700007K13Rik,4,True
1700007L15Rik,3,True
1700007M16Rik,0,False
1700007P06Rik,1,False
1700008A23Rik,1,False
1700008B11Rik,1,False
1700008H02Rik,0,False
1700008J07Rik,6,True
1700008K24Rik,0,False
1700008O03Rik,6,True
1700008P02Rik,0,False
1700009C05Rik,0,False
1700009J07Rik,1,False
1700009N14Rik,0,False
1700010B08Rik,0,False
1700010B13Rik,1,False
1700010D01Rik,0,False
1700010H22Rik,1,False
1700010I02Rik,0,False
1700010I14Rik,5,True
1700010J16Rik,1,False
1700010K23Rik,3,True
1700010K24Rik,4,True
1700010L04Rik,0,False
1700010N08Rik,0,False
1700011B04Rik,1,False
1700011C11Rik,0,False
1700011D18Rik,1,False
1700011E24Rik,0,False
1700011H14Rik,3,True
1700011I03Rik,0,False
1700011L22Rik,0,False
1700011M02Rik,0,False
1700012A03Rik,0,False
1700012B07Rik,0,False
1700012B09Rik,2,False
1700012C08Rik,0,False
1700012C14Rik,0,False
1700012D16Rik,0,False
1700012E03Rik,1,False
1700012I11Rik,2,False
1700012J22Rik,0,False
1700012L04Rik,0,False
1700012P22Rik,0,False
1700013A02Rik,0,False
1700013D24Rik,1,False
1700013F07Rik,3,True
1700013G24Rik,0,False
1700013H16Rik,0,False
1700013M08Rik,2,False
1700013N06Rik,0,False
1700014D04Rik,0,False
1700014F14Rik,0,False
1700015C17Rik,0,False
1700015E13Rik,3,True
1700015F17Rik,0,False
1700015G11Rik,0,False
1700015O11Rik,0,False
1700016A09Rik,0,False
1700016B15Rik,0,False
1700016C15Rik,0,False
1700016D06Rik,1,False
1700016D08Rik,0,False
1700016F12Rik,0,False
1700016G14Rik,1,False
1700016G22Rik,0,False
1700016H13Rik,1,False
1700016K19Rik,0,False
1700016L21Rik,0,False
1700016P03Rik,1,False
1700016P04Rik,1,False
1700017B05Rik,6,True
1700017D01Rik,1,False
1700017G19Rik,1,False
1700017I07Rik,0,False
1700017J07Rik,0,False
1700017L05Rik,0,False
1700017N19Rik,0,False
1700018A04Rik,0,False
1700018A14Rik,0,False
1700018B08Rik,1,False
1700018B24Rik,0,False
1700018C11Rik,0,False
1700018F24Rik,0,False
1700018L02Rik,6,True
1700018M17Rik,0,False
1700019A02Rik,0,False
1700019A23Rik,0,False
1700019B03Rik,0,False
1700019B21Rik,1,False
1700019D03Rik,6,True
1700019E08Rik,0,False
1700019G24Rik,1,False
1700019M22Rik,0,False
1700019N19Rik,2,False
1700019O17Rik,0,False
1700019P21Rik,0,False
1700020A23Rik,0,False
1700020D05Rik,3,True
1700020G17Rik,0,False
1700020I14Rik,6,True
1700020L24Rik,4,True
1700020M21Rik,0,False
1700020N01Rik,0,False
1700020N15Rik,0,False
1700020N18Rik,0,False
1700021A07Rik,1,False
1700021F05Rik,6,True
1700021F07Rik,0,False
1700021F13Rik,1,False
1700021J08Rik,3,True
1700021L23Rik,0,False
1700021N21Rik,2,False
1700021P04Rik,0,False
1700022A21Rik,0,False
1700022A22Rik,0,False
1700022E09Rik,0,False
1700022F17Rik,0,False
1700022H16Rik,0,False
1700022I11Rik,6,True
1700022N22Rik,2,False
1700023C21Rik,0,False
1700023F02Rik,0,False
1700023F06Rik,6,True
1700023G09Rik,1,False
1700023H06Rik,6,True
1700024B05Rik,1,False
1700024B18Rik,0,False
1700024G13Rik,0,False
1700024J04Rik,1,False
1700024P04Rik,0,False
1700024P16Rik,2,False
1700025A08Rik,0,False
1700025B11Rik,1,False
1700025C18Rik,2,False
1700025D23Rik,0,False
1700025F22Rik,2,False
1700025F24Rik,2,False
1700025G04Rik,6,True
1700025H01Rik,1,False
1700025J12Rik,0,False
1700025K24Rik,0,False
1700025M24Rik,0,False
1700025N21Rik,0,False
1700025N23Rik,0,False
1700025O08Rik,0,False
1700026D11Rik,1,False
1700026F02Rik,0,False
1700026J12Rik,0,False
1700026J14Rik,4,True
1700027A07Rik,0,False
1700027A15Rik,4,True
1700027F06Rik,0,False
1700027F09Rik,0,False
1700027H10Rik,4,True
1700027I24Rik,1,False
1700028B04Rik,6,True
1700028D13Rik,1,False
1700028E10Rik,6,True
1700028I16Rik,0,False
1700028J19Rik,4,True
1700028K03Rik,3,True
1700028M03Rik,0,False
1700028N14Rik,4,True
1700028P14Rik,4,True
1700028P15Rik,0,False
1700029B22Rik,0,False
1700029B24Rik,0,False
1700029E06Rik,0,False
1700029F12Rik,0,False
1700029H14Rik,1,False
1700029I15Rik,6,True
1700029J03Rik,0,False
1700029J07Rik,6,True
1700029M03Rik,1,False
1700029M20Rik,2,False
1700029N11Rik,0,False
1700029P11Rik,0,False
1700030A11Rik,0,False
1700030C10Rik,4,True
1700030C12Rik,0,False
1700030C14Rik,0,False
1700030F04Rik,1,False
1700030I03Rik,1,False
1700030J22Rik,3,True
1700030K09Rik,6,True
1700030L20Rik,0,False
1700030M09Rik,1,False
1700030N03Rik,1,False
1700030N18Rik,0,False
1700030O20Rik,0,False
1700031A10Rik,0,False
1700031F05Rik,1,False
1700031F10Rik,0,False
1700031L13Rik,1,False
1700031M16Rik,0,False
1700031P21Rik,1,False
1700034B16Rik,0,False
1700034E13Rik,0,False
1700034G24Rik,0,False
1700034H15Rik,4,True
1700034I23Rik,3,True
1700034J04Rik,2,False
1700034J05Rik,2,False
1700034K08Rik,1,False
1700034O15Rik,0,False
1700034P13Rik,6,True
1700036A12Rik,0,False
1700036G14Rik,0,False
1700036O09Rik,0,False
1700037C06Rik,1,False
1700037C18Rik,6,True
1700037F24Rik,0,False
1700037H04Rik,6,True
1700039E15Rik,2,False
1700039E22Rik,0,False
1700039I01Rik,0,False
1700039M10Rik,0,False
1700039M15Rik,0,False
1700040D17Rik,5,True
1700040F15Rik,0,False
1700040F17Rik,0,False
1700040K01Rik,4,True
1700040L02Rik,3,True
1700040L08Rik,3,True
1700041C23Rik,0,False
1700041G16Rik,4,True
1700041M05Rik,0,False
1700041M19Rik,0,False
1700042D02Rik,0,False
1700042G07Rik,0,False
1700042G15Rik,0,False
1700042O10Rik,0,False
1700044C05Rik,0,False
1700044K03Rik,0,False
1700045H11Rik,0,False
1700045I11Rik,0,False
1700046C09Rik,0,False
1700047A11Rik,5,True
1700047F07Rik,0,False
1700047G03Rik,0,False
1700047I17Rik2,6,True
1700047K16Rik,5,True
1700047L14Rik,0,False
1700047M11Rik,6,True
1700047N06Rik,0,False
1700048F04Rik,0,False
1700048M11Rik,3,True
1700048O20Rik,5,True
1700049E15Rik,0,False
1700049E17Rik1,0,False
1700049E17Rik2,0,False
1700049E22Rik,0,False
1700049G17Rik,6,True
1700049J03Rik,0,False
1700049L16Rik,0,False
1700051A21Rik,5,True
1700051K13Rik,0,False
1700051O22Rik,1,False
1700052I22Rik,0,False
1700052K11Rik,5,True
1700054A03Rik,0,False
1700054K02Rik,1,False
1700054K19Rik,0,False
1700054M17Rik,0,False
1700054O19Rik,1,False
1700055C04Rik,0,False
1700055D18Rik,5,True
1700056E22Rik,0,False
1700056N10Rik,5,True
1700057G04Rik,2,False
1700057H15Rik,0,False
1700057H21Rik,0,False
1700058P15Rik,0,False
1700060C16Rik,0,False
1700060C20Rik,0,False
1700060J05Rik,3,True
1700060O08Rik,0,False
1700061E17Rik,0,False
1700061E18Rik,0,False
1700061F12Rik,1,False
1700061G19Rik,3,True
1700061H18Rik,0,False
1700061I17Rik,0,False
1700061J23Rik,0,False
1700063A18Rik,0,False
1700063D05Rik,5,True
1700063H04Rik,0,False
1700063H06Rik,0,False
1700063I16Rik,0,False
1700063K16Rik,4,True
1700063O14Rik,0,False
1700064H15Rik,1,False
1700064J06Rik,0,False
1700064M15Rik,1,False
1700065D16Rik,0,False
1700065I16Rik,0,False
1700065J11Rik,0,False
1700065J18Rik,0,False
1700065L07Rik,1,False
1700065O20Rik,0,False
1700066B17Rik,1,False
1700066B19Rik,5,True
1700066C05Rik,0,False
1700066J03Rik,1,False
1700066M21Rik,6,True
1700066N21Rik,0,False
1700066O22Rik,0,False
1700067G17Rik,0,False
1700067K01Rik,6,True
1700067P10Rik,1,False
1700069B07Rik,0,False
1700069L16Rik,0,False
1700069P05Rik,1,False
1700071G01Rik,0,False
1700071K01Rik,0,False
1700071M16Rik,6,True
1700072B07Rik,1,False
1700072G22Rik,0,False
1700072O05Rik,0,False
1700073E17Rik,1,False
1700074A21Rik,0,False
1700074H08Rik,2,False
1700074P13Rik,0,False
1700080E11Rik,0,False
1700080G11Rik,1,False
1700080N15Rik,4,True
1700080O16Rik,1,False
1700081H04Rik,2,False
1700082M22Rik,3,True
1700083H02Rik,0,False
1700084C06Rik,3,True
1700084E18Rik,5,True
1700084F23Rik,0,False
1700084J12Rik,6,True
1700084M14Rik,0,False
1700085C21Rik,0,False
1700086D15Rik,1,False
1700086L19Rik,6,True
1700086O06Rik,6,True
1700086P04Rik,4,True
1700087M22Rik,1,False
1700088E04Rik,5,True
1700091H14Rik,1,False
1700092C02Rik,1,False
1700092C10Rik,0,False
1700092C17Rik,2,False
1700092E19Rik,0,False
1700092K14Rik,2,False
1700092M07Rik,0,False
1700093J21Rik,1,False
1700093K21Rik,2,False
1700094J05Rik,0,False
1700094M24Rik,0,False
1700095A13Rik,0,False
1700095A21Rik,2,False
1700095B10Rik,1,False
1700095J03Rik,4,True
1700095J07Rik,1,False
1700095J12Rik,0,False
1700095K22Rik,0,False
1700096J18Rik,1,False
1700096K18Rik,6,True
1700097M23Rik,0,False
1700097N02Rik,3,True
1700099I09Rik,0,False
1700100L14Rik,0,False
1700101I11Rik,6,True
1700101I19Rik,0,False
1700101O22Rik,1,False
1700102F20Rik,0,False
1700102P08Rik,4,True
1700104B16Rik,0,False
1700105P06Rik,5,True
1700108F19Rik,3,True
1700108J01Rik,0,False
1700108N11Rik,0,False
1700109G14Rik,1,False
1700109G15Rik,0,False
1700109H08Rik,5,True
1700109I08Rik,0,False
1700109K24Rik,2,False
1700110C19Rik,4,True
1700110I01Rik,1,False
1700110I07Rik,0,False
1700110K17Rik,1,False
1700111E14Rik,3,True
1700111N16Rik,0,False
1700112D23Rik,6,True
1700112E06Rik,6,True
1700112H15Rik,0,False
1700112J05Rik,1,False
1700112J16Rik,4,True
1700112K13Rik,1,False
1700113A16Rik,6,True
1700113B19Rik,0,False
1700113H08Rik,3,True
1700116B05Rik,0,False
1700119H24Rik,0,False
1700119I11Rik,0,False
1700120B22Rik,0,False
1700120C14Rik,6,True
1700120C18Rik,0,False
1700120E14Rik,0,False
1700120G07Rik,2,False
1700120G11Rik,0,False
1700120K04Rik,0,False
1700120O09Rik,0,False
1700121C08Rik,0,False
1700121L03Rik,0,False
1700121L16Rik,0,False
1700121N20Rik,0,False
1700122D07Rik,0,False
1700122E12Rik,1,False
1700122O11Rik,0,False
1700123I01Rik,2,False
1700123K08Rik,1,False
1700123L14Rik,4,True
1700123M08Rik,5,True
1700123O12Rik,0,False
1700123O20Rik,6,True
1700123O21Rik,1,False
1700124L16Rik,0,False
1700125G02Rik,0,False
1700125G22Rik,0,False
1700125H03Rik,3,True
1700125H20Rik,0,False
1700126A01Rik,1,False
1700126G02Rik,2,False
1700126H18Rik,0,False
1700128A07Rik,0,False
1700128E19Rik,0,False
1700128F08Rik,2,False
1700129C05Rik,0,False
1700129L04Rik,0,False
1810006J02Rik,1,False
1810007C17Rik,1,False
1810007D17Rik,0,False
1810008B01Rik,2,False
1810008I18Rik,0,False
1810009A15Rik,6,True
1810009J06Rik,0,False
1810010D01Rik,2,False
1810010H24Rik,6,True
1810010K12Rik,3,True
1810011H11Rik,3,True
1810011O10Rik,4,True
1810012K08Rik,0,False
1810012K16Rik,2,False
1810013D15Rik,6,True
1810013L24Rik,6,True
1810014B01Rik,6,True
1810017P11Rik,0,False
1810018F18Rik,1,False
1810019D21Rik,0,False
1810019N24Rik,2,False
1810020O05Rik,0,False
1810021B22Rik,6,True
1810022K09Rik,6,True
1810024B03Rik,6,True
1810026B05Rik,6,True
1810026J23Rik,6,True
1810030O07Rik,6,True
1810032O08Rik,5,True
1810034E14Rik,2,False
1810037I17Rik,6,True
1810041H14Rik,4,True
1810041L15Rik,6,True
1810043G02Rik,6,True
1810043H04Rik,6,True
1810044D09Rik,5,True
1810046K07Rik,0,False
1810049J17Rik,0,False
1810053B23Rik,1,False
1810055G02Rik,6,True
1810058I24Rik,6,True
1810059C17Rik,1,False
1810059H22Rik,6,True
1810062G17Rik,5,True
1810062O18Rik,5,True
1810063I02Rik,0,False
1810064F22Rik,0,False
1810065E05Rik,0,False
2010001A14Rik,6,True
2010001K21Rik,6,True
2010003K11Rik,1,False
2010005H15Rik,0,False
2010007H06Rik,6,True
2010008C14Rik,1,False
2010009K17Rik,0,False
2010010A06Rik,0,False
2010013B24Rik,0,False
2010015M23Rik,5,True
2010016I18Rik,3,True
2010103J01Rik,0,False
2010106C02Rik,0,False
2010106E10Rik,0,False
2010107E04Rik,6,True
2010107G12Rik,5,True
2010107G23Rik,6,True
2010109A12Rik,1,False
2010109I03Rik,1,False
2010109P13Rik,0,False
2010110E17Rik,0,False
2010110G14Rik,0,False
2010110K18Rik,1,False
2010111I01Rik,6,True
2010204K13Rik,5,True
2010300C02Rik,6,True
2010300F17Rik,1,False
2010308F09Rik,4,True
2010309G21Rik,0,False
2010310C07Rik,0,False
2010315B03Rik,6,True
2010320M18Rik,6,True
2010320O07Rik,5,True
2200002A13Rik,0,False
2200002D01Rik,6,True
2200002J24Rik,0,False
2200007N16Rik,1,False
2210008F06Rik,2,False
2210010C04Rik,0,False
2210011C24Rik,5,True
2210011K15Rik,0,False
2210013O21Rik,6,True
2210016F16Rik,6,True
2210016L21Rik,6,True
2210017I01Rik,0,False
2210019I11Rik,0,False
2210404O09Rik,6,True
2210406H18Rik,4,True
2210406O10Rik,4,True
2210407C18Rik,0,False
2210408F21Rik,6,True
2210408I21Rik,6,True
2210409E12Rik,1,False
2210411M09Rik,2,False
2210412B16Rik,0,False
2210414B05Rik,0,False
2210417A02Rik,0,False
2210418O10Rik,6,True
2210420H20Rik,1,False
2300002M23Rik,1,False
2300003K06Rik,0,False
2300009A05Rik,6,True
2310001H17Rik,1,False
2310001K20Rik,0,False
2310001K24Rik,3,True
2310002F09Rik,3,True
2310002L09Rik,1,False
2310003L06Rik,0,False
2310005A03Rik,0,False
2310005E17Rik,0,False
2310007B03Rik,1,False
2310008N11Rik,2,False
2310009A05Rik,6,True
2310009B15Rik,6,True
2310010J17Rik,5,True
2310011J03Rik,6,True
2310014F06Rik,3,True
2310015A10Rik,6,True
2310015D24Rik,0,False
2310015K22Rik,1,False
2310016D03Rik,0,False
2310016D23Rik,0,False
2310016G11Rik,5,True
2310020H05Rik,0,False
2310022A10Rik,6,True
2310022B05Rik,6,True
2310026I22Rik,0,False
2310026L22Rik,2,False
2310030A07Rik,0,False
2310030G06Rik,0,False
2310031A07Rik,6,True
2310033P09Rik,6,True
2310034C09Rik,0,False
2310034G01Rik,4,True
2310034O05Rik,0,False
2310035C23Rik,6,True
2310036O22Rik,6,True
2310039H08Rik,6,True
2310039L15Rik,0,False
2310040G07Rik,6,True
2310040G24Rik,4,True
2310043L19Rik,0,False
2310043M15Rik,6,True
2310043O21Rik,0,False
2310043P16Rik,2,False
2310044K18Rik,0,False
2310046K23Rik,0,False
2310047D07Rik,3,True
2310050C09Rik,0,False
2310057J18Rik,0,False
2310057M21Rik,6,True
2310057N15Rik,0,False
2310058D17Rik,6,True
2310061I04Rik,6,True
2310061N02Rik,0,False
2310065F04Rik,0,False
2310068J16Rik,3,True
2310069B03Rik,0,False
2310069G16Rik,6,True
2310074N15Rik,5,True
2310075C17Rik,5,True
2310079G19Rik,0,False
2310081O03Rik,1,False
2410002F23Rik,6,True
2410003L11Rik,0,False
2410004B18Rik,6,True
2410004I01Rik,6,True
2410004P03Rik,0,False
2410006H16Rik,6,True
2410012E07Rik,1,False
2410015M20Rik,6,True
2410016O06Rik,6,True
2410017I17Rik,1,False
2410018L13Rik,5,True
2410021H03Rik,2,False
2410022M11Rik,6,True
2410024N13Rik,0,False
2410080I02Rik,4,True
2410089E03Rik,6,True
2410124H12Rik,0,False
2410131K14Rik,6,True
2410137M14Rik,1,False
2410141K09Rik,1,False
2410152P15Rik,0,False
2500002B13Rik,6,True
2500004C02Rik,6,True
2510002D24Rik,6,True
2510009E07Rik,6,True
2510016D11Rik,5,True
2510017J16Rik,5,True
2510039O18Rik,6,True
2510046G10Rik,5,True
2600006K01Rik,4,True
2600014E21Rik,5,True
2610001A08Rik,0,False
2610001J05Rik,6,True
2610002M06Rik,6,True
2610005L07Rik,6,True
2610008E11Rik,6,True
2610011E03Rik,3,True
2610012C04Rik,2,False
2610016A17Rik,0,False
2610020C07Rik,6,True
2610020F03Rik,1,False
2610020H08Rik,6,True
2610021A01Rik,6,True
2610024D14Rik,4,True
2610027F03Rik,0,False
2610027K06Rik,2,False
2610028E06Rik,2,False
2610028H24Rik,2,False
2610034O05Rik,0,False
2610035D17Rik,6,True
2610035F20Rik,6,True
2610037D02Rik,6,True
2610042L04Rik,5,True
2610044O15Rik8,6,True
2610105M22Rik,0,False
2610203C20Rik,6,True
2610203C22Rik,6,True
2610204G07Rik,1,False
2610206C17Rik,4,True
2610300A13Rik,0,False
2610301B20Rik,6,True
2610303G11Rik,0,False
2610305D13Rik,6,True
2610306M01Rik,6,True
2610306O10Rik,1,False
2610307P16Rik,6,True
2610316D01Rik,6,True
2610318N02Rik,1,False
2610507B11Rik,6,True
2610507I01Rik,6,True
2610509F24Rik,2,False
2610524H06Rik,6,True
2610528A11Rik,1,False
2610528J11Rik,0,False
2700012I20Rik,2,False
2700016F22Rik,5,True
2700029L08Rik,4,True
2700029M09Rik,6,True
2700033N17Rik,2,False
2700038G22Rik,6,True
2700046A07Rik,5,True
2700046G09Rik,6,True
2700049A03Rik,6,True
2700060E02Rik,6,True
2700062C07Rik,6,True
2700068H02Rik,0,False
2700069I18Rik,3,True
2700078F05Rik,1,False
2700080J24Rik,0,False
2700081O15Rik,6,True
2700089I24Rik,1,False
2700094K13Rik,6,True
2700097O09Rik,6,True
2700099C18Rik,6,True
2810001G20Rik,6,True
2810002D19Rik,6,True
2810004N23Rik,6,True
2810006K23Rik,6,True
2810013P06Rik,6,True
2810021J22Rik,6,True
2810025M15Rik,6,True
2810029C07Rik,6,True
2810030D12Rik,4,True
2810032G03Rik,3,True
2810039B14Rik,6,True
2810047C21Rik1,5,True
2810049E08Rik,5,True
2810402E24Rik,6,True
2810403A07Rik,6,True
2810403D21Rik,6,True
2810404F17Rik,0,False
2810404M03Rik,1,False
2810405F15Rik,0,False
2810405F17Rik,6,True
2810407A14Rik,6,True
2810408A11Rik,5,True
2810408I11Rik,5,True
2810410L24Rik,6,True
2810414N06Rik,6,True
2810417H13Rik,6,True
2810425M01Rik,2,False
2810428I15Rik,6,True
2810428J06Rik,6,True
2810429I04Rik,6,True
2810430I11Rik,1,False
2810432F15Rik,2,False
2810433D01Rik,2,False
2810442N19Rik,2,False
2810454H06Rik,6,True
2810455O05Rik,4,True
2810459M11Rik,6,True
2810468N07Rik,6,True
2810471M01Rik,0,False
2810474O19Rik,6,True
2900002M20Rik,5,True
2900005J15Rik,6,True
2900009J06Rik,1,False
2900011O08Rik,6,True
2900018N21Rik,1,False
2900022M07Rik,6,True
2900026A02Rik,6,True
2900027M19Rik,6,True
2900035J10Rik,1,False
2900037B21Rik,6,True
2900041M22Rik,1,False
2900042K21Rik,4,True
2900052L18Rik,6,True
2900052N01Rik,6,True
2900055J20Rik,5,True
2900060B14Rik,5,True
2900064F13Rik,4,True
2900064K03Rik,2,False
2900069G24Rik,0,False
2900072N19Rik,5,True
2900076A07Rik,6,True
2900076G11Rik,1,False
2900079G21Rik,5,True
2900089D17Rik,1,False
2900092C05Rik,0,False
2900092N22Rik,2,False
2900092O11Rik,0,False
2900093K20Rik,6,True
2900097C17Rik,6,True
3000002C10Rik,6,True
3010001F23Rik,5,True
3010003L21Rik,2,False
3010026O09Rik,6,True
3100002H09Rik,6,True
3100003L05Rik,1,False
3110001I22Rik,5,True
3110002H16Rik,6,True
3110004A20Rik,1,False
3110009E18Rik,6,True
3110018I06Rik,0,False
3110021N24Rik,6,True
3110031N09Rik,1,False
3110035E14Rik,6,True
3110039M20Rik,6,True
3110040N11Rik,5,True
3110043O21Rik,6,True
3110045C21Rik,6,True
3110052M02Rik,6,True
3110053B16Rik,6,True
3110056K07Rik,6,True
3110062G12Rik,1,False
3110062M04Rik,6,True
3110067C02Rik,6,True
3110070M22Rik,5,True
3110079O15Rik,3,True
3110080O07Rik,3,True
3110082I17Rik,6,True
3110082J24Rik,6,True
3110083C13Rik,3,True
3110099E03Rik,1,False
3222401L13Rik,6,True
3300002A11Rik,1,False
3300002I08Rik,6,True
3300002P13Rik,5,True
3300005D01Rik,0,False
3425401B19Rik,3,True
3632451O06Rik,6,True
3632454L22Rik,4,True
3830403N18Rik,0,False
3830406C13Rik,6,True
3830408C21Rik,3,True
3830417A13Rik,0,False
3830422I06Rik,0,False
3830432H09Rik,1,False
3930402G23Rik,1,False
4430402I18Rik,6,True
4631405J19Rik,4,True
4631405K08Rik,1,False
4632404H12Rik,6,True
4632404M16Rik,2,False
4632411P08Rik,5,True
4632415L05Rik,6,True
4632427E13Rik,6,True
4632428C04Rik,2,False
4632432E15Rik,1,False
4633401B06Rik,3,True
4731419I09Rik,6,True
4732414G09Rik,6,True
4732416N19Rik,6,True
4732419C18Rik,2,False
4732440D04Rik,6,True
4732463B04Rik,2,False
4732465J04Rik,1,False
4732471J01Rik,6,True
4732487G21Rik,5,True
4732490B19Rik,0,False
4732491K20Rik,6,True
4732496C06Rik,4,True
4831440E17Rik,6,True
4833403J16Rik,0,False
4833404L02Rik,5,True
4833407H14Rik,0,False
4833411C07Rik,3,True
4833412C05Rik,0,False
4833412K13Rik,5,True
4833413E03Rik,1,False
4833413G10Rik,6,True
4833417C18Rik,5,True
4833418N02Rik,4,True
4833418N17Rik,0,False
4833420G17Rik,6,True
4833421G17Rik,6,True
4833421K07Rik,1,False
4833422C13Rik,6,True
4833422M21Rik,3,True
4833423E24Rik,2,False
4833427F10Rik,1,False
4833427G06Rik,0,False
4833428L15Rik,0,False
4833439L19Rik,6,True
4833445I07Rik,4,True
4921501E09Rik,0,False
4921504A21Rik,6,True
4921504E06Rik,1,False
4921507G05Rik,1,False
4921507P07Rik,5,True
4921508D12Rik,0,False
4921508M14Rik,0,False
4921509A06Rik,0,False
4921509C19Rik,0,False
4921511C10Rik,3,True
4921511C20Rik,0,False
4921511E07Rik,0,False
4921511H03Rik,1,False
4921511M17Rik,1,False
4921513D11Rik,4,True
4921513I03Rik,2,False
4921513I08Rik,1,False
4921514A10Rik,5,True
4921515E04Rik,0,False
4921517D22Rik,0,False
4921518K17Rik,1,False
4921521D15Rik,0,False
4921522P10Rik,0,False
4921523L03Rik,1,False
4921524J17Rik,6,True
4921524L21Rik,0,False
4921527H02Rik,0,False
4921528I07Rik,2,False
4921529L05Rik,1,False
4921530L21Rik,3,True
4921531C22Rik,5,True
4921534H16Rik,2,False
4921536K21Rik,4,True
4921539E11Rik,0,False
4921539H07Rik,0,False
4922502D21Rik,0,False
4922502N22Rik,1,False
4930401G09Rik,0,False
4930401O10Rik,0,False
4930401O12Rik,0,False
4930402C01Rik,0,False
4930402F06Rik,0,False
4930402F11Rik,2,False
4930402H05Rik,0,False
4930402H24Rik,6,True
4930402K13Rik,0,False
4930403D09Rik,0,False
4930403O15Rik,1,False
4930403P22Rik,4,True
4930404A12Rik,0,False
4930404H24Rik,1,False
4930404I05Rik,5,True
4930404N11Rik,0,False
4930405A21Rik,4,True
4930405D11Rik,1,False
4930405G09Rik,0,False
4930405H06Rik,2,False
4930405L22Rik,0,False
4930405N21Rik,0,False
4930405O22Rik,4,True
4930406D18Rik,0,False
4930407G08Rik,1,False
4930407I10Rik,1,False
4930408K08Rik,0,False
4930408O17Rik,1,False
4930412B13Rik,0,False
4930412C18Rik,6,True
4930412E21Rik,1,False
4930412F09Rik,0,False
4930412L05Rik,4,True
4930412M03Rik,0,False
4930412O13Rik,0,False
4930413E15Rik,0,False
4930413G21Rik,6,True
4930415F15Rik,3,True
4930415H17Rik,0,False
4930415L06Rik,0,False
4930415O20Rik,0,False
4930417H01Rik,0,False
4930417O13Rik,0,False
4930417O22Rik,0,False
4930419G24Rik,2,False
4930420N18Rik,1,False
4930421C12Rik,0,False
4930421P07Rik,6,True
4930422M22Rik,4,True
4930423C22Rik,0,False
4930423M02Rik,1,False
4930425K10Rik,0,False
4930425L21Rik,0,False
4930425O10Rik,1,False
4930426D05Rik,0,False
4930426I24Rik,4,True
4930426L09Rik,3,True
4930427A07Rik,6,True
4930428N03Rik,1,False
4930428O21Rik,1,False
4930429D17Rik,1,False
4930429F24Rik,4,True
4930429H19Rik,5,True
4930429P21Rik,0,False
4930430A15Rik,0,False
4930430E12Rik,6,True
4930430F08Rik,6,True
4930430O22Rik,1,False
4930431F12Rik,0,False
4930431L21Rik,1,False
4930431P03Rik,1,False
4930431P19Rik,6,True
4930432B10Rik,3,True
4930432E11Rik,4,True
4930432H08Rik,1,False
4930432K21Rik,4,True
4930432L08Rik,1,False
4930432M17Rik,0,False
4930433B08Rik,0,False
4930433I11Rik,0,False
4930433J02Rik,0,False
4930433N12Rik,3,True
4930434B07Rik,0,False
4930434O05Rik,0,False
4930435C17Rik,0,False
4930435E12Rik,1,False
4930435N07Rik,0,False
4930438A08Rik,1,False
4930438E09Rik,0,False
4930439A04Rik,2,False
4930439D14Rik,0,False
4930440C22Rik,0,False
4930440I19Rik,0,False
4930441H08Rik,0,False
4930441J16Rik,0,False
4930442H23Rik,0,False
4930442J19Rik,1,False
4930442L01Rik,0,False
4930442P19Rik,0,False
4930443G03Rik,0,False
4930443O20Rik,1,False
4930444A19Rik,1,False
4930444E06Rik,0,False
4930444G20Rik,1,False
4930444M15Rik,0,False
4930444P10Rik,5,True
4930445B16Rik,3,True
4930445N08Rik,0,False
4930445N18Rik,2,False
4930447A16Rik,1,False
4930447C04Rik,2,False
4930447C11Rik,0,False
4930447F04Rik,0,False
4930447F24Rik,2,False
4930447M23Rik,5,True
4930447N08Rik,0,False
4930448A20Rik,0,False
4930448D08Rik,0,False
4930448E22Rik,0,False
4930448H16Rik,1,False
4930448I06Rik,0,False
4930448I18Rik,0,False
4930448K20Rik,0,False
4930448N21Rik,5,True
4930449A18Rik,1,False
4930449E01Rik,1,False
4930449I04Rik,1,False
4930449I24Rik,0,False
4930451E10Rik,2,False
4930451G09Rik,3,True
4930451I11Rik,1,False
4930452B06Rik,5,True
4930452N14Rik,1,False
4930453H23Rik,0,False
4930453L07Rik,0,False
4930453N24Rik,6,True
4930453O03Rik,1,False
4930455B14Rik,0,False
4930455D15Rik,0,False
4930455G09Rik,1,False
4930455H04Rik,0,False
4930456G14Rik,1,False
4930456L15Rik,0,False
4930458D05Rik,2,False
4930459L07Rik,0,False
4930461C15Rik,0,False
4930461G14Rik,1,False
4930463O16Rik,3,True
4930465K10Rik,1,False
4930465M20Rik,0,False
4930466I24Rik,0,False
4930467D21Rik,0,False
4930467E23Rik,5,True
4930467K11Rik,0,False
4930469B13Rik,0,False
4930469G21Rik,1,False
4930469K13Rik,0,False
4930470B04Rik,1,False
4930470G03Rik,3,True
4930470P17Rik,0,False
4930471C04Rik,1,False
4930471C06Rik,0,False
4930471D02Rik,0,False
4930471M09Rik,3,True
4930473A02Rik,6,True
4930473D10Rik,0,False
4930474B08Rik,0,False
4930474H06Rik,0,False
4930474N05Rik,0,False
4930477E14Rik,0,False
4930477O15Rik,0,False
4930478K11Rik,4,True
4930478M09Rik,0,False
4930478P22Rik,0,False
4930479D17Rik,2,False
4930480E11Rik,0,False
4930480G23Rik,0,False
4930480K02Rik,1,False
4930480K15Rik,6,True
4930480K23Rik,6,True
4930481A15Rik,6,True
4930481B07Rik,4,True
4930483J18Rik,1,False
4930483K19Rik,5,True
4930486F22Rik,1,False
4930486I03Rik,0,False
4930486L24Rik,0,False
4930486N12Rik,0,False
4930487D11Rik,0,False
4930488B22Rik,0,False
4930488N24Rik,1,False
4930500F04Rik,1,False
4930500F10Rik,2,False
4930500L23Rik,1,False
4930500M09Rik,0,False
4930502C17Rik,0,False
4930502E09Rik,4,True
4930502E18Rik,2,False
4930503B20Rik,0,False
4930503E14Rik,1,False
4930503H13Rik,0,False
4930503L19Rik,6,True
4930503O07Rik,0,False
4930504D19Rik,0,False
4930504O13Rik,0,False
4930505A04Rik,3,True
4930505G20Rik,4,True
4930505K14Rik,0,False
4930505M18Rik,2,False
4930505N22Rik,2,False
4930505O20Rik,1,False
4930506C21Rik,6,True
4930507D05Rik,0,False
4930507D10Rik,0,False
4930509E16Rik,0,False
4930509G22Rik,1,False
4930509H03Rik,6,True
4930509J09Rik,0,False
4930509K18Rik,1,False
4930510E17Rik,0,False
4930511A02Rik,2,False
4930511E03Rik,0,False
4930511M06Rik,0,False
4930511M18Rik,0,False
4930511O05Rik,1,False
4930512B01Rik,6,True
4930512H18Rik,1,False
4930512M02Rik,1,False
4930512P04Rik,1,False
4930513D17Rik,0,False
4930513N10Rik,4,True
4930513N20Rik,0,False
4930513O06Rik,0,False
4930515B02Rik,0,False
4930515G01Rik,1,False
4930515G13Rik,0,False
4930515G16Rik,4,True
4930515L19Rik,0,False
4930516B21Rik,5,True
4930516K23Rik,0,False
4930517E11Rik,4,True
4930517G19Rik,0,False
4930517J16Rik,2,False
4930517L18Rik,0,False
4930517O19Rik,4,True
4930518C09Rik,0,False
4930518I15Rik,6,True
4930518I17Rik,0,False
4930518J20Rik,0,False
4930519A11Rik,0,False
4930519D14Rik,1,False
4930519E07Rik,0,False
4930519F09Rik,6,True
4930519F16Rik,2,False
4930519F24Rik,0,False
4930519G04Rik,3,True
4930519H02Rik,1,False
4930519L02Rik,0,False
4930519P11Rik,0,False
4930520M14Rik,1,False
4930520O04Rik,4,True
4930521E06Rik,0,False
4930522H14Rik,1,False
4930522L14Rik,6,True
4930522N08Rik,0,False
4930522O17Rik,0,False
4930523C07Rik,5,True
4930524B15Rik,1,False
4930524B17Rik,0,False
4930524J08Rik,5,True
4930524N10Rik,0,False
4930524O07Rik,6,True
4930524O08Rik,0,False
4930525G20Rik,3,True
4930526A20Rik,6,True
4930526F13Rik,0,False
4930526L06Rik,0,False
4930526M16Rik,0,False
4930527A07Rik,0,False
4930527B05Rik,0,False
4930527E20Rik,0,False
4930527J03Rik,0,False
4930528D03Rik,0,False
4930528G23Rik,0,False
4930528J11Rik,4,True
4930528P14Rik,0,False
4930529C04Rik,4,True
4930529I22Rik,0,False
4930532G15Rik,5,True
4930532M18Rik,1,False
4930533B01Rik,0,False
4930533D04Rik,0,False
4930533I22Rik,2,False
4930533K18Rik,0,False
4930533L02Rik,3,True
4930533O14Rik,6,True
4930533P14Rik,1,False
4930534D22Rik,4,True
4930535E02Rik,0,False
4930535G08Rik,0,False
4930535I16Rik,0,False
4930535L15Rik,0,False
4930535O05Rik,0,False
4930537H20Rik,0,False
4930538E20Rik,1,False
4930538K18Rik,0,False
4930539C22Rik,0,False
4930539E08Rik,0,False
4930539J05Rik,5,True
4930539M17Rik,0,False
4930540E01Rik,0,False
4930540M05Rik,2,False
4930542C12Rik,0,False
4930542C16Rik,1,False
4930544D05Rik,0,False
4930544G11Rik,1,False
4930544I03Rik,3,True
4930544L04Rik,1,False
4930544M13Rik,0,False
4930545L23Rik,5,True
4930546C10Rik,0,False
4930547E08Rik,1,False
4930547M16Rik,1,False
4930548G14Rik,0,False
4930548H24Rik,1,False
4930548K13Rik,0,False
4930549C01Rik,0,False
4930550C14Rik,3,True
4930550C17Rik,1,False
4930550L24Rik,0,False
4930551L18Rik,0,False
4930551O13Rik,1,False
4930552N02Rik,0,False
4930552P12Rik,0,False
4930553I04Rik,1,False
4930553M12Rik,0,False
4930553P18Rik,2,False
4930554C24Rik,0,False
4930554G22Rik,0,False
4930554G24Rik,0,False
4930554H23Rik,0,False
4930555A03Rik,0,False
4930555B11Rik,1,False
4930555B12Rik,0,False
4930555F03Rik,4,True
4930555G01Rik,1,False
4930555K19Rik,1,False
4930555M17Rik,0,False
4930555O08Rik,1,False
4930556G01Rik,0,False
4930556G22Rik,0,False
4930556I23Rik,0,False
4930556J24Rik,1,False
4930556L07Rik,0,False
4930556M19Rik,3,True
4930556N13Rik,2,False
4930557A04Rik,1,False
4930557B06Rik,0,False
4930557F10Rik,0,False
4930557J02Rik,0,False
4930558C23Rik,1,False
4930558F17Rik,0,False
4930558G05Rik,0,False
4930558J18Rik,4,True
4930558J22Rik,0,False
4930558K02Rik,5,True
4930558N11Rik,0,False
4930560O18Rik,6,True
4930562A09Rik,0,False
4930562C15Rik,3,True
4930562D21Rik,1,False
4930562F07Rik,0,False
4930562F17Rik,0,False
4930563D23Rik,1,False
4930563E18Rik,1,False
4930563E22Rik,6,True
4930563F08Rik,4,True
4930563H07Rik,2,False
4930563I02Rik,1,False
4930563M21Rik,1,False
4930564D02Rik,0,False
4930565D16Rik,0,False
4930565N06Rik,2,False
4930566F21Rik,0,False
4930566N20Rik,1,False
4930567H17Rik,0,False
4930568A12Rik,2,False
4930568D16Rik,0,False
4930568G15Rik,1,False
4930569F06Rik,0,False
4930570D08Rik,0,False
4930570G19Rik,6,True
4930570N18Rik,0,False
4930571K23Rik,0,False
4930571N24Rik,0,False
4930572K03Rik,0,False
4930572O03Rik,3,True
4930573C15Rik,0,False
4930573I07Rik,2,False
4930577H14Rik,1,False
4930577N17Rik,2,False
4930578C19Rik,0,False
4930578G10Rik,5,True
4930578I06Rik,1,False
4930578I07Rik,0,False
4930578M01Rik,5,True
4930579C12Rik,1,False
4930579D09Rik,0,False
4930579F01Rik,1,False
4930579G18Rik,6,True
4930579G24Rik,6,True
4930579H20Rik,5,True
4930579K19Rik,5,True
4930579M01Rik,1,False
4930579O11Rik,0,False
4930580E04Rik,0,False
4930581F22Rik,6,True
4930583I09Rik,0,False
4930583K01Rik,1,False
4930583P06Rik,0,False
4930584F24Rik,2,False
4930586N03Rik,0,False
4930587A21Rik,0,False
4930588G17Rik,6,True
4930588K23Rik,0,False
4930589L23Rik,1,False
4930589O11Rik,4,True
4930589P08Rik,0,False
4930590H14Rik,0,False
4930590J08Rik,4,True
4930590L14Rik,0,False
4930590L20Rik,0,False
4930591A17Rik,0,False
4930593A02Rik,1,False
4930593C16Rik,0,False
4930594C11Rik,1,False
4930594M17Rik,1,False
4930594M22Rik,5,True
4930594O21Rik,0,False
4930595D18Rik,1,False
4930595M18Rik,0,False
4930595O18Rik,0,False
4930596D02Rik,0,False
4930596I21Rik,0,False
4930597A21Rik,1,False
4930597L12Rik,0,False
4930597O21Rik,1,False
4930598A11Rik,1,False
4930598F16Rik,0,False
4930598N05Rik,2,False
4930599A14Rik,0,False
4930599N23Rik,2,False
4930599N24Rik,0,False
4931400O07Rik,0,False
4931403E22Rik,2,False
4931403G20Rik,4,True
4931403M11Rik,0,False
4931406B18Rik,3,True
4931406C07Rik,6,True
4931406G06Rik,5,True
4931406P16Rik,6,True
4931408C20Rik,2,False
4931409K22Rik,0,False
4931412I15Rik,1,False
4931413I07Rik,2,False
4931413K12Rik,2,False
4931414P19Rik,6,True
4931415C17Rik,5,True
4931417E11Rik,1,False
4931419H13Rik,0,False
4931422A03Rik,6,True
4931423N10Rik,1,False
4931428F04Rik,6,True
4931428L18Rik,0,False
4931429L15Rik,2,False
4931429P17Rik,2,False
4931431B13Rik,2,False
4931431C16Rik,1,False
4931431F19Rik,0,False
4931440F15Rik,6,True
4931440J10Rik,1,False
4931440P22Rik,6,True
4932411E22Rik,6,True
4932411K12Rik,2,False
4932411N23Rik,1,False
4932412D23Rik,3,True
4932413F04Rik,3,True
4932414J04Rik,1,False
4932414N04Rik,2,False
4932415D10Rik,0,False
4932415M13Rik,0,False
4932416K20Rik,0,False
4932422M17Rik,5,True
4932429P05Rik,0,False
4932430I15Rik,0,False
4932431L22Rik,0,False
4932431P20Rik,2,False
4932435O22Rik,0,False
4932438A13Rik,6,True
4932438H23Rik,6,True
4932441J04Rik,5,True
4932442E05Rik,1,False
4932443I19Rik,6,True
4932443L11Rik,6,True
4932702P03Rik,5,True
4933400A11Rik,1,False
4933400C23Rik,1,False
4933400F21Rik,4,True
4933401B06Rik,1,False
4933401H06Rik,1,False
4933401J01Rik,0,False
4933402C05Rik,0,False
4933402C06Rik,0,False
4933402D24Rik,2,False
4933402E13Rik,0,False
4933402J07Rik,1,False
4933402J10Rik,0,False
4933402N03Rik,2,False
4933402N22Rik,0,False
4933402P03Rik,1,False
4933403L11Rik,0,False
4933403O08Rik,0,False
4933404I11Rik,0,False
4933404K08Rik,0,False
4933404O12Rik,6,True
4933405D12Rik,2,False
4933405E24Rik,0,False
4933405L10Rik,3,True
4933405O20Rik,0,False
4933406C10Rik,3,True
4933406D12Rik,0,False
4933406F09Rik,2,False
4933406G16Rik,0,False
4933406I18Rik,4,True
4933406J08Rik,1,False
4933406J10Rik,1,False
4933406K04Rik,1,False
4933406L23Rik,1,False
4933406M09Rik,0,False
4933406P04Rik,2,False
4933407E24Rik,1,False
4933407I08Rik,4,True
4933407K13Rik,6,True
4933407L21Rik,5,True
4933408A14Rik,0,False
4933408B17Rik,5,True
4933408J17Rik,1,False
4933408N05Rik,0,False
4933409D19Rik,0,False
4933409G03Rik,1,False
4933411E06Rik,0,False
4933411G06Rik,0,False
4933411K16Rik,1,False
4933411O13Rik,3,True
4933412A08Rik,3,True
4933412E24Rik,0,False
4933412L11Rik,1,False
4933413C19Rik,0,False
4933413G19Rik,4,True
4933413J09Rik,2,False
4933413L06Rik,3,True
4933414I15Rik,0,False
4933415A04Rik,6,True
4933415F23Rik,0,False
4933415J04Rik,0,False
4933416C03Rik,2,False
4933416E03Rik,0,False
4933416E14Rik,3,True
4933416I08Rik,0,False
4933416M07Rik,0,False
4933417A18Rik,0,False
4933417C20Rik,4,True
4933417D19Rik,1,False
4933417E11Rik,0,False
4933417G07Rik,6,True
4933417O13Rik,3,True
4933421A08Rik,3,True
4933421I07Rik,0,False
4933421O10Rik,6,True
4933423L19Rik,0,False
4933423P22Rik,6,True
4933424G06Rik,3,True
4933424H11Rik,0,False
4933424L21Rik,1,False
4933424M12Rik,1,False
4933424N20Rik,0,False
4933425D22Rik,0,False
4933425L06Rik,0,False
4933425M03Rik,0,False
4933426K07Rik,1,False
4933427D06Rik,1,False
4933427D14Rik,6,True
4933427E11Rik,3,True
4933427E13Rik,1,False
4933427G17Rik,1,False
4933427G23Rik,6,True
4933427I04Rik,2,False
4933427I22Rik,5,True
4933427J07Rik,3,True
4933428C19Rik,1,False
4933428G20Rik,4,True
4933428M09Rik,0,False
4933428P19Rik,0,False
4933429H19Rik,6,True
4933430H06Rik,1,False
4933430H16Rik,0,False
4933430I17Rik,5,True
4933430L12Rik,0,False
4933430M04Rik,0,False
4933430N04Rik,0,False
4933431C10Rik,0,False
4933431E20Rik,6,True
4933431G14Rik,1,False
4933431K14Rik,6,True
4933431K23Rik,6,True
4933431M02Rik,0,False
4933432K03Rik,2,False
4933433F19Rik,0,False
4933433G15Rik,3,True
4933434E20Rik,6,True
4933434M16Rik,1,False
4933435F18Rik,0,False
4933435G04Rik,0,False
4933436E23Rik,0,False
4933436F18Rik,1,False
4933436H12Rik,1,False
4933436I01Rik,0,False
4933436I20Rik,0,False
4933437G19Rik,1,False
4933438A12Rik,0,False
4933438B17Rik,1,False
4933438K21Rik,4,True
4933439C10Rik,6,True
4933439J24Rik,0,False
4933439K11Rik,1,False
4933439N06Rik,0,False
4933440J02Rik,0,False
4933440M02Rik,3,True
4933440N22Rik,5,True
5031410I06Rik,6,True
5031414D18Rik,4,True
5031415H12Rik,5,True
5031425E22Rik,6,True
5031425F14Rik,0,False
5031434C07Rik,3,True
5031434O11Rik,6,True
5031439G07Rik,6,True
5033403F01Rik,2,False
5033403H07Rik,1,False
5033404E19Rik,1,False
5033417F24Rik,5,True
5033423K11Rik,0,False
5033426O07Rik,6,True
5033428I22Rik,0,False
5033430I15Rik,5,True
5330406M23Rik,6,True
5330411J11Rik,2,False
5330411O13Rik,0,False
5330413D20Rik,1,False
5330413P13Rik,2,False
5330416C01Rik,6,True
5330417C22Rik,6,True
5330417H12Rik,0,False
5330425B07Rik,1,False
5330426L24Rik,1,False
5330429C05Rik,1,False
5330434G04Rik,6,True
5330437M03Rik,2,False
5330438D12Rik,6,True
5330438I03Rik,2,False
5330439A09Rik,0,False
5330439B14Rik,1,False
5330439K02Rik,5,True
5430400D12Rik,4,True
5430401F13Rik,0,False
5430402E10Rik,1,False
5430402O13Rik,6,True
5430403G16Rik,6,True
5430405H02Rik,6,True
5430416N02Rik,6,True
5430416O09Rik,2,False
5430419D17Rik,1,False
5430420F09Rik,0,False
5430427M07Rik,0,False
5430427N15Rik,2,False
5430427O19Rik,2,False
5430433H01Rik,0,False
5430434F05Rik,6,True
5430434I15Rik,0,False
5530400C23Rik,0,False
5530400K19Rik,1,False
5530401A14Rik,3,True
5530601H04Rik,6,True
5730403I07Rik,0,False
5730405O15Rik,6,True
5730408A14Rik,3,True
5730409E04Rik,6,True
5730412P04Rik,0,False
5730416F02Rik,4,True
5730419F03Rik,1,False
5730420D15Rik,0,False
5730422E09Rik,3,True
5730435O14Rik,0,False
5730437C11Rik,0,False
5730455P16Rik,6,True
5730460C07Rik,0,False
5730480H06Rik,6,True
5730488B01Rik,2,False
5730507A11Rik,5,True
5730507C01Rik,5,True
5730508B09Rik,2,False
5730522E02Rik,6,True
5730559C18Rik,6,True
5730585A16Rik,0,False
5730596B20Rik,1,False
5830405F06Rik,0,False
5830411K02Rik,0,False
5830411N06Rik,4,True
5830415G21Rik,0,False
5830416I19Rik,6,True
5830417I10Rik,6,True
5830418P13Rik,3,True
5830432E09Rik,6,True
5830437K03Rik,1,False
5830444B04Rik,5,True
5830444F18Rik,4,True
5830454E08Rik,6,True
5830462I19Rik,6,True
5830468F06Rik,0,False
5830473C10Rik,1,False
5830487J09Rik,4,True
5930403N24Rik,6,True
5930409G06Rik,3,True
5930412G12Rik,0,False
5930420M18Rik,6,True
5930422O12Rik,1,False
5930430L01Rik,6,True
5930435M05Rik,1,False
6030400A10Rik,4,True
6030407O03Rik,6,True
6030408B16Rik,3,True
6030419C18Rik,6,True
6030442E23Rik,0,False
6030442K20Rik,5,True
6030443J06Rik,6,True
6030445D17Rik,1,False
6030452D12Rik,0,False
6030458C11Rik,6,True
6030460B20Rik,3,True
6030468B19Rik,0,False
6030469F06Rik,0,False
6030471H07Rik,0,False
6030498E09Rik,0,False
6230400D17Rik,6,True
6330403A02Rik,6,True
6330403K07Rik,6,True
6330403L08Rik,6,True
6330403N20Rik,2,False
6330408A02Rik,6,True
6330409D20Rik,0,False
6330410L21Rik,2,False
6330415B21Rik,6,True
6330416G13Rik,6,True
6330418K02Rik,5,True
6330419E04Rik,0,False
6330549D23Rik,6,True
6330562C20Rik,5,True
6430500D05Rik,0,False
6430503K07Rik,6,True
6430511E19Rik,6,True
6430531B16Rik,2,False
6430548M08Rik,6,True
6430550D23Rik,6,True
6430562O15Rik,6,True
6430571L13Rik,6,True
6430573F11Rik,6,True
6430573P05Rik,4,True
6430584L05Rik,2,False
6430590A07Rik,6,True
6430628N08Rik,0,False
6430710C18Rik,1,False
6530401F13Rik,3,True
6530402F18Rik,5,True
6530403H02Rik,1,False
6530409C15Rik,6,True
6530411M01Rik,6,True
6530437J22Rik,6,True
6720427I07Rik,6,True
6720464F23Rik,6,True
6720469O03Rik,5,True
6720475M21Rik,2,False
6720482G16Rik,5,True
6720483E21Rik,5,True
6720489N17Rik,6,True
6820402A03Rik,4,True
6820408C15Rik,5,True
6820431F20Rik,6,True
7330404K18Rik,1,False
7330423F06Rik,1,False
7420426K07Rik,0,False
7420461P10Rik,1,False
7530416G11Rik,1,False
7530428D23Rik,6,True
7630403G23Rik,1,False
8030411F24Rik,0,False
8030423F21Rik,2,False
8030423J24Rik,0,False
8030442B05Rik,0,False
8030443G20Rik,0,False
8030445P17Rik,5,True
8030451A03Rik,5,True
8030453O22Rik,5,True
8030462N17Rik,5,True
8030474K03Rik,2,False
8030487O14Rik,0,False
8430408G22Rik,1,False
8430419K02Rik,0,False
8430422M14Rik,5,True
8430423G03Rik,1,False
8430429K09Rik,6,True
8430432A02Rik,2,False
8430436N08Rik,0,False
8430437L04Rik,0,False
9030204H09Rik,1,False
9030407P20Rik,6,True
9030612E09Rik,6,True
9030616G12Rik,0,False
9030617O03Rik,6,True
9030619P08Rik,0,False
9030622O22Rik,0,False
9030624G23Rik,0,False
9030624J02Rik,6,True
9130008F23Rik,0,False
9130011E15Rik,6,True
9130015G15Rik,3,True
9130015L21Rik,0,False
9130017K11Rik,0,False
9130019O22Rik,6,True
9130019P16Rik,3,True
9130023H24Rik,5,True
9130024F11Rik,0,False
9130204K15Rik,1,False
9130204L05Rik,0,False
9130208D14Rik,2,False
9130213A22Rik,5,True
9130221F21Rik,1,False
9130221H12Rik,5,True
9130227L01Rik,0,False
9130230L23Rik,2,False
9130230N09Rik,2,False
9130401M01Rik,6,True
9130409I23Rik,1,False
9130409J20Rik,0,False
9130410C08Rik,0,False
9130604C24Rik,5,True
9230009I02Rik,0,False
9230019H11Rik,0,False
9230020A06Rik,0,False
9230102O04Rik,0,False
9230104L09Rik,3,True
9230104M06Rik,3,True
9230105E05Rik,0,False
9230106D20Rik,1,False
9230109A22Rik,0,False
9230110C19Rik,5,True
9230110F15Rik,0,False
9230111E07Rik,0,False
9230112D13Rik,0,False
9230112E08Rik,4,True
9230113P08Rik,2,False
9230114J08Rik,0,False
9230114K14Rik,6,True
9230116N13Rik,5,True
9230117E06Rik,1,False
9330020H09Rik,6,True
9330102E08Rik,6,True
9330104G04Rik,4,True
9330111N05Rik,2,False
9330118I20Rik,3,True
9330121J05Rik,3,True
9330132A10Rik,3,True
9330136K24Rik,6,True
9330151L19Rik,6,True
9330154J02Rik,3,True
9330154K18Rik,1,False
9330158H04Rik,5,True
9330159F19Rik,6,True
9330159M07Rik,6,True
9330160F10Rik,4,True
9330161L09Rik,2,False
9330162012Rik,6,True
9330162B11Rik,0,False
9330162G02Rik,6,True
9330171B17Rik,2,False
9330175E14Rik,3,True
9330175M20Rik,0,False
9330178D15Rik,1,False
9330179D12Rik,5,True
9330182L06Rik,6,True
9330182O14Rik,1,False
9330185C12Rik,0,False
9330198N18Rik,2,False
9430002A10Rik,1,False
9430007A20Rik,1,False
9430007M09Rik,2,False
9430015G10Rik,6,True
9430016H08Rik,6,True
9430018G01Rik,1,False
9430020K01Rik,6,True
9430021M05Rik,5,True
9430024E24Rik,0,False
9430025C20Rik,5,True
9430034N14Rik,5,True
9430037G07Rik,6,True
9430037O13Rik,1,False
9430038I01Rik,6,True
9430041J12Rik,6,True
9430053O09Rik,6,True
9430060I03Rik,6,True
9430062P05Rik,3,True
9430064I24Rik,6,True
9430065F17Rik,6,True
9430069I07Rik,0,False
9430073C21Rik,1,False
9430076C15Rik,6,True
9430083B18Rik,0,False
9430087B13Rik,0,False
9430087J23Rik,5,True
9430091E24Rik,4,True
9430092D12Rik,6,True
9430093N23Rik,0,False
9430097D07Rik,1,False
9430098F02Rik,0,False
9530002B09Rik,0,False
9530003J23Rik,1,False
9530003O04Rik,5,True
9530013L04Rik,2,False
9530018H14Rik,0,False
9530022L04Rik,0,False
9530026F06Rik,2,False
9530026P05Rik,6,True
9530027J09Rik,5,True
9530034A14Rik,0,False
9530034E10Rik,4,True
9530036M11Rik,0,False
9530036O11Rik,1,False
9530046B11Rik,2,False
9530051G07Rik,5,True
9530052C20Rik,1,False
9530052E02Rik,2,False
9530053A07Rik,5,True
9530056K15Rik,2,False
9530059O14Rik,6,True
9530062K07Rik,5,True
9530068E07Rik,6,True
9530077C05Rik,6,True
9530078K11Rik,4,True
9530080O11Rik,3,True
9530082P21Rik,6,True
9530085L11Rik,5,True
9530085P06Rik,1,False
9530086O07Rik,2,False
9530097N15Rik,3,True
9630001P10Rik,6,True
9630010A21Rik,6,True
9630013D21Rik,5,True
9630013K17Rik,3,True
9630028B13Rik,2,False
9630028H03Rik,4,True
9630041A04Rik,1,False
9830004L10Rik,0,False
9830107B12Rik,2,False
9830132P13Rik,2,False
9830144P21Rik,6,True
9830147E19Rik,6,True
9930004E17Rik,0,False
9930012K11Rik,3,True
9930014A18Rik,6,True
9930021J03Rik,6,True
9930022D16Rik,1,False
9930038B18Rik,2,False
9930104L06Rik,6,True
9930111H07Rik,1,False
9930111J21Rik1,5,True
9930111J21Rik2,5,True
9930120I10Rik,0,False
A030005K14Rik,0,False
A030012G06Rik,1,False
A130006I12Rik,5,True
A130010J15Rik,6,True
A130014A01Rik,6,True
A130023I24Rik,0,False
A130030D18Rik,1,False
A130048G24Rik,2,False
A130050O07Rik,5,True
A130051J06Rik,6,True
A130057D12Rik,5,True
A130071D04Rik,1,False
A1bg,1,False
A1cf,1,False
A230001M10Rik,3,True
A230004M16Rik,5,True
A230005M16Rik,6,True
A230006K03Rik,3,True
A230009B12Rik,5,True
A230020J21Rik,1,False
A230028O05Rik,3,True
A230046K03Rik,6,True
A230050P20Rik,6,True
A230052G05Rik,0,False
A230056P14Rik,6,True
A230059L01Rik,2,False
A230060F14Rik,6,True
A230065H16Rik,0,False
A230065N10Rik,6,True
A230072C01Rik,6,True
A230072E10Rik,4,True
A230072I06Rik,0,False
A230077H06Rik,6,True
A230083G16Rik,3,True
A230083N12Rik,1,False
A230087F16Rik,2,False
A230103J11Rik,3,True
A230103L15Rik,6,True
A230107N01Rik,6,True
A230108P19Rik,2,False
A26c2,0,False
A2m,6,True
A330008L17Rik,2,False
A330009N23Rik,4,True
A330015K06Rik,5,True
A330017A19Rik,6,True
A330023F24Rik,6,True
A330032B11Rik,3,True
A330033J07Rik,6,True
A330035P11Rik,4,True
A330040F15Rik,4,True
A330041J22Rik,4,True
A330043C09Rik,1,False
A330044P14Rik,2,False
A330048O09Rik,6,True
A330058E17Rik,0,False
A330069E16Rik,6,True
A330069K06Rik,1,False
A330070K13Rik,0,False
A330074H02Rik,6,True
A330074K22Rik,2,False
A330076H08Rik,6,True
A330087D11Rik,2,False
A330093E20Rik,6,True
A330094K24Rik,0,False
A330102I10Rik,6,True
A3galt2,2,False
A430005L14Rik,6,True
A430010J10Rik,4,True
A430018G15Rik,6,True
A430027C01Rik,5,True
A430027H14Rik,5,True
A430033K04Rik,6,True
A430034D21Rik,0,False
A430035B10Rik,6,True
A430046D13Rik,6,True
A430048G15Rik,0,False
A430050A11Rik,0,False
A430057M04Rik,6,True
A430060F13Rik,1,False
A430072C10Rik,0,False
A430072P03Rik,0,False
A430073D23Rik,6,True
A430078G23Rik,2,False
A430078I02Rik,2,False
A430089I19Rik,0,False
A430093F15Rik,2,False
A430105I19Rik,6,True
A430105J06Rik,5,True
A430106G13Rik,5,True
A430108G06Rik,1,False
A430110C17Rik,4,True
A430110L20Rik,5,True
A4galt,5,True
A4gnt,0,False
A530006G24Rik,0,False
A530010F05Rik,1,False
A530013C23Rik,1,False
A530016L24Rik,0,False
A530017D24Rik,5,True
A530020G20Rik,0,False
A530021J07Rik,0,False
A530030E21Rik,0,False
A530032D15Rik,5,True
A530040E14Rik,4,True
A530041M06Rik,6,True
A530053G22Rik,0,False
A530053M12Rik,0,False
A530058N18Rik,2,False
A530064D06Rik,0,False
A530064N14Rik,6,True
A530072M11Rik,4,True
A530076I17Rik,4,True
A530083I20Rik,6,True
A530083M17Rik,3,True
A530084C06Rik,0,False
A530095I07Rik,1,False
A530099J19Rik,0,False
A630001G21Rik,1,False
A630009H07Rik,0,False
A630010A05Rik,0,False
A630012P03Rik,0,False
A630014C17Rik,5,True
A630023A22Rik,0,False
A630023P12Rik,0,False
A630031M04Rik,0,False
A630033H20Rik,0,False
A630035G10Rik,0,False
A630050E04Rik,1,False
A630052C17Rik,6,True
A630072L19Rik,3,True
A630072M18Rik,3,True
A630073D07Rik,1,False
A630075F10Rik,0,False
A630076J17Rik,0,False
A630081D01Rik,5,True
A630091E08Rik,0,False
A630095E13Rik,2,False
A630095N17Rik,0,False
A730004F24Rik,1,False
A730011C13Rik,5,True
A730013G03Rik,1,False
A730015C16Rik,3,True
A730017C20Rik,6,True
A730017L22Rik,6,True
A730018C14Rik,2,False
A730020E08Rik,6,True
A730020M07Rik,6,True
A730032A03Rik,0,False
A730035I17Rik,0,False
A730036I17Rik,6,True
A730045E13Rik,0,False
A730046J19Rik,0,False
A730049H05Rik,3,True
A730056A06Rik,5,True
A730060N03Rik,0,False
A730061H03Rik,2,False
A730062M13Rik,1,False
A730071L15Rik,1,False
A730081D07Rik,3,True
A730082K24Rik,0,False
A730085K08Rik,2,False
A730089K16Rik,1,False
A730090N16Rik,2,False
A730094K22Rik,4,True
A730098A19Rik,1,False
A830005F24Rik,4,True
A830008E24Rik,6,True
A830009L08Rik,5,True
A830010M20Rik,6,True
A830011K09Rik,5,True
A830012C17Rik,1,False
A830018L16Rik,6,True
A830019L24Rik,0,False
A830019P07Rik,4,True
A830029E22Rik,1,False
A830031A19Rik,0,False
A830035A12Rik,0,False
A830036E02Rik,2,False
A830039N20Rik,4,True
A830052D11Rik,2,False
A830073O21Rik,4,True
A830080D01Rik,6,True
A830082K12Rik,6,True
A830092H15Rik,3,True
A930001A20Rik,3,True
A930001C03Rik,1,False
A930002H02Rik,0,False
A930002H24Rik,4,True
A930002I21Rik,0,False
A930003A15Rik,6,True
A930003O13Rik,6,True
A930004D18Rik,6,True
A930004J17Rik,6,True
A930005G22Rik,5,True
A930005H10Rik,6,True
A930005N03Rik,3,True
A930006I01Rik,2,False
A930006K02Rik,5,True
A930006L05Rik,6,True
A930007I19Rik,5,True
A930009A15Rik,6,True
A930011G23Rik,6,True
A930012L18Rik,5,True
A930012O16Rik,3,True
A930014E01Rik,0,False
A930014E10Rik,0,False
A930015D03Rik,1,False
A930016O22Rik,1,False
A930017K11Rik,2,False
A930017M01Rik,6,True
A930018M24Rik,2,False
A930018P22Rik,0,False
A930019D19Rik,1,False
A930024E05Rik,6,True
A930024N18Rik,5,True
A930028O11Rik,0,False
A930029G22Rik,6,True
A930030B08Rik,0,False
A930031H19Rik,1,False
A930032L01Rik,5,True
A930033H14Rik,2,False
A930035D04Rik,2,False
A930036I15Rik,5,True
A930036K24Rik,0,False
A930038B10Rik,4,True
A930041C12Rik,2,False
A930104D05Rik,0,False
AA386476,4,True
AA387200,5,True
AA413626,2,False
AA414768,6,True
AA415398,6,True
AA465934,6,True
AA467197,3,True
AA474408,6,True
AA543186,5,True
AA543401,0,False
AA545190,0,False
AA619741,0,False
AA623943,0,False
AA645442,0,False
AA672651,1,False
AA792892,0,False
AA914427,3,True
AA986860,6,True
AB041806,2,False
AB124611,5,True
AC069308.1,0,False
AC084391.1,0,False
AC099760.1,0,False
AC099934.1,0,False
AC099934.2,0,False
AC117232.1,1,False
AC117240.1,0,False
AC121821.1,0,False
AC122546.1,0,False
AC122844.1,5,True
AC122844.3,6,True
AC124193.1,0,False
AC124457.1,2,False
AC124613.1,0,False
AC125099.1,0,False
AC125099.2,0,False
AC125167.1,0,False
AC133189.1,0,False
AC136146.1,0,False
AC137678.1,0,False
AC139131.1,0,False
AC139186.1,1,False
AC145392.1,0,False
AC147560.1,0,False
AC149057.2,4,True
AC151286.1,0,False
AC151602.13,0,False
AC151602.15,6,True
AC151967.1,6,True
AC153872.1,0,False
AC154296.1,0,False
AC154540.1,0,False
AC155839.1,0,False
AC156953.1,0,False
AC157602.1,0,False
AC157822.1,0,False
AC157822.2,0,False
AF067061,0,False
AF067063,1,False
AF357341,0,False
AF357399,2,False
AF357425,0,False
AF357428,0,False
AF366264,1,False
AF529169,6,True
AI115009,2,False
AI182371,2,False
AI314180,6,True
AI314278,0,False
AI413582,6,True
AI427809,2,False
AI429214,5,True
AI464131,6,True
AI467606,2,False
AI480526,6,True
AI481877,3,True
AI504432,5,True
AI506816,6,True
AI507597,0,False
AI593442,6,True
AI597479,6,True
AI606181,3,True
AI606473,2,False
AI607873,5,True
AI646519,0,False
AI661453,0,False
AI662270,1,False
AI837181,6,True
AI838599,3,True
AI839979,0,False
AI846148,6,True
AI847159,0,False
AI849053,6,True
AI854703,6,True
AI987944,6,True
AK010878,6,True
AK157302,6,True
AL593843.1,1,False
AL596383.1,1,False
AL603834.1,5,True
AL626808.1,0,False
AL645522.1,0,False
AL645739.1,0,False
AL672049.1,0,False
AL772271.1,0,False
AL845457.1,0,False
AL928567.1,0,False
AL954388.1,0,False
AU015228,5,True
AU015336,0,False
AU015836,1,False
AU016765,0,False
AU018091,2,False
AU019823,6,True
AU019990,1,False
AU020206,5,True
AU021092,1,False
AU022133,2,False
AU022252,6,True
AU022751,2,False
AU022754,4,True
AU023070,0,False
AU040320,6,True
AU040972,5,True
AU041133,6,True
AV026068,0,False
AV039307,6,True
AV064505,0,False
AV099323,6,True
AV320801,1,False
AV356131,6,True
AW011738,5,True
AW047730,6,True
AW112010,2,False
AW121686,2,False
AW146154,6,True
AW209491,6,True
AW495222,5,True
AW549877,6,True
AW551984,6,True
AW554918,6,True
AW822073,4,True
AW822252,6,True
AY036118,0,False
AY074887,6,True
AY358078,5,True
AY512915,1,False
AY512931,1,False
AY702102,0,False
AY702103,1,False
AY761184,0,False
AY761185,0,False
Aaas,6,True
Aacs,6,True
Aadac,1,False
Aadacl2,0,False
Aadacl3,0,False
Aadat,2,False
Aaed1,6,True
Aagab,6,True
Aak1,6,True
Aamdc,6,True
Aamp,6,True
Aanat,1,False
Aar2,6,True
Aard,4,True
Aars,6,True
Aars2,6,True
Aarsd1,6,True
Aasdh,6,True
Aasdhppt,6,True
Aass,6,True
Aatf,6,True
Aatk,6,True
Abat,6,True
Abca1,6,True
Abca12,3,True
Abca13,3,True
Abca14,2,False
Abca15,3,True
Abca16,1,False
Abca17,6,True
Abca2,6,True
Abca3,6,True
Abca4,3,True
Abca5,6,True
Abca6,6,True
Abca7,6,True
Abca8a,6,True
Abca8b,6,True
Abca9,6,True
Abcb10,6,True
Abcb11,2,False
Abcb1a,6,True
Abcb1b,6,True
Abcb4,6,True
Abcb5,3,True
Abcb6,6,True
Abcb7,6,True
Abcb8,6,True
Abcb9,6,True
Abcc1,6,True
Abcc10,6,True
Abcc12,3,True
Abcc2,3,True
Abcc3,4,True
Abcc4,6,True
Abcc5,6,True
Abcc6,2,False
Abcc8,5,True
Abcc9,4,True
Abcd1,6,True
Abcd2,6,True
Abcd3,6,True
Abcd4,6,True
Abce1,6,True
Abcf1,6,True
Abcf2,6,True
Abcf3,6,True
Abcg1,6,True
Abcg2,6,True
Abcg3,2,False
Abcg4,6,True
Abcg5,2,False
Abcg8,1,False
Abhd1,6,True
Abhd10,6,True
Abhd11,6,True
Abhd11os,4,True
Abhd12,6,True
Abhd12b,1,False
Abhd13,6,True
Abhd14a,6,True
Abhd14b,6,True
Abhd15,6,True
Abhd16a,6,True
Abhd16b,0,False
Abhd17a,6,True
Abhd17b,6,True
Abhd17c,6,True
Abhd18,6,True
Abhd2,6,True
Abhd3,6,True
Abhd4,6,True
Abhd5,6,True
Abhd6,6,True
Abhd8,6,True
Abi1,6,True
Abi2,6,True
Abi3,3,True
Abi3bp,6,True
Abl1,6,True
Abl2,6,True
Ablim1,6,True
Ablim2,6,True
Ablim3,6,True
Abo,0,False
Abr,6,True
Abra,2,False
Abracl,6,True
Abt1,6,True
Abtb1,6,True
Abtb2,6,True
Acaa1a,6,True
Acaa1b,6,True
Acaa2,6,True
Acaca,6,True
Acacb,6,True
Acad10,6,True
Acad11,6,True
Acad12,6,True
Acad8,6,True
Acad9,6,True
Acadl,6,True
Acadm,6,True
Acads,6,True
Acadsb,6,True
Acadvl,6,True
Acan,6,True
Acap1,2,False
Acap2,6,True
Acap3,6,True
Acat1,6,True
Acat2,6,True
Acat3,6,True
Acbd3,6,True
Acbd4,6,True
Acbd5,6,True
Acbd6,6,True
Acbd7,2,False
Accs,6,True
Accsl,2,False
Acd,6,True
Ace,6,True
Ace2,2,False
Ace3,0,False
Acer1,0,False
Acer2,6,True
Acer3,6,True
Ache,6,True
Acin1,6,True
Ackr1,4,True
Ackr2,3,True
Ackr3,6,True
Ackr4,4,True
Acly,6,True
Acmsd,4,True
Acnat1,1,False
Acnat2,6,True
Aco1,6,True
Aco2,6,True
Acod1,1,False
Acot1,6,True
Acot10,6,True
Acot11,6,True
Acot12,4,True
Acot13,6,True
Acot2,6,True
Acot3,6,True
Acot4,6,True
Acot5,6,True
Acot6,6,True
Acot7,6,True
Acot8,6,True
Acot9,6,True
Acox1,6,True
Acox2,3,True
Acox3,6,True
Acoxl,2,False
Acp1,6,True
Acp2,6,True
Acp5,0,False
Acp6,6,True
Acp7,1,False
Acpp,3,True
Acpt,0,False
Acr,2,False
Acrbp,6,True
Acrv1,2,False
Acsbg1,6,True
Acsbg2,3,True
Acsf2,6,True
Acsf3,6,True
Acsl1,6,True
Acsl3,6,True
Acsl4,6,True
Acsl5,5,True
Acsl6,6,True
Acsm1,2,False
Acsm2,3,True
Acsm3,4,True
Acsm4,0,False
Acsm5,2,False
Acss1,6,True
Acss2,6,True
Acss2os,6,True
Acss3,5,True
Acta1,6,True
Acta2,6,True
Actb,6,True
Actbl2,2,False
Actc1,0,False
Actg-ps1,6,True
Actg1,6,True
Actg2,0,False
Actl10,0,False
Actl11,1,False
Actl6a,6,True
Actl6b,6,True
Actl7a,0,False
Actl7b,0,False
Actl9,0,False
Actn1,6,True
Actn2,2,False
Actn3,1,False
Actn4,6,True
Actr10,6,True
Actr1a,6,True
Actr1b,6,True
Actr2,6,True
Actr3,6,True
Actr3b,6,True
Actr5,6,True
Actr6,6,True
Actr8,6,True
Actrt1,0,False
Actrt2,0,False
Actrt3,0,False
Acvr1,6,True
Acvr1b,6,True
Acvr1c,6,True
Acvr2a,6,True
Acvr2b,6,True
Acvrl1,2,False
Acy1,6,True
Acy3,5,True
Acyp1,6,True
Acyp2,6,True
Ada,5,True
Adad1,1,False
Adad2,1,False
Adal,6,True
Adam10,6,True
Adam11,6,True
Adam12,6,True
Adam15,6,True
Adam17,6,True
Adam18,5,True
Adam19,6,True
Adam1a,6,True
Adam1b,5,True
Adam2,1,False
Adam20,0,False
Adam21,4,True
Adam22,6,True
Adam23,6,True
Adam24,0,False
Adam25,0,False
Adam26a,1,False
Adam26b,1,False
Adam28,1,False
Adam29,0,False
Adam3,1,False
Adam30,0,False
Adam32,3,True
Adam33,5,True
Adam34,0,False
Adam39,0,False
Adam4,4,True
Adam5,4,True
Adam6a,1,False
Adam6b,2,False
Adam7,1,False
Adam8,5,True
Adam9,6,True
Adamdec1,0,False
Adamts1,6,True
Adamts10,6,True
Adamts12,4,True
Adamts13,6,True
Adamts14,3,True
Adamts15,2,False
Adamts16,6,True
Adamts17,5,True
Adamts18,6,True
Adamts19,2,False
Adamts2,4,True
Adamts20,6,True
Adamts3,5,True
Adamts4,6,True
Adamts5,6,True
Adamts6,6,True
Adamts7,6,True
Adamts8,4,True
Adamts9,6,True
Adamtsl1,6,True
Adamtsl2,5,True
Adamtsl3,6,True
Adamtsl4,6,True
Adamtsl5,6,True
Adap1,6,True
Adap2,6,True
Adap2os,5,True
Adar,6,True
Adarb1,6,True
Adarb2,6,True
Adat1,6,True
Adat2,5,True
Adat3,6,True
Adck1,6,True
Adck2,6,True
Adck3,6,True
Adck4,6,True
Adck5,6,True
Adcy1,6,True
Adcy10,5,True
Adcy2,6,True
Adcy3,6,True
Adcy4,2,False
Adcy5,6,True
Adcy6,6,True
Adcy7,5,True
Adcy8,6,True
Adcy9,6,True
Adcyap1,2,False
Adcyap1r1,6,True
Add1,6,True
Add2,6,True
Add3,6,True
Adgb,5,True
Adgra1,6,True
Adgra2,4,True
Adgra3,6,True
Adgrb1,6,True
Adgrb2,6,True
Adgrb3,6,True
Adgrd1,5,True
Adgrd2-ps,2,False
Adgre1,5,True
Adgre4,2,False
Adgre5,6,True
Adgrf1,1,False
Adgrf2,0,False
Adgrf3,1,False
Adgrf4,1,False
Adgrf5,3,True
Adgrg1,6,True
Adgrg2,2,False
Adgrg3,2,False
Adgrg4,2,False
Adgrg5,1,False
Adgrg6,4,True
Adgrg7,1,False
Adgrl1,6,True
Adgrl2,6,True
Adgrl3,6,True
Adgrl4,5,True
Adgrv1,6,True
Adh1,0,False
Adh4,0,False
Adh5,6,True
Adh6-ps1,0,False
Adh6a,1,False
Adh6b,0,False
Adh7,2,False
Adhfe1,6,True
Adi1,6,True
Adig,1,False
Adipoq,1,False
Adipor1,6,True
Adipor2,6,True
Adk,6,True
Adm,6,True
Adm2,0,False
Adnp,0,False
Adnp2,6,True
Ado,6,True
Adora1,6,True
Adora2a,6,True
Adora2b,6,True
Adora3,1,False
Adpgk,6,True
Adprh,6,True
Adprhl1,1,False
Adprhl2,6,True
Adprm,6,True
Adra1a,6,True
Adra1b,4,True
Adra1d,2,False
Adra2a,6,True
Adra2b,2,False
Adra2c,4,True
Adrb1,6,True
Adrb2,6,True
Adrb3,6,True
Adrbk1,6,True
Adrbk2,6,True
Adrm1,6,True
Adsl,6,True
Adss,6,True
Adssl1,6,True
Adtrp,2,False
Aebp1,6,True
Aebp2,6,True
Aen,6,True
Aes,6,True
Afap1,6,True
Afap1l1,6,True
Afap1l2,6,True
Aff1,6,True
Aff2,6,True
Aff3,6,True
Aff4,6,True
Afg3l1,6,True
Afg3l2,6,True
Afm,1,False
Afmid,4,True
Afp,1,False
Aftph,6,True
Aga,6,True
Agap1,6,True
Agap2,6,True
Agap3,6,True
Agbl1,1,False
Agbl2,6,True
Agbl3,6,True
Agbl4,5,True
Agbl5,6,True
Ager,4,True
Agfg1,6,True
Agfg2,6,True
Aggf1,6,True
Agk,6,True
Agl,6,True
Agmat,0,False
Agmo,6,True
Ago1,6,True
Ago2,6,True
Ago3,6,True
Ago4,6,True
Agpat1,6,True
Agpat2,6,True
Agpat3,6,True
Agpat4,6,True
Agpat5,6,True
Agpat9,3,True
Agps,6,True
Agr2,0,False
Agr3,2,False
Agrn,6,True
Agrp,3,True
Agt,6,True
Agtpbp1,6,True
Agtr1a,2,False
Agtr1b,1,False
Agtr2,0,False
Agtrap,6,True
Agxt,1,False
Agxt2,1,False
Ahctf1,6,True
Ahcy,6,True
Ahcyl1,6,True
Ahcyl2,6,True
Ahdc1,6,True
Ahi1,6,True
Ahnak,6,True
Ahnak2,2,False
Ahr,2,False
Ahrr,2,False
Ahsa1,6,True
Ahsa2,6,True
Ahsg,0,False
Aicda,1,False
Aida,6,True
Aif1,5,True
Aif1l,6,True
Aifm1,6,True
Aifm2,6,True
Aifm3,6,True
Aig1,6,True
Aim1,3,True
Aim1l,2,False
Aim2,6,True
Aimp1,6,True
Aimp2,6,True
Aip,6,True
Aipl1,2,False
Aire,2,False
Airn,5,True
Ajap1,6,True
Ajuba,5,True
Ak1,6,True
Ak2,6,True
Ak3,6,True
Ak3l2-ps,6,True
Ak4,6,True
Ak5,6,True
Ak6,6,True
Ak7,1,False
Ak8,1,False
Ak9,5,True
Akain1,2,False
Akap1,6,True
Akap10,6,True
Akap11,6,True
Akap12,6,True
Akap13,6,True
Akap14,0,False
Akap17b,6,True
Akap2,3,True
Akap3,0,False
Akap4,1,False
Akap5,6,True
Akap6,6,True
Akap7,6,True
Akap8,6,True
Akap8l,6,True
Akap9,6,True
Akip1,6,True
Akirin1,6,True
Akirin1-ps,6,True
Akirin2,6,True
Akna,5,True
Aknad1,1,False
Aknaos,1,False
Akp-ps1,1,False
Akp3,1,False
Akr1a1,6,True
Akr1b10,6,True
Akr1b3,6,True
Akr1b7,6,True
Akr1b8,6,True
Akr1c12,3,True
Akr1c13,2,False
Akr1c14,2,False
Akr1c18,0,False
Akr1c19,1,False
Akr1c20,0,False
Akr1c21,1,False
Akr1c6,1,False
Akr1cl,1,False
Akr1d1,1,False
Akr1e1,6,True
Akr7a5,6,True
Akt1,6,True
Akt1s1,6,True
Akt2,6,True
Akt2-ps,6,True
Akt3,6,True
Aktip,6,True
Alad,6,True
Alas1,6,True
Alas2,4,True
Alb,2,False
Alcam,6,True
Aldh16a1,6,True
Aldh18a1,6,True
Aldh1a1,6,True
Aldh1a2,3,True
Aldh1a3,6,True
Aldh1a7,6,True
Aldh1b1,5,True
Aldh1l1,6,True
Aldh1l2,6,True
Aldh2,6,True
Aldh3a1,1,False
Aldh3a2,6,True
Aldh3b1,6,True
Aldh3b2,6,True
Aldh3b3,6,True
Aldh4a1,6,True
Aldh5a1,6,True
Aldh6a1,6,True
Aldh7a1,6,True
Aldh8a1,1,False
Aldh9a1,6,True
Aldoa,6,True
Aldoart1,6,True
Aldoart2,6,True
Aldob,2,False
Aldoc,6,True
Alg1,6,True
Alg10b,6,True
Alg11,6,True
Alg12,6,True
Alg13,6,True
Alg14,6,True
Alg2,6,True
Alg3,6,True
Alg5,6,True
Alg6,6,True
Alg8,6,True
Alg9,6,True
Alk,5,True
Alkbh1,6,True
Alkbh2,6,True
Alkbh3,6,True
Alkbh3os1,4,True
Alkbh4,6,True
Alkbh5,6,True
Alkbh6,6,True
Alkbh7,6,True
Alkbh8,6,True
Allc,3,True
Alms1,6,True
Alms1-ps1,6,True
Alms1-ps2,6,True
Alox12,1,False
Alox12b,0,False
Alox12e,0,False
Alox15,2,False
Alox5,5,True
Alox5ap,6,True
Alox8,6,True
Aloxe3,4,True
Alpi,2,False
Alpk1,6,True
Alpk2,6,True
Alpk3,6,True
Alpl,6,True
Alppl2,2,False
Als2,6,True
Als2cl,6,True
Als2cr11,1,False
Als2cr11b,1,False
Als2cr12,0,False
Alx1,0,False
Alx3,1,False
Alx4,1,False
Alyref,6,True
Alyref2,6,True
Amacr,6,True
Ambn,1,False
Ambp,0,False
Ambra1,6,True
Amd-ps1,6,True
Amd-ps3,6,True
Amd-ps4,6,True
Amd-ps5,6,True
Amd1,6,True
Amd2,6,True
Amdhd1,2,False
Amdhd2,6,True
Amelx,0,False
Amer1,6,True
Amer2,6,True
Amer3,5,True
Amfr,6,True
Amh,1,False
Amhr2,5,True
Amica1,0,False
Amigo1,6,True
Amigo2,6,True
Amigo3,2,False
Ammecr1,6,True
Ammecr1l,6,True
Amn,0,False
Amn1,6,True
Amot,5,True
Amotl1,6,True
Amotl2,6,True
Ampd1,2,False
Ampd2,6,True
Ampd3,6,True
Amph,6,True
Amt,6,True
Amtn,0,False
Amy1,6,True
Amy2-ps1,0,False
Amy2a1,0,False
Amy2a2,2,False
Amy2a3,2,False
Amy2a4,1,False
Amy2a5,1,False
Amy2b,1,False
Amz1,6,True
Amz2,6,True
Anapc1,6,True
Anapc10,6,True
Anapc11,6,True
Anapc13,6,True
Anapc15,6,True
Anapc15-ps,6,True
Anapc16,6,True
Anapc2,6,True
Anapc4,6,True
Anapc5,6,True
Anapc7,6,True
Ang,4,True
Ang-ps1,0,False
Ang-ps2,0,False
Ang-ps3,0,False
Ang2,0,False
Ang4,0,False
Ang5,0,False
Ang6,0,False
Angel1,6,True
Angel2,6,True
Angpt1,6,True
Angpt2,6,True
Angpt4,2,False
Angptl1,6,True
Angptl2,5,True
Angptl3,4,True
Angptl4,6,True
Angptl6,6,True
Angptl7,4,True
Angptl8,2,False
Ank,6,True
Ank1,6,True
Ank2,6,True
Ank3,6,True
Ankar,1,False
Ankdd1a,1,False
Ankdd1b,6,True
Ankef1,5,True
Ankfy1,6,True
Ankhd1,6,True
Ankib1,6,True
Ankk1,2,False
Ankle1,6,True
Ankle2,6,True
Ankmy1,3,True
Ankmy2,6,True
Ankra2,6,True
Ankrd1,0,False
Ankrd10,6,True
Ankrd11,6,True
Ankrd12,6,True
Ankrd13a,6,True
Ankrd13b,6,True
Ankrd13c,6,True
Ankrd13d,6,True
Ankrd16,6,True
Ankrd17,6,True
Ankrd2,3,True
Ankrd22,1,False
Ankrd23,6,True
Ankrd24,6,True
Ankrd26,6,True
Ankrd27,6,True
Ankrd28,6,True
Ankrd29,6,True
Ankrd31,1,False
Ankrd33,0,False
Ankrd33b,4,True
Ankrd34a,5,True
Ankrd34b,5,True
Ankrd34c,1,False
Ankrd35,5,True
Ankrd36,1,False
Ankrd37,5,True
Ankrd39,6,True
Ankrd40,6,True
Ankrd42,6,True
Ankrd44,6,True
Ankrd45,6,True
Ankrd46,6,True
Ankrd49,6,True
Ankrd50,6,True
Ankrd52,6,True
Ankrd53,0,False
Ankrd54,6,True
Ankrd55,1,False
Ankrd6,6,True
Ankrd60,0,False
Ankrd61,6,True
Ankrd63,1,False
Ankrd65,1,False
Ankrd66,5,True
Ankrd7,1,False
Ankrd9,5,True
Anks1,6,True
Anks1b,6,True
Anks3,6,True
Anks4b,0,False
Anks6,6,True
Ankub1,4,True
Ankzf1,6,True
Anln,6,True
Ano1,5,True
Ano10,6,True
Ano2,4,True
Ano3,6,True
Ano4,6,True
Ano5,6,True
Ano6,6,True
Ano7,2,False
Ano8,6,True
Ano9,2,False
Anp32-ps,6,True
Anp32a,6,True
Anp32b,6,True
Anp32b-ps1,6,True
Anp32e,6,True
Anpep,3,True
Antxr1,6,True
Antxr2,6,True
Antxrl,0,False
Anxa1,0,False
Anxa10,0,False
Anxa11,5,True
Anxa11os,3,True
Anxa13,0,False
Anxa2,6,True
Anxa3,6,True
Anxa4,6,True
Anxa5,6,True
Anxa6,6,True
Anxa7,6,True
Anxa8,1,False
Anxa9,5,True
Aoah,3,True
Aoc1,1,False
Aoc2,3,True
Aoc3,1,False
Aox1,6,True
Aox2,2,False
Aox3,2,False
Aox4,4,True
Ap1ar,6,True
Ap1b1,6,True
Ap1g1,6,True
Ap1g2,5,True
Ap1m1,6,True
Ap1m2,1,False
Ap1s1,6,True
Ap1s2,6,True
Ap1s3,1,False
Ap2a1,6,True
Ap2a2,6,True
Ap2b1,6,True
Ap2m1,6,True
Ap2s1,6,True
Ap3b1,6,True
Ap3b2,6,True
Ap3d1,6,True
Ap3m1,6,True
Ap3m1-ps,6,True
Ap3m2,6,True
Ap3s1,6,True
Ap3s1-ps1,6,True
Ap3s1-ps2,6,True
Ap3s2,6,True
Ap4b1,6,True
Ap4e1,6,True
Ap4m1,6,True
Ap4s1,6,True
Ap5b1,6,True
Ap5m1,6,True
Ap5s1,6,True
Ap5z1,6,True
Apaf1,5,True
Apba1,6,True
Apba2,6,True
Apba3,6,True
Apbb1,6,True
Apbb1ip,6,True
Apbb2,6,True
Apc,6,True
Apc-ps1,1,False
Apc2,6,True
Apcdd1,6,True
Apcs,1,False
Apeh,6,True
Apela,0,False
Apex1,6,True
Apex2,6,True
Aph1a,6,True
Aph1b,6,True
Aph1c,6,True
Api5,6,True
Api5-ps,0,False
Apip,6,True
Apitd1,6,True
Aplf,6,True
Apln,6,True
Aplnr,0,False
Aplp1,6,True
Aplp2,6,True
Apmap,6,True
Apoa1,6,True
Apoa1bp,6,True
Apoa2,2,False
Apoa4,2,False
Apoa5,0,False
Apob,2,False
Apobec1,6,True
Apobec2,5,True
Apobec3,6,True
Apobec4,3,True
Apobr,5,True
Apoc1,6,True
Apoc2,0,False
Apoc3,4,True
Apoc4,1,False
Apod,6,True
Apoe,6,True
Apof,0,False
Apoh,1,False
Apol10a,2,False
Apol10b,1,False
Apol11a,0,False
Apol11b,2,False
Apol6,2,False
Apol7a,6,True
Apol7b,0,False
Apol7c,3,True
Apol7d,1,False
Apol7e,1,False
Apol8,2,False
Apol9a,0,False
Apol9b,0,False
Apold1,6,True
Apom,0,False
Apon,0,False
Apoo,6,True
Apoo-ps,6,True
Apool,6,True
Apopt1,6,True
App,6,True
Appbp2,6,True
Appbp2os,3,True
Appl1,6,True
Appl2,6,True
Aprt,6,True
Aptx,6,True
Aqp1,3,True
Aqp10-ps,3,True
Aqp11,6,True
Aqp12,1,False
Aqp2,4,True
Aqp3,1,False
Aqp4,6,True
Aqp5,4,True
Aqp6,0,False
Aqp7,0,False
Aqp8,0,False
Aqp9,6,True
Aqr,6,True
Ar,5,True
Araf,6,True
Arap1,6,True
Arap2,6,True
Arap3,4,True
Arc,5,True
Arcn1,6,True
Areg,0,False
Arel1,6,True
Arf1,6,True
Arf2,6,True
Arf3,6,True
Arf4,6,True
Arf4os,3,True
Arf5,6,True
Arf6,6,True
Arfgap1,6,True
Arfgap2,6,True
Arfgap3,6,True
Arfgef1,6,True
Arfgef2,6,True
Arfgef3,6,True
Arfip1,6,True
Arfip2,6,True
Arfrp1,6,True
Arg1,2,False
Arg2,4,True
Arglu1,6,True
Arhgap1,6,True
Arhgap10,6,True
Arhgap11a,6,True
Arhgap12,6,True
Arhgap15,6,True
Arhgap15os,0,False
Arhgap17,6,True
Arhgap18,5,True
Arhgap19,6,True
Arhgap20,6,True
Arhgap20os,6,True
Arhgap21,6,True
Arhgap22,4,True
Arhgap23,6,True
Arhgap24,6,True
Arhgap25,4,True
Arhgap26,6,True
Arhgap27,4,True
Arhgap27os1,0,False
Arhgap27os2,2,False
Arhgap27os3,1,False
Arhgap28,3,True
Arhgap29,4,True
Arhgap30,4,True
Arhgap31,6,True
Arhgap32,6,True
Arhgap33,6,True
Arhgap33os,2,False
Arhgap35,6,True
Arhgap36,4,True
Arhgap39,6,True
Arhgap4,4,True
Arhgap40,2,False
Arhgap42,6,True
Arhgap44,6,True
Arhgap5,6,True
Arhgap6,3,True
Arhgap8,4,True
Arhgap9,3,True
Arhgdia,6,True
Arhgdib,5,True
Arhgdig,6,True
Arhgef1,6,True
Arhgef10,6,True
Arhgef10l,6,True
Arhgef11,6,True
Arhgef12,6,True
Arhgef15,5,True
Arhgef16,2,False
Arhgef17,6,True
Arhgef18,6,True
Arhgef19,6,True
Arhgef2,6,True
Arhgef25,6,True
Arhgef26,6,True
Arhgef28,6,True
Arhgef3,6,True
Arhgef33,1,False
Arhgef37,5,True
Arhgef38,2,False
Arhgef39,5,True
Arhgef4,6,True
Arhgef40,6,True
Arhgef5,4,True
Arhgef6,6,True
Arhgef7,6,True
Arhgef9,6,True
Arid1a,6,True
Arid1b,6,True
Arid2,6,True
Arid3a,5,True
Arid3b,6,True
Arid3c,2,False
Arid4a,6,True
Arid4b,6,True
Arid5a,6,True
Arid5b,6,True
Arih1,6,True
Arih2,6,True
Arl1,6,True
Arl10,6,True
Arl11,1,False
Arl13a,1,False
Arl13b,6,True
Arl14,0,False
Arl14ep,6,True
Arl14epl,0,False
Arl15,6,True
Arl16,6,True
Arl2,6,True
Arl2bp,6,True
Arl3,6,True
Arl4a,6,True
Arl4aos,0,False
Arl4c,6,True
Arl4d,6,True
Arl5a,6,True
Arl5b,6,True
Arl5c,6,True
Arl6,6,True
Arl6ip1,6,True
Arl6ip4,6,True
Arl6ip5,6,True
Arl6ip6,6,True
Arl8a,6,True
Arl8b,6,True
Arl9,3,True
Armc1,6,True
Armc10,6,True
Armc12,1,False
Armc2,6,True
Armc3,3,True
Armc4,1,False
Armc5,6,True
Armc6,6,True
Armc7,6,True
Armc8,6,True
Armc9,6,True
Armcx1,6,True
Armcx2,6,True
Armcx3,6,True
Armcx4,5,True
Armcx5,6,True
Armcx6,6,True
Armt1,6,True
Arnt,6,True
Arnt2,6,True
Arntl,6,True
Arntl2,5,True
Arpc1a,6,True
Arpc1b,6,True
Arpc2,6,True
Arpc3,6,True
Arpc4,6,True
Arpc5,6,True
Arpc5l,6,True
Arpin,6,True
Arpp19,6,True
Arpp21,6,True
Arr3,1,False
Arrb1,6,True
Arrb2,6,True
Arrdc1,6,True
Arrdc2,6,True
Arrdc3,6,True
Arrdc4,6,True
Arrdc5,0,False
Arsa,6,True
Arsb,6,True
Arsg,6,True
Arsi,1,False
Arsj,4,True
Arsk,6,True
Art1,4,True
Art2a-ps,0,False
Art2b,0,False
Art3,2,False
Art4,1,False
Art5,1,False
Artn,4,True
Arv1,6,True
Arvcf,6,True
Arx,6,True
Arxes1,6,True
Arxes2,6,True
As3mt,6,True
Asah1,6,True
Asah2,4,True
Asap1,6,True
Asap2,6,True
Asap3,6,True
Asb1,6,True
Asb10,3,True
Asb11,4,True
Asb12,1,False
Asb13,6,True
Asb14,3,True
Asb15,1,False
Asb16,0,False
Asb17,0,False
Asb17os,0,False
Asb18,5,True
Asb2,1,False
Asb3,6,True
Asb4,2,False
Asb5,6,True
Asb6,6,True
Asb7,6,True
Asb8,6,True
Asb9,0,False
Ascc1,6,True
Ascc2,6,True
Ascc3,6,True
Ascl1,6,True
Ascl2,3,True
Ascl3,3,True
Ascl4,5,True
Ascl5,0,False
Asf1a,6,True
Asf1b,6,True
Asgr1,3,True
Asgr2,2,False
Ash1l,6,True
Ash2l,6,True
Asic1,6,True
Asic2,6,True
Asic3,2,False
Asic4,6,True
Asic5,1,False
Asl,6,True
Asmt,0,False
Asna1,6,True
Asns,6,True
Asnsd1,6,True
Aspa,6,True
Aspdh,3,True
Aspg,6,True
Asph,6,True
Asphd1,5,True
Asphd2,6,True
Aspm,5,True
Aspn,2,False
Asprv1,2,False
Aspscr1,6,True
Asrgl1,6,True
Ass-ps1,1,False
Ass1,6,True
Aste1,5,True
Astl,0,False
Astn1,6,True
Astn2,6,True
Astx1a,0,False
Astx1b,0,False
Astx1c,0,False
Astx2,0,False
Astx3,0,False
Astx4a,0,False
Astx4b,0,False
Astx4c,0,False
Astx4d,0,False
Astx5,0,False
Astx6,0,False
Asun,6,True
Asxl1,6,True
Asxl2,6,True
Asxl3,6,True
Asz1,1,False
Atad1,6,True
Atad2,6,True
Atad2b,6,True
Atad3a,6,True
Atad3aos,6,True
Atad5,6,True
Atat1,6,True
Atcay,6,True
Atcayos,6,True
Ate1,6,True
Atf1,6,True
Atf2,6,True
Atf3,6,True
Atf4,6,True
Atf5,6,True
Atf6,6,True
Atf6b,6,True
Atf7,6,True
Atf7ip,6,True
Atf7ip2,1,False
Atg10,6,True
Atg101,6,True
Atg12,6,True
Atg13,6,True
Atg14,6,True
Atg16l1,6,True
Atg16l2,6,True
Atg2a,6,True
Atg2b,6,True
Atg3,6,True
Atg4a,6,True
Atg4a-ps,5,True
Atg4b,6,True
Atg4c,6,True
Atg4d,6,True
Atg5,6,True
Atg7,6,True
Atg9a,6,True
Atg9b,3,True
Athl1,6,True
Atic,6,True
Atl1,6,True
Atl2,6,True
Atl3,6,True
Atm,6,True
Atmin,6,True
Atn1,6,True
Atoh1,0,False
Atoh7,2,False
Atoh8,6,True
Atox1,6,True
Atp10a,2,False
Atp10b,5,True
Atp10d,6,True
Atp11a,6,True
Atp11b,6,True
Atp11c,6,True
Atp12a,1,False
Atp13a1,6,True
Atp13a2,6,True
Atp13a3,6,True
Atp13a4,6,True
Atp13a5,6,True
Atp1a1,6,True
Atp1a2,6,True
Atp1a3,6,True
Atp1a4,6,True
Atp1b1,6,True
Atp1b2,6,True
Atp1b3,6,True
Atp1b4,0,False
Atp2a1,3,True
Atp2a2,6,True
Atp2a3,2,False
Atp2b1,6,True
Atp2b2,6,True
Atp2b3,6,True
Atp2b4,6,True
Atp2c1,6,True
Atp2c2,3,True
Atp4a,5,True
Atp4b,1,False
Atp5a1,6,True
Atp5b,6,True
Atp5c1,6,True
Atp5d,6,True
Atp5e,6,True
Atp5f1,6,True
Atp5g1,6,True
Atp5g2,6,True
Atp5g3,6,True
Atp5h,6,True
Atp5j,6,True
Atp5j2,6,True
Atp5k,6,True
Atp5k-ps2,6,True
Atp5l,6,True
Atp5l-ps1,6,True
Atp5l-ps2,6,True
Atp5l2-ps,6,True
Atp5o,6,True
Atp5s,6,True
Atp5sl,6,True
Atp6ap1,6,True
Atp6ap1l,6,True
Atp6ap2,6,True
Atp6v0a1,6,True
Atp6v0a2,6,True
Atp6v0a4,2,False
Atp6v0b,6,True
Atp6v0c,6,True
Atp6v0c-ps1,6,True
Atp6v0d1,6,True
Atp6v0d2,1,False
Atp6v0e,6,True
Atp6v0e2,6,True
Atp6v1a,6,True
Atp6v1b1,1,False
Atp6v1b2,6,True
Atp6v1c1,6,True
Atp6v1c2,4,True
Atp6v1d,6,True
Atp6v1e1,6,True
Atp6v1e2,1,False
Atp6v1f,6,True
Atp6v1g1,6,True
Atp6v1g2,6,True
Atp6v1g3,0,False
Atp6v1h,6,True
Atp7a,6,True
Atp7b,6,True
Atp8a1,6,True
Atp8a2,6,True
Atp8b1,3,True
Atp8b2,6,True
Atp8b3,4,True
Atp8b4,3,True
Atp8b5,6,True
Atp9a,6,True
Atp9b,6,True
Atpaf1,6,True
Atpaf2,6,True
Atpif1,6,True
Atr,6,True
Atraid,6,True
Atrip,6,True
Atrn,6,True
Atrnl1,5,True
Atrx,6,True
Atxn1,6,True
Atxn10,6,True
Atxn1l,6,True
Atxn2,6,True
Atxn2l,6,True
Atxn3,6,True
Atxn7,6,True
Atxn7l1,6,True
Atxn7l1os1,2,False
Atxn7l1os2,3,True
Atxn7l2,6,True
Atxn7l3,6,True
Atxn7l3b,6,True
Auh,6,True
Aunip,5,True
Aup1,6,True
Aurka,6,True
Aurkaip1,6,True
Aurkb,5,True
Aurkc,0,False
Auts2,6,True
Aven,6,True
Avil,3,True
Avl9,6,True
Avp,1,False
Avpi1,6,True
Avpr1a,1,False
Avpr1b,1,False
Avpr2,0,False
Awat1,2,False
Awat2,2,False
Axdnd1,4,True
Axin1,6,True
Axin2,6,True
Axl,6,True
Aym1,0,False
Azgp1,0,False
Azi2,6,True
Azin1,6,True
Azin2,6,True
B020004C17Rik,2,False
B020004J07Rik,0,False
B020011L13Rik,1,False
B020017C02Rik,0,False
B020031M17Rik,0,False
B130006D01Rik,4,True
B130011K05Rik,1,False
B130021K23Rik,6,True
B130024G19Rik,5,True
B130034C11Rik,6,True
B130046B21Rik,6,True
B130055M24Rik,6,True
B230104I21Rik,6,True
B230110C06Rik,1,False
B230110G15Rik,0,False
B230112G18Rik,2,False
B230112I24Rik,1,False
B230112J18Rik,6,True
B230118H07Rik,6,True
B230119M05Rik,2,False
B230206H07Rik,3,True
B230206I08Rik,1,False
B230206L02Rik,6,True
B230207O21Rik,0,False
B230208B08Rik,0,False
B230208H11Rik,4,True
B230209E15Rik,6,True
B230216N24Rik,5,True
B230217C12Rik,6,True
B230217O12Rik,5,True
B230219D22Rik,6,True
B230303O12Rik,5,True
B230307C23Rik,6,True
B230311B06Rik,6,True
B230312C02Rik,6,True
B230317F23Rik,5,True
B230319C09Rik,5,True
B230322F03Rik,5,True
B230323A14Rik,2,False
B230334C09Rik,6,True
B230344G16Rik,1,False
B230354K17Rik,6,True
B230359F08Rik,2,False
B230364G03Rik,1,False
B230369F24Rik,6,True
B230377A18Rik,4,True
B230398E01Rik,1,False
B2m,6,True
B330016D10Rik,5,True
B3galnt1,6,True
B3galnt2,6,True
B3galt1,6,True
B3galt2,6,True
B3galt4,6,True
B3galt5,6,True
B3galt6,6,True
B3gat1,6,True
B3gat2,6,True
B3gat3,6,True
B3glct,6,True
B3gnt2,4,True
B3gnt3,0,False
B3gnt4,1,False
B3gnt5,6,True
B3gnt6,1,False
B3gnt7,6,True
B3gnt8,6,True
B3gnt9,3,True
B3gntl1,6,True
B430010I23Rik,2,False
B430119L08Rik,0,False
B430203G13Rik,0,False
B430212C06Rik,6,True
B430218F22Rik,4,True
B430219N15Rik,6,True
B430305J03Rik,0,False
B430306N03Rik,2,False
B430319H21Rik,0,False
B4galnt1,6,True
B4galnt2,1,False
B4galnt3,3,True
B4galnt4,6,True
B4galt1,6,True
B4galt2,6,True
B4galt3,6,True
B4galt4,6,True
B4galt5,6,True
B4galt6,6,True
B4galt7,6,True
B4gat1,6,True
B530045E10Rik,2,False
B630005N14Rik,6,True
B630019A10Rik,1,False
B630019K06Rik,6,True
B830012L14Rik,1,False
B830042I05Rik,0,False
B930025P03Rik,1,False
B930036N10Rik,6,True
B930041F14Rik,6,True
B930082K07Rik,6,True
B930094E09Rik,5,True
B930095G15Rik,6,True
B9d1,6,True
B9d1os,5,True
B9d2,6,True
BB014433,0,False
BB019430,0,False
BB031773,0,False
BB114814,1,False
BB187690,0,False
BB218582,6,True
BB287469,2,False
BB365896,5,True
BB557941,2,False
BC001981,6,True
BC002059,6,True
BC002163,6,True
BC002189,0,False
BC003331,6,True
BC003965,6,True
BC004004,6,True
BC005537,6,True
BC005561,6,True
BC005624,6,True
BC006965,6,True
BC016548,3,True
BC016579,3,True
BC017158,6,True
BC017643,6,True
BC018473,3,True
BC021614,0,False
BC021767,2,False
BC021891,1,False
BC022687,6,True
BC022960,6,True
BC023105,2,False
BC023719,0,False
BC023829,6,True
BC024139,3,True
BC024978,6,True
BC025446,0,False
BC025920,5,True
BC026585,6,True
BC026762,1,False
BC027072,2,False
BC028471,2,False
BC028528,5,True
BC028777,0,False
BC029214,6,True
BC029722,6,True
BC030336,6,True
BC030343,4,True
BC030499,5,True
BC030500,4,True
BC030867,5,True
BC030870,0,False
BC031181,6,True
BC034090,6,True
BC035044,2,False
BC035947,3,True
BC037032,6,True
BC037034,6,True
BC037039,6,True
BC037156,1,False
BC039771,4,True
BC039966,1,False
BC043934,3,True
BC046251,2,False
BC046401,5,True
BC048403,5,True
BC048502,0,False
BC048507,6,True
BC048546,6,True
BC048559,0,False
BC048562,0,False
BC048609,0,False
BC048644,2,False
BC048671,1,False
BC048679,0,False
BC049352,1,False
BC049702,0,False
BC049715,4,True
BC049730,0,False
BC049739,0,False
BC049762,3,True
BC050972,3,True
BC051019,3,True
BC051076,0,False
BC051077,6,True
BC051142,6,True
BC051226,6,True
BC051537,0,False
BC051628,4,True
BC051665,1,False
BC052040,5,True
BC053393,0,False
BC055308,3,True
BC055324,5,True
BC055402,6,True
BC060293,5,True
BC061195,0,False
BC061212,1,False
BC061237,0,False
BC064078,6,True
BC065397,6,True
BC065403,0,False
BC067074,6,True
BC068281,5,True
BC080695,1,False
BC080696,1,False
BC085271,6,True
BC089491,2,False
BC089597,1,False
BC094916,2,False
BC100451,2,False
BC100530,0,False
BC106179,2,False
BC107364,0,False
BC117090,0,False
BC147527,0,False
BE692007,1,False
BX530055.1,0,False
Baalc,6,True
Baat,0,False
Babam1,6,True
Bace1,6,True
Bace2,5,True
Bach1,6,True
Bach2,6,True
Bach2it1,4,True
Bach2os,1,False
Bad,6,True
Bag1,6,True
Bag2,6,True
Bag3,6,True
Bag4,6,True
Bag5,6,True
Bag6,6,True
Bahcc1,6,True
Bahd1,6,True
Baiap2,6,True
Baiap2l1,6,True
Baiap2l2,5,True
Baiap3,4,True
Bak1,6,True
Bambi,6,True
Bambi-ps1,6,True
Banf1,6,True
Banf2,0,False
Banf2os,0,False
Bank1,5,True
Banp,6,True
Bap1,6,True
Bard1,5,True
Barhl1,0,False
Barhl2,1,False
Barx1,2,False
Barx2,1,False
Basp1,6,True
Batf,0,False
Batf2,6,True
Batf3,3,True
Bax,6,True
Baz1a,5,True
Baz1b,6,True
Baz2a,6,True
Baz2b,6,True
Bbc3,5,True
Bbip1,6,True
Bbof1,6,True
Bbox1,6,True
Bbs1,6,True
Bbs10,6,True
Bbs12,5,True
Bbs2,6,True
Bbs4,6,True
Bbs5,6,True
Bbs7,6,True
Bbs9,6,True
Bbx,6,True
Bc1-ps1,0,False
Bcam,6,True
Bcan,6,True
Bcap29,6,True
Bcap31,6,True
Bcar1,6,True
Bcar3,6,True
Bcas1,6,True
Bcas1os1,6,True
Bcas1os2,6,True
Bcas2,6,True
Bcas3,6,True
Bcas3os1,5,True
Bcas3os2,2,False
Bcat1,6,True
Bcat2,6,True
Bccip,6,True
Bcdin3d,5,True
Bche,6,True
Bckdha,6,True
Bckdhb,6,True
Bckdk,6,True
Bcl10,6,True
Bcl11a,6,True
Bcl11b,6,True
Bcl2,6,True
Bcl2a1a,1,False
Bcl2a1b,2,False
Bcl2a1c,0,False
Bcl2a1d,2,False
Bcl2l1,6,True
Bcl2l10,1,False
Bcl2l11,6,True
Bcl2l12,6,True
Bcl2l13,6,True
Bcl2l14,1,False
Bcl2l15,1,False
Bcl2l2,6,True
Bcl3,0,False
Bcl6,6,True
Bcl6b,5,True
Bcl7a,6,True
Bcl7b,6,True
Bcl7c,6,True
Bcl9,6,True
Bcl9l,6,True
Bclaf1,6,True
Bco1,0,False
Bco2,6,True
Bcor,6,True
Bcorl1,6,True
Bcr,6,True
Bcs1l,6,True
Bdh1,6,True
Bdh2,5,True
Bdkrb1,0,False
Bdkrb2,2,False
Bdnf,6,True
Bdp1,6,True
Bean1,6,True
Becn1,6,True
Begain,5,True
Bend3,6,True
Bend4,5,True
Bend5,6,True
Bend6,6,True
Bend7,5,True
Best1,3,True
Best2,1,False
Best3,5,True
Best4-ps,0,False
Bet1,6,True
Bet1l,6,True
Bex1,6,True
Bex2,6,True
Bex4,6,True
Bex6,0,False
Bfar,6,True
Bfsp1,2,False
Bfsp2,6,True
Bglap,2,False
Bglap2,2,False
Bglap3,2,False
Bgn,6,True
Bhlha15,3,True
Bhlha9,2,False
Bhlhb9,6,True
Bhlhe22,6,True
Bhlhe23,0,False
Bhlhe40,6,True
Bhlhe41,6,True
Bhmt,1,False
Bhmt-ps1,0,False
Bhmt2,0,False
Bicc1,6,True
Bicd1,6,True
Bicd2,6,True
Bid,6,True
Bik,2,False
Bin1,6,True
Bin2,6,True
Bin3,6,True
Birc2,6,True
Birc3,6,True
Birc5,6,True
Birc6,6,True
Birc7,4,True
Bivm,6,True
Blcap,6,True
Blk,0,False
Blm,6,True
Blmh,6,True
Blnk,6,True
Bloc1s1,6,True
Bloc1s2,6,True
Bloc1s2-ps,6,True
Bloc1s3,6,True
Bloc1s4,6,True
Bloc1s5,6,True
Bloc1s6,6,True
Bloc1s6os,3,True
Bloodlinc,0,False
Blvra,6,True
Blvrb,6,True
Blzf1,6,True
Bmf,5,True
Bmi1,6,True
Bmp1,6,True
Bmp10,2,False
Bmp15,2,False
Bmp2,6,True
Bmp2k,6,True
Bmp3,6,True
Bmp4,5,True
Bmp5,0,False
Bmp6,4,True
Bmp7,6,True
Bmp8a,1,False
Bmp8b,4,True
Bmper,6,True
Bmpr1a,6,True
Bmpr1b,6,True
Bmpr2,6,True
Bms1,6,True
Bmx,0,False
Bmyc,6,True
Bnc1,1,False
Bnc2,2,False
Bnip1,6,True
Bnip2,6,True
Bnip3,6,True
Bnip3l,6,True
Bnip3l-ps,6,True
Bnipl,2,False
Boc,6,True
Bod1,6,True
Bod1l,6,True
Bok,6,True
Bola1,6,True
Bola2,6,True
Bola3,6,True
Boll,0,False
Bop1,6,True
Bora,5,True
Borcs5,6,True
Borcs6,6,True
Borcs7,6,True
Borcs8,6,True
Bpgm,6,True
Bphl,6,True
Bpi,1,False
Bpifa1,0,False
Bpifa2,1,False
Bpifa3,0,False
Bpifa5,1,False
Bpifa6,1,False
Bpifb1,2,False
Bpifb2,1,False
Bpifb3,2,False
Bpifb4,0,False
Bpifb5,2,False
Bpifb6,1,False
Bpifb9a,2,False
Bpifb9b,2,False
Bpifc,2,False
Bpnt1,6,True
Bptf,6,True
Braf,6,True
Brap,6,True
Brat1,6,True
Brca1,6,True
Brca2,6,True
Brcc3,6,True
Brd1,6,True
Brd2,6,True
Brd3,6,True
Brd4,6,True
Brd7,6,True
Brd8,6,True
Brd9,6,True
Brdt,6,True
Bre,6,True
Brf1,6,True
Brf2,6,True
Bri3,6,True
Bri3bp,6,True
Bricd5,0,False
Brinp1,6,True
Brinp2,6,True
Brinp3,6,True
Brip1,6,True
Brip1os,6,True
Brix1,6,True
Brk1,6,True
Brms1,6,True
Brms1l,6,True
Brox,6,True
Brpf1,6,True
Brpf3,6,True
Brs3,0,False
Brsk1,6,True
Brsk2,6,True
Brwd1,6,True
Brwd3,6,True
Bscl2,6,True
Bsdc1,6,True
Bsg,6,True
Bsn,6,True
Bsnd,1,False
Bsph1,0,False
Bsph2,0,False
Bsph2-ps,0,False
Bspry,3,True
Bst1,1,False
Bst2,6,True
Bsx,0,False
Btaf1,6,True
Btbd1,6,True
Btbd10,6,True
Btbd11,6,True
Btbd16,3,True
Btbd17,6,True
Btbd18,2,False
Btbd19,6,True
Btbd2,6,True
Btbd3,6,True
Btbd6,6,True
Btbd7,6,True
Btbd8,6,True
Btbd9,6,True
Btc,3,True
Btd,6,True
Btf3,6,True
Btf3l4,6,True
Btg1,6,True
Btg1-ps1,0,False
Btg1-ps2,2,False
Btg2,6,True
Btg3,6,True
Btg4,0,False
Btk,4,True
Btla,1,False
Btn1a1,2,False
Btn2a2,0,False
Btnl1,1,False
Btnl10,1,False
Btnl2,2,False
Btnl4,1,False
Btnl5-ps,0,False
Btnl6,0,False
Btnl7-ps,1,False
Btnl9,2,False
Btrc,6,True
Bub1,6,True
Bub1b,6,True
Bub3,6,True
Bud13,6,True
Bud31,6,True
Bves,5,True
Bvht,3,True
Bysl,6,True
Bzrap1,6,True
Bzw1,6,True
Bzw2,6,True
C030005K06Rik,6,True
C030005K15Rik,0,False
C030007H22Rik,1,False
C030010L15Rik,3,True
C030013C21Rik,1,False
C030013D06Rik,0,False
C030014I23Rik,6,True
C030015A19Rik,3,True
C030015E24Rik,2,False
C030017D09Rik,0,False
C030017G13Rik,6,True
C030018K13Rik,6,True
C030027H14Rik,1,False
C030032O16Rik,1,False
C030034I22Rik,6,True
C030034L19Rik,1,False
C030037D09Rik,6,True
C030037F17Rik,0,False
C030038I04Rik,1,False
C030039L03Rik,6,True
C030047K22Rik,3,True
C030048H21Rik,1,False
C130012C08Rik,2,False
C130013H08Rik,5,True
C130021I20Rik,3,True
C130023A14Rik,6,True
C130026I21Rik,3,True
C130026L21Rik,4,True
C130032M10Rik,0,False
C130036L24Rik,5,True
C130046K22Rik,1,False
C130050O18Rik,3,True
C130060C02Rik,3,True
C130060K24Rik,0,False
C130071C03Rik,6,True
C130073F10Rik,0,False
C130074G19Rik,4,True
C130075A20Rik,6,True
C130079G13Rik,0,False
C130080G10Rik,0,False
C130083A15Rik,2,False
C130083M11Rik,3,True
C130089K02Rik,5,True
C130093G08Rik,3,True
C1d,6,True
C1galt1,6,True
C1galt1c1,6,True
C1qa,6,True
C1qb,6,True
C1qbp,6,True
C1qc,6,True
C1ql1,6,True
C1ql2,6,True
C1ql3,6,True
C1ql4,0,False
C1qtnf1,3,True
C1qtnf2,6,True
C1qtnf3,1,False
C1qtnf4,6,True
C1qtnf5,0,False
C1qtnf6,5,True
C1qtnf7,3,True
C1qtnf9,0,False
C1ra,4,True
C1rb,4,True
C1rl,3,True
C1s1,3,True
C1s2,3,True
C2,5,True
C230004F18Rik,6,True
C230012O17Rik,2,False
C230014O12Rik,0,False
C230021G24Rik,3,True
C230024C17Rik,0,False
C230029F24Rik,0,False
C230031I18Rik,5,True
C230034O21Rik,5,True
C230035I16Rik,6,True
C230037L18Rik,6,True
C230038L03Rik,0,False
C230057A21Rik,2,False
C230062I16Rik,6,True
C230066G23Rik,4,True
C230071H17Rik,6,True
C230085N15Rik,5,True
C230088H06Rik,2,False
C230096K16Rik,6,True
C2cd2,6,True
C2cd2l,6,True
C2cd3,6,True
C2cd4a,0,False
C2cd4b,0,False
C2cd4c,5,True
C2cd4d,3,True
C2cd5,6,True
C3,4,True
C330002G04Rik,0,False
C330006A16Rik,6,True
C330007P06Rik,6,True
C330011M18Rik,4,True
C330013E15Rik,6,True
C330013J21Rik,2,False
C330018A13Rik,1,False
C330018D20Rik,6,True
C330019F10Rik,1,False
C330021F23Rik,5,True
C330022C24Rik,0,False
C330024D21Rik,1,False
C330027C09Rik,6,True
C3ar1,4,True
C430002N11Rik,1,False
C430014B12Rik,6,True
C430019N01Rik,1,False
C430039J01Rik,2,False
C430039J16Rik,0,False
C430042M11Rik,0,False
C430049B03Rik,4,True
C430049E01Rik,2,False
C4a,6,True
C4b,6,True
C4bp,2,False
C4bp-ps1,0,False
C530005A16Rik,6,True
C530008M17Rik,6,True
C530025M09Rik,0,False
C530043A13Rik,2,False
C530043K16Rik,5,True
C530044C16Rik,5,True
C530050E15Rik,4,True
C5ar1,5,True
C5ar2,5,True
C6,1,False
C630004L07Rik,4,True
C630004M23Rik,5,True
C630028M04Rik,0,False
C630043F03Rik,6,True
C630050I24Rik,1,False
C7,0,False
C730034F03Rik,5,True
C730036E19Rik,0,False
C730045M19Rik,3,True
C77080,6,True
C77370,6,True
C78197,2,False
C78283,0,False
C78334,0,False
C79130,3,True
C79798,0,False
C820005J03Rik,0,False
C87198,0,False
C87414,1,False
C87436,6,True
C87499,0,False
C87977,1,False
C8a,0,False
C8b,2,False
C8g,6,True
C9,0,False
C920006O11Rik,6,True
C920008G01Rik,1,False
C920009B18Rik,3,True
C920021L13Rik,6,True
C920025E04Rik,6,True
CH25-501L8.2,2,False
CH25-501L8.4,2,False
CH25-501L8.5,6,True
CH25-588N10.1,1,False
CH25-588N10.2,6,True
CH36-204O7.1,1,False
CK137956,4,True
CN725425,3,True
Caap1,6,True
Cab39,6,True
Cab39l,6,True
Cabin1,6,True
Cables1,6,True
Cables2,6,True
Cabp1,6,True
Cabp2,3,True
Cabp4,1,False
Cabp5,1,False
Cabp7,6,True
Cabs1,0,False
Cabyr,4,True
Cacfd1,6,True
Cachd1,6,True
Cacna1a,6,True
Cacna1b,6,True
Cacna1c,6,True
Cacna1d,6,True
Cacna1e,6,True
Cacna1f,1,False
Cacna1g,6,True
Cacna1h,6,True
Cacna1i,4,True
Cacna1s,1,False
Cacna2d1,6,True
Cacna2d2,6,True
Cacna2d3,6,True
Cacna2d4,5,True
Cacnb1,6,True
Cacnb2,6,True
Cacnb3,6,True
Cacnb4,6,True
Cacng1,1,False
Cacng2,4,True
Cacng3,4,True
Cacng4,6,True
Cacng5,6,True
Cacng6,2,False
Cacng7,6,True
Cacng8,6,True
Cactin,6,True
Cacul1,6,True
Cacybp,6,True
Cad,6,True
Cadm1,6,True
Cadm2,6,True
Cadm3,6,True
Cadm4,6,True
Cadps,6,True
Cadps2,6,True
Cage1,6,True
Calb1,6,True
Calb2,6,True
Calca,1,False
Calcb,0,False
Calcoco1,6,True
Calcoco2,0,False
Calcr,1,False
Calcrl,6,True
Cald1,6,True
Calhm1,0,False
Calhm2,6,True
Calhm3,0,False
Calm1,6,True
Calm2,6,True
Calm3,6,True
Calm4,0,False
Calm5,0,False
Calml3,0,False
Calml4,0,False
Caln1,6,True
Calr,6,True
Calr-ps,6,True
Calr3,6,True
Calr4,4,True
Calu,6,True
Caly,6,True
Camk1,6,True
Camk1d,6,True
Camk1g,6,True
Camk2a,6,True
Camk2b,6,True
Camk2d,6,True
Camk2g,6,True
Camk2n1,6,True
Camk2n2,6,True
Camk4,6,True
Camkk1,6,True
Camkk2,6,True
Camkmt,6,True
Camkv,6,True
Caml,6,True
Camp,0,False
Camsap1,6,True
Camsap2,6,True
Camsap3,6,True
Camta1,6,True
Camta2,6,True
Cand1,6,True
Cand2,6,True
Cant1,6,True
Canx,6,True
Cap1,6,True
Cap2,6,True
Capg,5,True
Capn1,5,True
Capn10,6,True
Capn11,4,True
Capn12,2,False
Capn13,2,False
Capn15,6,True
Capn2,6,True
Capn3,6,True
Capn5,6,True
Capn6,4,True
Capn7,6,True
Capn8,1,False
Capn9,5,True
Capns1,6,True
Capns2,4,True
Caprin1,6,True
Caprin2,6,True
Caps2,5,True
Capsl,2,False
Capza1,6,True
Capza2,6,True
Capza3,0,False
Capzb,6,True
Car1,0,False
Car10,6,True
Car11,6,True
Car12,5,True
Car13,0,False
Car14,6,True
Car15,2,False
Car2,6,True
Car3,2,False
Car4,5,True
Car5a,0,False
Car5b,6,True
Car6,3,True
Car7,5,True
Car8,6,True
Car9,2,False
Card10,6,True
Card11,2,False
Card14,2,False
Card19,6,True
Card6,5,True
Card9,5,True
Carf,6,True
Carhsp1,6,True
Carkd,6,True
Carlr,3,True
Carm1,6,True
Carmn,0,False
Carnmt1,6,True
Carns1,6,True
Cars,6,True
Cars2,6,True
Cartpt,0,False
Casc1,6,True
Casc3,6,True
Casc4,6,True
Casc5,6,True
Casd1,6,True
Cask,6,True
Caskin1,6,True
Caskin2,6,True
Casp1,4,True
Casp12,0,False
Casp14,1,False
Casp16-ps,0,False
Casp2,6,True
Casp3,6,True
Casp4,3,True
Casp6,6,True
Casp7,6,True
Casp8,5,True
Casp8ap2,6,True
Casp9,6,True
Casq1,4,True
Casq2,2,False
Casr,3,True
Cass4,2,False
Cast,3,True
Casz1,2,False
Cat,6,True
Catip,6,True
Catsper1,0,False
Catsper2,6,True
Catsper3,4,True
Catsper4,1,False
Catsperb,1,False
Catsperd,6,True
Catsperg1,5,True
Catsperg2,4,True
Cav1,6,True
Cav2,6,True
Cav3,1,False
Cbarp,6,True
Cbfa2t2,6,True
Cbfa2t2-ps1,4,True
Cbfa2t3,6,True
Cbfb,6,True
Cbl,6,True
Cblb,6,True
Cblc,2,False
Cbll1,6,True
Cbln1,1,False
Cbln2,1,False
Cbln3,1,False
Cbln4,3,True
Cbr1,6,True
Cbr2,6,True
Cbr3,6,True
Cbr4,6,True
Cbs,6,True
Cbwd1,6,True
Cbx1,6,True
Cbx2,6,True
Cbx3,6,True
Cbx3-ps1,6,True
Cbx3-ps2,6,True
Cbx3-ps3,0,False
Cbx3-ps4,6,True
Cbx3-ps5,6,True
Cbx3-ps6,6,True
Cbx3-ps7,6,True
Cbx4,6,True
Cbx5,6,True
Cbx6,6,True
Cbx7,6,True
Cbx8,6,True
Cby1,6,True
Cby3,5,True
Cc2d1a,6,True
Cc2d1b,6,True
Cc2d2a,6,True
Cc2d2b,0,False
Ccar1,6,True
Ccar2,6,True
Ccbe1,6,True
Ccbl1,6,True
Ccbl2,6,True
Ccdc102a,6,True
Ccdc103,5,True
Ccdc105,1,False
Ccdc106,6,True
Ccdc107,6,True
Ccdc108,2,False
Ccdc109b,3,True
Ccdc110,1,False
Ccdc112,5,True
Ccdc113,1,False
Ccdc114,6,True
Ccdc115,6,True
Ccdc116,4,True
Ccdc117,6,True
Ccdc12,6,True
Ccdc120,5,True
Ccdc121,4,True
Ccdc122,6,True
Ccdc124,6,True
Ccdc125,6,True
Ccdc126,6,True
Ccdc127,6,True
Ccdc129,2,False
Ccdc13,6,True
Ccdc130,6,True
Ccdc134,6,True
Ccdc136,6,True
Ccdc137,6,True
Ccdc138,6,True
Ccdc14,6,True
Ccdc141,6,True
Ccdc142,5,True
Ccdc142os,5,True
Ccdc144b,2,False
Ccdc146,6,True
Ccdc148,6,True
Ccdc149,6,True
Ccdc15,5,True
Ccdc150,2,False
Ccdc151,4,True
Ccdc152,3,True
Ccdc153,0,False
Ccdc154,1,False
Ccdc155,4,True
Ccdc157,6,True
Ccdc158,3,True
Ccdc159,6,True
Ccdc160,6,True
Ccdc162,6,True
Ccdc163,6,True
Ccdc166,6,True
Ccdc167,6,True
Ccdc169,1,False
Ccdc17,6,True
Ccdc170,0,False
Ccdc171,6,True
Ccdc172,0,False
Ccdc173,6,True
Ccdc174,6,True
Ccdc175,2,False
Ccdc177,6,True
Ccdc178,3,True
Ccdc18,6,True
Ccdc180,1,False
Ccdc181,6,True
Ccdc182,0,False
Ccdc183,2,False
Ccdc184,6,True
Ccdc185,0,False
Ccdc186,6,True
Ccdc187,0,False
Ccdc188,0,False
Ccdc189,6,True
Ccdc190,6,True
Ccdc191,6,True
Ccdc22,4,True
Ccdc24,5,True
Ccdc25,6,True
Ccdc27,2,False
Ccdc28a,6,True
Ccdc28b,6,True
Ccdc3,5,True
Ccdc30,6,True
Ccdc32,6,True
Ccdc33,2,False
Ccdc34,6,True
Ccdc34os,0,False
Ccdc36,6,True
Ccdc38,6,True
Ccdc39,6,True
Ccdc40,5,True
Ccdc42,0,False
Ccdc42os,0,False
Ccdc43,6,True
Ccdc47,6,True
Ccdc50,6,True
Ccdc50-ps,6,True
Ccdc51,5,True
Ccdc53,6,True
Ccdc54,0,False
Ccdc57,6,True
Ccdc58,6,True
Ccdc59,6,True
Ccdc6,6,True
Ccdc60,3,True
Ccdc61,6,True
Ccdc62,6,True
Ccdc63,5,True
Ccdc64,6,True
Ccdc64b,1,False
Ccdc65,4,True
Ccdc66,6,True
Ccdc67,3,True
Ccdc68,0,False
Ccdc69,5,True
Ccdc70,1,False
Ccdc71,6,True
Ccdc71l,6,True
Ccdc73,6,True
Ccdc74a,6,True
Ccdc77,6,True
Ccdc78,6,True
Ccdc79,1,False
Ccdc7a,0,False
Ccdc7b,2,False
Ccdc8,6,True
Ccdc80,6,True
Ccdc81,1,False
Ccdc82,6,True
Ccdc83,2,False
Ccdc84,5,True
Ccdc85a,6,True
Ccdc85b,6,True
Ccdc85c,0,False
Ccdc86,6,True
Ccdc87,3,True
Ccdc88a,6,True
Ccdc88b,2,False
Ccdc88c,6,True
Ccdc89,4,True
Ccdc9,6,True
Ccdc90b,6,True
Ccdc91,6,True
Ccdc92,6,True
Ccdc92b,6,True
Ccdc93,6,True
Ccdc94,6,True
Ccdc96,5,True
Ccdc97,6,True
Ccer1,2,False
Ccer2,0,False
Cchcr1,6,True
Ccin,1,False
Cck,6,True
Cckar,0,False
Cckbr,0,False
Ccl1,1,False
Ccl11,0,False
Ccl12,6,True
Ccl17,2,False
Ccl19,1,False
Ccl19-ps1,0,False
Ccl19-ps3,1,False
Ccl2,6,True
Ccl20,0,False
Ccl21a,5,True
Ccl21b,5,True
Ccl22,5,True
Ccl24,4,True
Ccl25,6,True
Ccl26,1,False
Ccl27a,6,True
Ccl27b,6,True
Ccl28,5,True
Ccl3,6,True
Ccl4,5,True
Ccl5,2,False
Ccl6,6,True
Ccl7,6,True
Ccl8,5,True
Ccl9,3,True
Ccm2,6,True
Ccm2l,1,False
Ccna1,4,True
Ccna2,6,True
Ccnb1,6,True
Ccnb1ip1,3,True
Ccnb2,6,True
Ccnb2-ps,6,True
Ccnb3,1,False
Ccnc,6,True
Ccnd1,6,True
Ccnd2,6,True
Ccnd3,6,True
Ccnd3-ps,6,True
Ccndbp1,6,True
Ccne1,6,True
Ccne2,6,True
Ccnf,6,True
Ccng1,6,True
Ccng2,6,True
Ccnh,6,True
Ccni,6,True
Ccnj,6,True
Ccnjl,6,True
Ccnk,6,True
Ccnl1,6,True
Ccnl2,6,True
Ccno,2,False
Ccnt1,6,True
Ccnt2,6,True
Ccny,6,True
Ccnyl1,5,True
Ccp110,6,True
Ccpg1,6,True
Ccpg1os,6,True
Ccr1,4,True
Ccr10,3,True
Ccr1l1,0,False
Ccr2,1,False
Ccr3,1,False
Ccr4,0,False
Ccr5,3,True
Ccr6,1,False
Ccr7,1,False
Ccr8,0,False
Ccr9,3,True
Ccrl2,6,True
Ccs,6,True
Ccsap,6,True
Ccser1,6,True
Ccser2,6,True
Cct2,6,True
Cct3,6,True
Cct3-ps1,6,True
Cct4,6,True
Cct5,6,True
Cct6a,6,True
Cct6b,5,True
Cct7,6,True
Cct8,6,True
Cct8l1,1,False
Ccz1,6,True
Cd101,3,True
Cd109,3,True
Cd14,6,True
Cd151,6,True
Cd160,1,False
Cd163,6,True
Cd163l1,1,False
Cd164,6,True
Cd164l2,6,True
Cd177,1,False
Cd180,3,True
Cd19,1,False
Cd1d1,5,True
Cd1d2,5,True
Cd2,0,False
Cd200,6,True
Cd200r1,4,True
Cd200r2,0,False
Cd200r3,1,False
Cd200r4,1,False
Cd207,1,False
Cd209a,5,True
Cd209b,5,True
Cd209c,2,False
Cd209d,0,False
Cd209e,0,False
Cd209f,6,True
Cd209g,6,True
Cd22,3,True
Cd226,1,False
Cd244,1,False
Cd247,5,True
Cd248,5,True
Cd24a,6,True
Cd27,6,True
Cd274,5,True
Cd276,6,True
Cd28,2,False
Cd2ap,6,True
Cd2bp2,6,True
Cd300a,6,True
Cd300c,1,False
Cd300c2,6,True
Cd300e,1,False
Cd300lb,0,False
Cd300ld,4,True
Cd300ld2,2,False
Cd300ld3,4,True
Cd300ld4,2,False
Cd300ld5,2,False
Cd300lf,2,False
Cd300lg,3,True
Cd302,6,True
Cd320,6,True
Cd33,5,True
Cd34,5,True
Cd36,4,True
Cd37,3,True
Cd38,6,True
Cd3d,0,False
Cd3e,2,False
Cd3eap,6,True
Cd3g,0,False
Cd4,2,False
Cd40,2,False
Cd40lg,1,False
Cd44,6,True
Cd46,6,True
Cd47,6,True
Cd48,3,True
Cd5,0,False
Cd52,3,True
Cd53,6,True
Cd55,5,True
Cd55b,2,False
Cd59a,5,True
Cd59b,4,True
Cd5l,1,False
Cd6,3,True
Cd63,6,True
Cd63-ps,6,True
Cd68,6,True
Cd69,1,False
Cd7,0,False
Cd70,5,True
Cd72,3,True
Cd74,4,True
Cd79a,0,False
Cd79b,5,True
Cd80,4,True
Cd81,6,True
Cd82,6,True
Cd83,6,True
Cd84,4,True
Cd86,5,True
Cd8a,1,False
Cd8b1,0,False
Cd9,6,True
Cd9-ps,6,True
Cd93,5,True
Cd96,0,False
Cd99l2,6,True
Cda,2,False
Cdadc1,6,True
Cdan1,6,True
Cdc123,6,True
Cdc14a,6,True
Cdc14b,6,True
Cdc16,6,True
Cdc20,5,True
Cdc20b,0,False
Cdc23,6,True
Cdc25a,6,True
Cdc25b,6,True
Cdc25c,5,True
Cdc26,6,True
Cdc27,6,True
Cdc34,6,True
Cdc34b,5,True
Cdc37,6,True
Cdc37l1,6,True
Cdc40,6,True
Cdc42,6,True
Cdc42bpa,6,True
Cdc42bpb,6,True
Cdc42bpg,6,True
Cdc42ep1,6,True
Cdc42ep2,6,True
Cdc42ep3,6,True
Cdc42ep4,6,True
Cdc42ep5,5,True
Cdc42se1,6,True
Cdc42se2,6,True
Cdc45,6,True
Cdc5l,6,True
Cdc6,6,True
Cdc7,6,True
Cdc73,6,True
Cdca2,6,True
Cdca3,6,True
Cdca4,6,True
Cdca5,6,True
Cdca7,5,True
Cdca7l,6,True
Cdca8,6,True
Cdcp1,1,False
Cdcp2,0,False
Cdh1,0,False
Cdh10,6,True
Cdh11,6,True
Cdh12,4,True
Cdh13,6,True
Cdh15,4,True
Cdh16,1,False
Cdh17,2,False
Cdh18,6,True
Cdh19,6,True
Cdh2,6,True
Cdh20,6,True
Cdh22,5,True
Cdh23,3,True
Cdh24,4,True
Cdh26,2,False
Cdh3,2,False
Cdh4,6,True
Cdh5,1,False
Cdh6,6,True
Cdh7,4,True
Cdh8,5,True
Cdh9,5,True
Cdhr1,4,True
Cdhr2,1,False
Cdhr3,1,False
Cdhr4,3,True
Cdhr5,1,False
Cdip1,6,True
Cdipt,6,True
Cdk1,6,True
Cdk10,6,True
Cdk11b,6,True
Cdk12,6,True
Cdk13,6,True
Cdk14,6,True
Cdk15,2,False
Cdk16,6,True
Cdk17,6,True
Cdk18,6,True
Cdk19,6,True
Cdk19os,3,True
Cdk2,6,True
Cdk20,6,True
Cdk2ap1,6,True
Cdk2ap2,6,True
Cdk3-ps,3,True
Cdk4,6,True
Cdk5,6,True
Cdk5r1,6,True
Cdk5r2,5,True
Cdk5rap1,6,True
Cdk5rap2,6,True
Cdk5rap3,6,True
Cdk6,6,True
Cdk7,6,True
Cdk8,6,True
Cdk9,6,True
Cdkal1,6,True
Cdkl1,1,False
Cdkl2,6,True
Cdkl3,6,True
Cdkl4,5,True
Cdkl5,6,True
Cdkn1a,6,True
Cdkn1b,6,True
Cdkn1c,5,True
Cdkn2a,0,False
Cdkn2aip,6,True
Cdkn2aipnl,6,True
Cdkn2b,5,True
Cdkn2c,6,True
Cdkn2d,6,True
Cdkn3,5,True
Cdnf,4,True
Cdo1,6,True
Cdon,5,True
Cdpf1,6,True
Cdr1,6,True
Cdr2,3,True
Cdr2l,6,True
Cdrt4,2,False
Cdrt4os1,4,True
Cdrt4os2,0,False
Cds1,4,True
Cds2,6,True
Cdsn,1,False
Cdt1,6,True
Cdv3,6,True
Cdx1,0,False
Cdx2,0,False
Cdx4,0,False
Cdyl,6,True
Cdyl2,6,True
Ceacam-ps1,0,False
Ceacam1,6,True
Ceacam10,0,False
Ceacam11,1,False
Ceacam12,1,False
Ceacam13,0,False
Ceacam14,1,False
Ceacam15,3,True
Ceacam16,1,False
Ceacam18,0,False
Ceacam19,2,False
Ceacam2,5,True
Ceacam20,1,False
Ceacam3,1,False
Ceacam5,2,False
Ceacam9,0,False
Cebpa,6,True
Cebpb,5,True
Cebpd,5,True
Cebpe,1,False
Cebpg,6,True
Cebpz,6,True
Cebpzos,6,True
Cecr2,6,True
Cecr5,6,True
Cecr6,6,True
Cel,0,False
Cela1,6,True
Cela2a,0,False
Cela3a,0,False
Cela3b,0,False
Celf1,6,True
Celf2,6,True
Celf3,6,True
Celf4,6,True
Celf5,6,True
Celf6,4,True
Celrr,6,True
Celsr1,6,True
Celsr2,6,True
Celsr3,6,True
Cemip,5,True
Cend1,6,True
Cenpa,6,True
Cenpb,6,True
Cenpc1,6,True
Cenpe,6,True
Cenpf,6,True
Cenph,6,True
Cenpi,5,True
Cenpj,6,True
Cenpk,5,True
Cenpl,6,True
Cenpm,5,True
Cenpn,5,True
Cenpo,6,True
Cenpp,5,True
Cenpq,6,True
Cenpt,6,True
Cenpu,6,True
Cenpv,6,True
Cenpw,6,True
Cep104,6,True
Cep112,6,True
Cep112it,1,False
Cep112os1,1,False
Cep120,6,True
Cep126,6,True
Cep128,6,True
Cep131,6,True
Cep135,6,True
Cep152,6,True
Cep162,6,True
Cep164,6,True
Cep170,6,True
Cep170b,6,True
Cep19,6,True
Cep192,6,True
Cep250,6,True
Cep290,6,True
Cep295,6,True
Cep350,6,True
Cep41,6,True
Cep44,6,True
Cep55,5,True
Cep57,6,True
Cep57l1,6,True
Cep63,6,True
Cep68,6,True
Cep70,6,True
Cep72,6,True
Cep76,6,True
Cep78,6,True
Cep83,6,True
Cep83os,6,True
Cep85,6,True
Cep85l,6,True
Cep89,6,True
Cep95,6,True
Cep97,6,True
Cept1,6,True
Cer1,2,False
Cercam,6,True
Cerk,6,True
Cerkl,5,True
Cers1,6,True
Cers2,6,True
Cers3,2,False
Cers4,6,True
Cers5,6,True
Cers6,6,True
Ces1a,1,False
Ces1b,0,False
Ces1c,2,False
Ces1d,2,False
Ces1e,0,False
Ces1f,0,False
Ces1g,1,False
Ces1h,0,False
Ces2a,1,False
Ces2b,1,False
Ces2c,0,False
Ces2d-ps,1,False
Ces2e,2,False
Ces2f,1,False
Ces2g,2,False
Ces2h,1,False
Ces3a,1,False
Ces3b,0,False
Ces4a,1,False
Ces5a,5,True
Cetn1,6,True
Cetn2,6,True
Cetn3,6,True
Cetn4,5,True
Cfap100,6,True
Cfap126,6,True
Cfap157,2,False
Cfap161,0,False
Cfap20,6,True
Cfap206,2,False
Cfap221,1,False
Cfap36,6,True
Cfap43,5,True
Cfap44,5,True
Cfap45,2,False
Cfap46,5,True
Cfap52,1,False
Cfap53,0,False
Cfap54,6,True
Cfap57,2,False
Cfap58,0,False
Cfap61,3,True
Cfap69,6,True
Cfap70,4,True
Cfap73,0,False
Cfap74,6,True
Cfap77,0,False
Cfap97,6,True
Cfap99,2,False
Cfb,3,True
Cfc1,0,False
Cfd,0,False
Cfdp1,6,True
Cfh,6,True
Cfhr1,0,False
Cfhr2,6,True
Cfhr3,2,False
Cfi,1,False
Cfl1,6,True
Cfl2,6,True
Cflar,6,True
Cfp,6,True
Cftr,3,True
Cga,0,False
Cggbp1,6,True
Cgn,5,True
Cgnl1,1,False
Cgref1,6,True
Cgrrf1,6,True
Ch25h,1,False
Chac1,4,True
Chac2,6,True
Chad,2,False
Chadl,6,True
Chaf1a,6,True
Chaf1b,6,True
Champ1,6,True
Chat,2,False
Chchd1,6,True
Chchd10,6,True
Chchd2,6,True
Chchd3,6,True
Chchd4,6,True
Chchd5,6,True
Chchd6,6,True
Chchd7,6,True
Chd1,6,True
Chd1l,5,True
Chd2,6,True
Chd3,6,True
Chd3os,6,True
Chd4,6,True
Chd5,6,True
Chd6,6,True
Chd7,6,True
Chd8,6,True
Chd9,6,True
Chdh,6,True
Chek1,6,True
Chek2,6,True
Cherp,6,True
Chfr,6,True
Chga,6,True
Chgb,6,True
Chia1,0,False
Chic1,6,True
Chic2,6,True
Chid1,6,True
Chil1,6,True
Chil3,1,False
Chil4,2,False
Chil5,1,False
Chil6,0,False
Chit1,1,False
Chka,6,True
Chkb,6,True
Chl1,6,True
Chm,6,True
Chml,6,True
Chmp1a,6,True
Chmp1b,6,True
Chmp2a,6,True
Chmp2b,6,True
Chmp3,6,True
Chmp4b,6,True
Chmp4c,6,True
Chmp5,6,True
Chmp6,6,True
Chmp7,6,True
Chn1,6,True
Chn1os1,6,True
Chn1os3,6,True
Chn2,6,True
Chodl,2,False
Chordc1,6,True
Chp1,6,True
Chp2,4,True
Chpf,6,True
Chpf2,6,True
Chpt1,6,True
Chrac1,6,True
Chrd,6,True
Chrdl1,6,True
Chrdl2,0,False
Chrm1,6,True
Chrm2,5,True
Chrm3,3,True
Chrm4,3,True
Chrm5,0,False
Chrna1,5,True
Chrna10,0,False
Chrna1os,6,True
Chrna2,1,False
Chrna3,2,False
Chrna4,6,True
Chrna5,0,False
Chrna6,2,False
Chrna7,5,True
Chrna9,0,False
Chrnb1,5,True
Chrnb2,6,True
Chrnb3,2,False
Chrnb4,5,True
Chrnd,2,False
Chrne,0,False
Chrng,2,False
Chst1,6,True
Chst10,6,True
Chst11,6,True
Chst12,6,True
Chst13,0,False
Chst14,6,True
Chst15,6,True
Chst2,6,True
Chst3,6,True
Chst4,0,False
Chst5,6,True
Chst7,6,True
Chst8,6,True
Chst9,4,True
Chsy1,6,True
Chsy3,1,False
Chtf18,6,True
Chtf8,6,True
Chtop,6,True
Chuk,6,True
Churc1,6,True
Ciao1,6,True
Ciapin1,6,True
Ciart,6,True
Cib1,6,True
Cib2,6,True
Cib3,0,False
Cib4,0,False
Cic,6,True
Cidea,5,True
Cideb,6,True
Cidec,0,False
Ciita,3,True
Cilp,2,False
Cilp2,5,True
Cinp,6,True
Cipc,6,True
Cir1,6,True
Cirbp,6,True
Cirh1a,6,True
Cisd1,6,True
Cisd2,6,True
Cisd3,6,True
Cish,4,True
Cit,6,True
Cited1,6,True
Cited2,6,True
Cited4,0,False
Ciz1,6,True
Ckap2,6,True
Ckap2l,6,True
Ckap4,6,True
Ckap5,6,True
Ckb,6,True
Ckb-ps1,6,True
Ckb-ps2,6,True
Cklf,6,True
Ckm,2,False
Ckmt1,6,True
Ckmt2,1,False
Cks1b,6,True
Cks1brt,6,True
Cks2,6,True
Clasp1,6,True
Clasp2,6,True
Clasrp,6,True
Clca1,1,False
Clca2,1,False
Clca3a1,0,False
Clca3a2,1,False
Clca3b,0,False
Clca4a,1,False
Clca4b,1,False
Clca4c-ps,1,False
Clcc1,6,True
Clcf1,2,False
Clcn1,4,True
Clcn2,6,True
Clcn3,6,True
Clcn4,6,True
Clcn5,6,True
Clcn6,6,True
Clcn7,6,True
Clcnka,0,False
Clcnkb,1,False
Cldn1,3,True
Cldn10,6,True
Cldn11,6,True
Cldn12,6,True
Cldn13,1,False
Cldn14,2,False
Cldn15,1,False
Cldn16,1,False
Cldn17,1,False
Cldn18,1,False
Cldn19,5,True
Cldn2,3,True
Cldn20,0,False
Cldn22,6,True
Cldn23,0,False
Cldn24,6,True
Cldn25-ps,1,False
Cldn3,5,True
Cldn34-ps,0,False
Cldn34a,0,False
Cldn34b1,0,False
Cldn34b2,0,False
Cldn34b3,1,False
Cldn34b4,0,False
Cldn34c1,6,True
Cldn34c2,6,True
Cldn34c3,6,True
Cldn34c4,0,False
Cldn34d,0,False
Cldn4,0,False
Cldn5,5,True
Cldn6,0,False
Cldn7,3,True
Cldn8,0,False
Cldn9,0,False
Cldnd1,6,True
Cldnd2,0,False
Clec10a,6,True
Clec11a,5,True
Clec12a,5,True
Clec12b,0,False
Clec14a,5,True
Clec16a,6,True
Clec18a,1,False
Clec1a,5,True
Clec1b,1,False
Clec2d,1,False
Clec2e,0,False
Clec2f,0,False
Clec2g,1,False
Clec2h,0,False
Clec2i,2,False
Clec2j,1,False
Clec2l,6,True
Clec3a,0,False
Clec3b,2,False
Clec4a1,5,True
Clec4a2,4,True
Clec4a3,2,False
Clec4a4,1,False
Clec4b1,1,False
Clec4b2,0,False
Clec4d,1,False
Clec4e,2,False
Clec4f,1,False
Clec4g,1,False
Clec4n,6,True
Clec5a,4,True
Clec7a,2,False
Clec9a,0,False
Clgn,6,True
Clhc1,3,True
Clic1,6,True
Clic3,3,True
Clic4,6,True
Clic5,1,False
Clic6,2,False
Clint1,6,True
Clip1,6,True
Clip2,6,True
Clip3,6,True
Clip4,6,True
Clk1,6,True
Clk2,6,True
Clk3,6,True
Clk4,6,True
Clmn,6,True
Clmp,3,True
Cln3,6,True
Cln5,6,True
Cln6,6,True
Cln8,6,True
Clnk,3,True
Clnkos,0,False
Clns1a,6,True
Clock,6,True
Clp1,5,True
Clpb,6,True
Clpp,6,True
Clps,1,False
Clpsl2,0,False
Clptm1,6,True
Clptm1l,6,True
Clpx,6,True
Clrn1,1,False
Clrn2,0,False
Clrn3,0,False
Clspn,6,True
Clstn1,6,True
Clstn2,6,True
Clstn3,6,True
Clta,6,True
Cltb,6,True
Cltc,6,True
Clu,6,True
Cluap1,6,True
Cluh,6,True
Clvs1,6,True
Clvs2,6,True
Clybl,6,True
Cma1,1,False
Cma2,0,False
Cmah,4,True
Cmas,6,True
Cmbl,6,True
Cmc1,6,True
Cmc2,6,True
Cmc4,6,True
Cmip,6,True
Cmklr1,3,True
Cmpk1,6,True
Cmpk2,6,True
Cmss1,6,True
Cmtm1,1,False
Cmtm2a,0,False
Cmtm2b,0,False
Cmtm3,6,True
Cmtm4,6,True
Cmtm5,6,True
Cmtm6,6,True
Cmtm7,5,True
Cmtm8,5,True
Cmtr1,6,True
Cmtr2,6,True
Cmya5,6,True
Cnbd1,1,False
Cnbd2,6,True
Cnbp,6,True
Cndp1,1,False
Cndp2,6,True
Cnep1r1,6,True
Cnfn,1,False
Cnga1,0,False
Cnga2,2,False
Cnga3,1,False
Cnga4,1,False
Cngb1,2,False
Cngb3,1,False
Cnih1,6,True
Cnih2,5,True
Cnih3,6,True
Cnih4,6,True
Cnksr1,0,False
Cnksr2,6,True
Cnksr3,6,True
Cnn1,1,False
Cnn2,6,True
Cnn3,6,True
Cnnm1,6,True
Cnnm2,6,True
Cnnm3,6,True
Cnnm4,6,True
Cnot1,6,True
Cnot10,6,True
Cnot11,6,True
Cnot2,6,True
Cnot3,6,True
Cnot4,6,True
Cnot6,6,True
Cnot6l,6,True
Cnot7,6,True
Cnot8,6,True
Cnp,6,True
Cnppd1,6,True
Cnpy1,2,False
Cnpy2,6,True
Cnpy3,6,True
Cnpy4,6,True
Cnr1,6,True
Cnr2,2,False
Cnrip1,6,True
Cnst,6,True
Cntd1,6,True
Cntf,2,False
Cntfr,6,True
Cntln,6,True
Cntn1,6,True
Cntn2,6,True
Cntn3,2,False
Cntn4,6,True
Cntn5,3,True
Cntn6,6,True
Cntnap1,6,True
Cntnap2,6,True
Cntnap3,3,True
Cntnap4,4,True
Cntnap5a,6,True
Cntnap5b,6,True
Cntnap5c,0,False
Cntrl,6,True
Cntrob,6,True
Cntrobos,0,False
Coa3,6,True
Coa4,5,True
Coa5,6,True
Coa6,6,True
Coa7,6,True
Coasy,6,True
Cobl,6,True
Cobll1,6,True
Coch,3,True
Cog1,6,True
Cog2,6,True
Cog3,6,True
Cog4,6,True
Cog5,6,True
Cog6,6,True
Cog7,6,True
Cog8,6,True
Coil,6,True
Col10a1,0,False
Col11a1,6,True
Col11a2,6,True
Col12a1,3,True
Col13a1,3,True
Col14a1,2,False
Col15a1,3,True
Col16a1,6,True
Col17a1,3,True
Col18a1,6,True
Col19a1,3,True
Col1a1,6,True
Col1a2,6,True
Col20a1,6,True
Col22a1,4,True
Col23a1,6,True
Col24a1,6,True
Col25a1,5,True
Col26a1,6,True
Col27a1,6,True
Col28a1,2,False
Col2a1,5,True
Col3a1,1,False
Col4a1,6,True
Col4a2,6,True
Col4a3,4,True
Col4a3bp,6,True
Col4a4,6,True
Col4a5,6,True
Col4a6,1,False
Col5a1,4,True
Col5a2,6,True
Col5a3,6,True
Col6a1,2,False
Col6a2,1,False
Col6a3,2,False
Col6a4,4,True
Col6a5,1,False
Col6a6,1,False
Col7a1,6,True
Col8a1,1,False
Col8a2,4,True
Col9a1,5,True
Col9a2,6,True
Col9a3,6,True
Colec10,0,False
Colec11,1,False
Colec12,6,True
Colgalt1,6,True
Colgalt2,6,True
Colq,5,True
Commd1,6,True
Commd10,6,True
Commd2,6,True
Commd3,6,True
Commd4,6,True
Commd5,6,True
Commd6,6,True
Commd7,6,True
Commd8,6,True
Commd9,6,True
Comp,0,False
Comt,6,True
Comtd1,6,True
Copa,6,True
Copb1,6,True
Copb2,6,True
Cope,6,True
Copg1,6,True
Copg2,6,True
Coprs,6,True
Cops2,6,True
Cops3,6,True
Cops4,6,True
Cops5,6,True
Cops6,6,True
Cops7a,6,True
Cops7b,6,True
Cops8,6,True
Copz1,6,True
Copz2,6,True
Coq10a,6,True
Coq10b,6,True
Coq2,6,True
Coq3,6,True
Coq4,6,True
Coq5,6,True
Coq6,6,True
Coq7,6,True
Coq9,6,True
Corin,1,False
Coro1a,6,True
Coro1b,6,True
Coro1c,6,True
Coro2a,2,False
Coro2b,6,True
Coro6,3,True
Coro7,6,True
Cort,4,True
Cotl1,6,True
Cox10,6,True
Cox11,6,True
Cox14,6,True
Cox15,6,True
Cox16,6,True
Cox17,6,True
Cox18,6,True
Cox19,6,True
Cox20,6,True
Cox20-ps,6,True
Cox4i1,6,True
Cox4i2,6,True
Cox5a,6,True
Cox5b,6,True
Cox6a1,6,True
Cox6a2,1,False
Cox6b1,6,True
Cox6b2,5,True
Cox6c,6,True
Cox7a1,6,True
Cox7a2,6,True
Cox7a2l,6,True
Cox7b,6,True
Cox7b2,6,True
Cox7c,6,True
Cox8a,6,True
Cox8b,5,True
Cox8c,0,False
Cp,6,True
Cpa1,0,False
Cpa2,6,True
Cpa3,1,False
Cpa4,3,True
Cpa5,2,False
Cpa6,3,True
Cpb1,0,False
Cpb2,3,True
Cpd,6,True
Cpe,6,True
Cpeb1,6,True
Cpeb1os1,3,True
Cpeb2,6,True
Cpeb3,6,True
Cpeb4,6,True
Cped1,6,True
Cphx1,0,False
Cphx2,0,False
Cphx3,0,False
Cplx1,6,True
Cplx2,6,True
Cplx3,6,True
Cplx4,0,False
Cpm,6,True
Cpn1,2,False
Cpn2,0,False
Cpne1,6,True
Cpne2,6,True
Cpne3,6,True
Cpne4,5,True
Cpne5,4,True
Cpne6,6,True
Cpne7,6,True
Cpne8,6,True
Cpne9,5,True
Cpox,6,True
Cpped1,6,True
Cpq,6,True
Cps1,2,False
Cpsf1,6,True
Cpsf2,6,True
Cpsf3,6,True
Cpsf3l,6,True
Cpsf4,6,True
Cpsf4l,3,True
Cpsf6,6,True
Cpsf7,6,True
Cpt1a,6,True
Cpt1b,0,False
Cpt1c,6,True
Cpt2,6,True
Cptp,6,True
Cpvl,3,True
Cpxcr1,0,False
Cpxm1,6,True
Cpxm2,4,True
Cpz,1,False
Cr1l,6,True
Cr2,5,True
Crabp1,0,False
Crabp2,2,False
Cracr2a,6,True
Cracr2b,4,True
Cradd,6,True
Cramp1l,6,True
Crat,6,True
Crb1,4,True
Crb1-ps,0,False
Crb2,6,True
Crb3,2,False
Crbn,6,True
Crcp,6,True
Crct1,0,False
Creb1,6,True
Creb3,6,True
Creb3l1,6,True
Creb3l2,6,True
Creb3l3,2,False
Creb3l4,5,True
Crebbp,6,True
Crebl2,6,True
Crebrf,6,True
Crebzf,6,True
Creg1,6,True
Creg2,6,True
Creld1,6,True
Creld2,6,True
Crem,6,True
Crh,3,True
Crhbp,1,False
Crhr1,3,True
Crhr2,2,False
Crim1,6,True
Crip1,6,True
Crip2,6,True
Crip3,1,False
Cript,6,True
Crisp1,0,False
Crisp2,0,False
Crisp3,1,False
Crisp4,1,False
Crispld1,1,False
Crispld2,5,True
Crk,6,True
Crkl,6,True
Crlf1,6,True
Crlf2,4,True
Crlf3,6,True
Crls1,6,True
Crmp1,6,True
Crnde,6,True
Crnkl1,6,True
Crnn,0,False
Crocc,6,True
Crocc2,3,True
Crot,6,True
Crp,1,False
Crry-ps,6,True
Crs-ps,1,False
Crtac1,6,True
Crtam,1,False
Crtap,6,True
Crtc1,6,True
Crtc2,6,True
Crtc3,6,True
Crx,1,False
Crxos,1,False
Cry1,6,True
Cry2,6,True
Cryaa,0,False
Cryab,6,True
Cryba1,0,False
Cryba2,0,False
Cryba4,4,True
Crybb1,5,True
Crybb2,0,False
Crybb3,6,True
Crybg3,6,True
Cryga,0,False
Crygb,0,False
Crygc,0,False
Crygd,0,False
Cryge,0,False
Crygf,0,False
Crygn,3,True
Crygs,0,False
Cryl1,6,True
Crym,6,True
Cryz,6,True
Cryzl1,6,True
Cs,6,True
Csad,6,True
Csdc2,6,True
Csde1,6,True
Cse1l,6,True
Csf1,6,True
Csf1r,6,True
Csf2,0,False
Csf2ra,6,True
Csf2rb,3,True
Csf2rb2,2,False
Csf3,1,False
Csf3r,2,False
Csgalnact1,6,True
Csgalnact2,6,True
Csk,6,True
Csl,6,True
Csmd1,6,True
Csmd2,6,True
Csmd2os,1,False
Csmd3,6,True
Csn1s1,1,False
Csn1s2a,4,True
Csn1s2b,1,False
Csn2,0,False
Csn3,2,False
Csnk1a1,6,True
Csnk1d,6,True
Csnk1e,6,True
Csnk1g1,6,True
Csnk1g2,6,True
Csnk1g3,6,True
Csnk2a1,6,True
Csnk2a1-ps,4,True
Csnk2a2,6,True
Csnk2b,6,True
Csnka2ip,1,False
Cspg4,6,True
Cspg5,6,True
Cspp1,6,True
Csrnp1,5,True
Csrnp2,5,True
Csrnp3,6,True
Csrp1,6,True
Csrp2,6,True
Csrp2bp,6,True
Csrp3,0,False
Cst10,0,False
Cst11,1,False
Cst12,0,False
Cst13,0,False
Cst3,6,True
Cst6,4,True
Cst7,1,False
Cst8,1,False
Cst9,0,False
Csta1,3,True
Cstad,5,True
Cstb,6,True
Cstf1,6,True
Cstf2,6,True
Cstf2t,6,True
Cstf3,6,True
Cstl1,0,False
Ctag2,0,False
Ctage5,6,True
Ctbp1,6,True
Ctbp2,6,True
Ctbs,6,True
Ctc1,6,True
Ctcf,6,True
Ctcfl,6,True
Ctcflos,2,False
Ctdnep1,6,True
Ctdp1,6,True
Ctdsp1,6,True
Ctdsp2,6,True
Ctdspl,6,True
Ctdspl2,6,True
Ctf1,3,True
Ctf2,3,True
Ctgf,3,True
Cth,6,True
Cthrc1,6,True
Ctif,6,True
Ctla2a,1,False
Ctla2b,4,True
Ctla4,1,False
Ctnna1,6,True
Ctnna2,6,True
Ctnna3,6,True
Ctnnal1,6,True
Ctnnb1,6,True
Ctnnbip1,6,True
Ctnnbl1,6,True
Ctnnd1,6,True
Ctnnd2,6,True
Ctns,6,True
Ctps,6,True
Ctps2,6,True
Ctr9,6,True
Ctrb1,0,False
Ctrc,1,False
Ctrcos,0,False
Ctrl,3,True
Cts3,1,False
Cts6,0,False
Cts7,1,False
Cts8,1,False
Ctsa,6,True
Ctsb,6,True
Ctsc,6,True
Ctsd,6,True
Ctse,2,False
Ctsf,6,True
Ctsg,1,False
Ctsh,6,True
Ctsj,1,False
Ctsk,5,True
Ctsl,6,True
Ctsll3,0,False
Ctsm,0,False
Ctso,6,True
Ctsq,0,False
Ctsr,0,False
Ctss,6,True
Ctsw,1,False
Ctsz,6,True
Cttn,6,True
Cttnbp2,6,True
Cttnbp2nl,6,True
Ctu1,6,True
Ctu2,6,True
Ctxn1,6,True
Ctxn2,4,True
Ctxn3,4,True
Cubn,3,True
Cuedc1,6,True
Cuedc2,6,True
Cul1,6,True
Cul2,6,True
Cul3,6,True
Cul4a,6,True
Cul4b,6,True
Cul5,6,True
Cul7,6,True
Cul9,6,True
Cuta,6,True
Cutal,4,True
Cutc,6,True
Cux1,6,True
Cux2,6,True
Cuzd1,0,False
Cwc15,6,True
Cwc22,6,True
Cwc25,6,True
Cwc27,6,True
Cwf19l1,6,True
Cwf19l2,6,True
Cwh43,5,True
Cx3cl1,6,True
Cx3cr1,6,True
Cxadr,6,True
Cxcl1,2,False
Cxcl10,4,True
Cxcl11,1,False
Cxcl12,5,True
Cxcl13,0,False
Cxcl14,6,True
Cxcl15,1,False
Cxcl16,6,True
Cxcl17,4,True
Cxcl2,3,True
Cxcl3,1,False
Cxcl5,4,True
Cxcl9,0,False
Cxcr1,0,False
Cxcr2,1,False
Cxcr3,5,True
Cxcr4,6,True
Cxcr5,5,True
Cxcr6,0,False
Cxx1a,6,True
Cxx1b,6,True
Cxx1c,6,True
Cxxc1,6,True
Cxxc4,6,True
Cxxc5,6,True
Cyb561,5,True
Cyb561a3,6,True
Cyb561d1,5,True
Cyb561d2,6,True
Cyb5a,6,True
Cyb5b,6,True
Cyb5d1,6,True
Cyb5d2,6,True
Cyb5r1,6,True
Cyb5r2,6,True
Cyb5r3,6,True
Cyb5r4,6,True
Cyb5rl,5,True
Cyba,6,True
Cybb,3,True
Cybrd1,6,True
Cyc1,6,True
Cycs,6,True
Cycs-ps2,6,True
Cyct,2,False
Cyfip1,6,True
Cyfip2,6,True
Cygb,6,True
Cyhr1,6,True
Cylc1,0,False
Cylc2,0,False
Cyld,6,True
Cym,1,False
Cyp11a1,1,False
Cyp11b1,1,False
Cyp11b2,0,False
Cyp17a1,0,False
Cyp19a1,1,False
Cyp1a1,2,False
Cyp1a2,0,False
Cyp1b1,6,True
Cyp20a1,6,True
Cyp21a1,0,False
Cyp21a2-ps,0,False
Cyp24a1,3,True
Cyp26a1,1,False
Cyp26b1,4,True
Cyp26c1,0,False
Cyp27a1,6,True
Cyp27b1,3,True
Cyp2a12,0,False
Cyp2a21-ps,0,False
Cyp2a22,0,False
Cyp2a4,1,False
Cyp2a5,0,False
Cyp2ab1,0,False
Cyp2b10,2,False
Cyp2b13,1,False
Cyp2b19,3,True
Cyp2b23,1,False
Cyp2b26-ps,1,False
Cyp2b27-ps,1,False
Cyp2b9,2,False
Cyp2c29,0,False
Cyp2c37,0,False
Cyp2c38,1,False
Cyp2c39,2,False
Cyp2c40,1,False
Cyp2c44,1,False
Cyp2c50,2,False
Cyp2c53-ps,0,False
Cyp2c54,1,False
Cyp2c55,0,False
Cyp2c65,0,False
Cyp2c66,0,False
Cyp2c67,0,False
Cyp2c68,1,False
Cyp2c69,2,False
Cyp2c70,0,False
Cyp2d10,2,False
Cyp2d11,6,True
Cyp2d12,3,True
Cyp2d22,6,True
Cyp2d26,6,True
Cyp2d34,6,True
Cyp2d37-ps,6,True
Cyp2d40,5,True
Cyp2d41-ps,6,True
Cyp2d9,6,True
Cyp2e1,4,True
Cyp2f2,0,False
Cyp2g1,1,False
Cyp2j11,0,False
Cyp2j12,4,True
Cyp2j13,4,True
Cyp2j14-ps,0,False
Cyp2j15-ps,0,False
Cyp2j5,2,False
Cyp2j6,6,True
Cyp2j7,6,True
Cyp2j7-ps1,0,False
Cyp2j7-ps2,0,False
Cyp2j7-ps3,0,False
Cyp2j8,4,True
Cyp2j9,6,True
Cyp2r1,3,True
Cyp2s1,2,False
Cyp2t4,2,False
Cyp2u1,6,True
Cyp2w1,0,False
Cyp39a1,6,True
Cyp3a11,2,False
Cyp3a13,4,True
Cyp3a16,0,False
Cyp3a25,1,False
Cyp3a41a,1,False
Cyp3a41b,1,False
Cyp3a44,1,False
Cyp3a57,0,False
Cyp3a59,2,False
Cyp3a63-ps,0,False
Cyp46a1,6,True
Cyp4a10,1,False
Cyp4a12a,0,False
Cyp4a12b,0,False
Cyp4a14,1,False
Cyp4a28-ps,1,False
Cyp4a29,0,False
Cyp4a29-ps1,0,False
Cyp4a30-ps,0,False
Cyp4a30b,1,False
Cyp4a31,0,False
Cyp4a32,2,False
Cyp4b1,1,False
Cyp4b1-ps1,2,False
Cyp4b1-ps2,0,False
Cyp4f13,6,True
Cyp4f14,6,True
Cyp4f15,6,True
Cyp4f16,6,True
Cyp4f17,6,True
Cyp4f18,3,True
Cyp4f37,6,True
Cyp4f39,0,False
Cyp4f40,6,True
Cyp4f41-ps,1,False
Cyp4v3,6,True
Cyp4x1,4,True
Cyp4x1os,2,False
Cyp51,6,True
Cyp7a1,0,False
Cyp7b1,6,True
Cyp8b1,1,False
Cypt1,0,False
Cypt12,0,False
Cypt14,0,False
Cypt15,1,False
Cypt2,0,False
Cypt3,0,False
Cypt4,0,False
Cyr61,6,True
Cys1,5,True
Cysltr1,3,True
Cysltr2,0,False
Cysrt1,0,False
Cystm1,6,True
Cyth1,6,True
Cyth2,6,True
Cyth3,6,True
Cyth4,6,True
Cytip,1,False
Cytl1,0,False
Cyyr1,6,True
D030018L15Rik,2,False
D030025E07Rik,0,False
D030025P21Rik,1,False
D030028A08Rik,6,True
D030040B21Rik,1,False
D030044L04Rik,0,False
D030046N08Rik,2,False
D030047H15Rik,6,True
D030055H07Rik,6,True
D030056L22Rik,6,True
D030062O11Rik,0,False
D030068K23Rik,4,True
D10Jhu81e,6,True
D10Wsu102e,6,True
D11Bhm181e,1,False
D11Wsu47e,6,True
D130004A15Rik,1,False
D130007C19Rik,6,True
D130017N08Rik,6,True
D130019J16Rik,4,True
D130020L05Rik,6,True
D130040H23Rik,6,True
D130043K22Rik,6,True
D130051D11Rik,4,True
D130052B06Rik,0,False
D130058E05Rik,2,False
D13Ertd608e,0,False
D16Ertd472e,6,True
D17H6S53E,6,True
D17Wsu92e,6,True
D1Ertd622e,6,True
D1Pas1,6,True
D230017M19Rik,5,True
D230022J07Rik,6,True
D230025D16Rik,6,True
D2Wsu81e,6,True
D2hgdh,6,True
D330020A13Rik,0,False
D330023K18Rik,6,True
D330025C20Rik,1,False
D330041H03Rik,6,True
D330045A20Rik,1,False
D330050G23Rik,4,True
D3Ertd254e,6,True
D3Ertd751e,6,True
D430001F17Rik,5,True
D430013B06Rik,4,True
D430018E03Rik,4,True
D430019H16Rik,6,True
D430036J16Rik,0,False
D430040D24Rik,2,False
D430041D05Rik,6,True
D430042O09Rik,6,True
D530014G21Rik,0,False
D530018E20Rik,6,True
D530033B14Rik,0,False
D530037P16Rik,0,False
D530049I02Rik,0,False
D5Ertd577e,1,False
D5Ertd579e,6,True
D5Ertd605e,0,False
D5Ertd615e,1,False
D630002J18Rik,0,False
D630003M21Rik,6,True
D630008O14Rik,1,False
D630011A20Rik,0,False
D630014O11Rik,0,False
D630023F18Rik,4,True
D630023O14Rik,3,True
D630024D03Rik,4,True
D630029K05Rik,1,False
D630030B08Rik,5,True
D630033O11Rik,6,True
D630036G22Rik,2,False
D630036H23Rik,6,True
D630039A03Rik,5,True
D630044L22Rik,5,True
D630045J12Rik,6,True
D6Ertd474e,0,False
D6Ertd527e,0,False
D6Wsu163e,6,True
D730001G18Rik,0,False
D730003I15Rik,5,True
D730045A05Rik,2,False
D730045B01Rik,4,True
D730048I06Rik,1,False
D7Bwg0826e,6,True
D7Ertd443e,5,True
D830013O20Rik,1,False
D830025C05Rik,5,True
D830026I12Rik,1,False
D830030K20Rik,3,True
D830032E09Rik,1,False
D830036C21Rik,2,False
D830039M14Rik,2,False
D830044D21Rik,1,False
D830044I16Rik,5,True
D830050J10Rik,6,True
D8Ertd738e,6,True
D8Ertd82e,6,True
D930007J09Rik,0,False
D930007P13Rik,1,False
D930015E06Rik,6,True
D930015M05Rik,6,True
D930016D06Rik,6,True
D930019O06Rik,4,True
D930020B18Rik,5,True
D930028M14Rik,1,False
D930030I03Rik,4,True
D930032P07Rik,1,False
D930036K23Rik,2,False
D930048G16Rik,3,True
D930048N14Rik,5,True
DQ267100,0,False
DQ267101,0,False
DQ267102,0,False
DXBay18,2,False
Daam1,6,True
Daam2,6,True
Dab1,6,True
Dab2,6,True
Dab2ip,6,True
Dach1,6,True
Dach2,5,True
Dact1,6,True
Dact2,6,True
Dact3,6,True
Dad1,6,True
Dag1,6,True
Dagla,6,True
Daglb,6,True
Dalir,1,False
Dalrd3,6,True
Dancr,6,True
Dand5,6,True
Dao,1,False
Dap,6,True
Dap3,6,True
Dapk1,6,True
Dapk2,6,True
Dapk3,6,True
Dapl1,0,False
Dapp1,6,True
Dars,6,True
Dars2,6,True
Daw1,1,False
Daxx,6,True
Dazap1,6,True
Dazap2,6,True
Dazl,1,False
Dbf4,6,True
Dbh,1,False
Dbhos,0,False
Dbi,6,True
Dbil5,3,True
Dbn1,6,True
Dbndd1,6,True
Dbndd2,6,True
Dbnl,6,True
Dbp,6,True
Dbpht2,6,True
Dbr1,6,True
Dbt,6,True
Dbx1,0,False
Dbx2,6,True
Dcaf10,6,True
Dcaf11,6,True
Dcaf12,6,True
Dcaf12l1,6,True
Dcaf12l2,6,True
Dcaf13,6,True
Dcaf15,6,True
Dcaf17,6,True
Dcaf4,6,True
Dcaf5,6,True
Dcaf6,6,True
Dcaf7,6,True
Dcaf8,6,True
Dcakd,6,True
Dcbld1,6,True
Dcbld2,6,True
Dcc,6,True
Dcdc2a,6,True
Dcdc2b,6,True
Dcdc2c,1,False
Dcdc5,4,True
Dchs1,6,True
Dchs2,1,False
Dck,6,True
Dclk1,6,True
Dclk2,6,True
Dclk3,4,True
Dclre1a,6,True
Dclre1b,5,True
Dclre1c,6,True
Dcn,3,True
Dcp1a,6,True
Dcp1b,6,True
Dcp2,6,True
Dcpp1,0,False
Dcpp2,1,False
Dcpp3,0,False
Dcps,6,True
Dcst1,5,True
Dcst2,1,False
Dcstamp,1,False
Dct,6,True
Dctd,6,True
Dctn1,6,True
Dctn2,6,True
Dctn3,6,True
Dctn4,6,True
Dctn5,6,True
Dctn6,6,True
Dctpp1,6,True
Dcun1d1,6,True
Dcun1d2,6,True
Dcun1d3,5,True
Dcun1d4,6,True
Dcun1d5,6,True
Dcx,6,True
Dcxr,6,True
Dda1,6,True
Ddah1,6,True
Ddah2,6,True
Ddb1,6,True
Ddb2,6,True
Ddc,6,True
Ddhd1,6,True
Ddhd2,6,True
Ddi1,0,False
Ddi2,6,True
Ddias,6,True
Ddit3,6,True
Ddit4,6,True
Ddit4l,6,True
Ddn,6,True
Ddo,6,True
Ddost,6,True
Ddr1,6,True
Ddr2,6,True
Ddrgk1,6,True
Ddt,6,True
Ddx1,6,True
Ddx10,6,True
Ddx11,5,True
Ddx17,6,True
Ddx18,6,True
Ddx19a,6,True
Ddx19b,6,True
Ddx20,6,True
Ddx21,6,True
Ddx23,6,True
Ddx24,6,True
Ddx25,6,True
Ddx26b,6,True
Ddx27,6,True
Ddx28,6,True
Ddx31,6,True
Ddx39,6,True
Ddx39b,6,True
Ddx3x,6,True
Ddx3y,4,True
Ddx4,3,True
Ddx41,6,True
Ddx42,6,True
Ddx43,4,True
Ddx46,6,True
Ddx47,6,True
Ddx49,6,True
Ddx5,6,True
Ddx50,6,True
Ddx51,6,True
Ddx52,6,True
Ddx54,6,True
Ddx55,6,True
Ddx56,6,True
Ddx58,6,True
Ddx59,6,True
Ddx6,6,True
Ddx60,5,True
Deaf1,6,True
Deb1,6,True
Decr1,6,True
Decr2,6,True
Dedd,6,True
Dedd2,6,True
Def6,4,True
Def8,6,True
Defa-ps1,0,False
Defa-ps10,0,False
Defa-ps11,0,False
Defa-ps12,0,False
Defa-ps13,0,False
Defa-ps14,0,False
Defa-ps15,0,False
Defa-ps16,0,False
Defa-ps17,0,False
Defa-ps18,0,False
Defa-ps3,0,False
Defa-ps4,0,False
Defa-ps5,0,False
Defa-ps6,0,False
Defa-ps7,0,False
Defa-ps8,0,False
Defa-ps9,0,False
Defa-rs1,0,False
Defa-rs7,0,False
Defa17,2,False
Defa2,0,False
Defa20,0,False
Defa21,0,False
Defa22,0,False
Defa23,0,False
Defa24,0,False
Defa25,0,False
Defa26,0,False
Defa3,2,False
Defa5,0,False
Defb1,0,False
Defb10,0,False
Defb11,0,False
Defb12,0,False
Defb13,0,False
Defb14,0,False
Defb15,0,False
Defb18,0,False
Defb19,0,False
Defb2,0,False
Defb20,1,False
Defb21,0,False
Defb22,0,False
Defb23,1,False
Defb25,0,False
Defb26,0,False
Defb28,0,False
Defb29,0,False
Defb3,0,False
Defb30,0,False
Defb33,0,False
Defb34,0,False
Defb35,0,False
Defb36,0,False
Defb37,0,False
Defb38,0,False
Defb39,0,False
Defb4,0,False
Defb40,0,False
Defb41,0,False
Defb42,1,False
Defb43,0,False
Defb44-ps,0,False
Defb45,1,False
Defb46,0,False
Defb47,0,False
Defb48,0,False
Defb5,0,False
Defb50,0,False
Defb6,0,False
Defb7,1,False
Defb8,0,False
Defb9,0,False
Degs1,6,True
Degs2,5,True
Dek,6,True
Dennd1a,6,True
Dennd1b,6,True
Dennd1c,2,False
Dennd2a,6,True
Dennd2c,3,True
Dennd2d,1,False
Dennd3,6,True
Dennd4a,6,True
Dennd4b,6,True
Dennd4c,6,True
Dennd5a,6,True
Dennd5b,6,True
Dennd6a,6,True
Dennd6b,6,True
Denr,6,True
Depdc1a,4,True
Depdc1b,6,True
Depdc5,6,True
Depdc7,5,True
Deptor,6,True
Dera,6,True
Derl1,6,True
Derl2,6,True
Derl3,5,True
Des,1,False
Desi1,6,True
Desi2,6,True
Det1,6,True
Dexi,6,True
Dffa,6,True
Dffb,6,True
Dfna5,6,True
Dfnb59,1,False
Dgat1,6,True
Dgat2,6,True
Dgat2l6,0,False
Dgcr14,6,True
Dgcr2,6,True
Dgcr6,6,True
Dgcr8,6,True
Dgka,6,True
Dgkb,6,True
Dgkd,6,True
Dgke,6,True
Dgkeos,3,True
Dgkg,6,True
Dgkh,5,True
Dgki,5,True
Dgkk,2,False
Dgkq,6,True
Dgkz,6,True
Dguok,6,True
Dhcr24,6,True
Dhcr7,6,True
Dhdds,6,True
Dhdh,6,True
Dhfr,6,True
Dhh,2,False
Dhodh,6,True
Dhps,6,True
Dhrs1,6,True
Dhrs11,6,True
Dhrs13,6,True
Dhrs13os,0,False
Dhrs2,1,False
Dhrs3,6,True
Dhrs4,6,True
Dhrs7,6,True
Dhrs7b,6,True
Dhrs7c,1,False
Dhrs9,0,False
Dhtkd1,6,True
Dhx15,6,True
Dhx16,6,True
Dhx29,6,True
Dhx30,6,True
Dhx32,6,True
Dhx33,6,True
Dhx34,6,True
Dhx35,6,True
Dhx36,6,True
Dhx37,6,True
Dhx38,6,True
Dhx40,6,True
Dhx57,6,True
Dhx58,6,True
Dhx58os,2,False
Dhx8,6,True
Dhx9,6,True
Diablo,6,True
Diaph1,6,True
Diaph2,6,True
Diaph3,6,True
Dicer1,6,True
Dido1,6,True
Diexf,6,True
Dimt1,6,True
Dio1,1,False
Dio2,6,True
Dio3,2,False
Dip2a,6,True
Dip2b,6,True
Dip2c,6,True
Diras1,6,True
Diras2,6,True
Dirc2,6,True
Dis3,6,True
Dis3l,6,True
Dis3l2,6,True
Disc1,5,True
Disp1,6,True
Disp2,6,True
Dixdc1,6,True
Dkc1,6,True
Dkk1,0,False
Dkk2,1,False
Dkk3,6,True
Dkk4,1,False
Dkkl1,1,False
Dlat,6,True
Dlc1,6,True
Dld,6,True
Dlec1,2,False
Dleu2,6,True
Dleu7,5,True
Dlg1,6,True
Dlg2,6,True
Dlg3,6,True
Dlg4,6,True
Dlg5,6,True
Dlgap1,6,True
Dlgap2,6,True
Dlgap3,6,True
Dlgap4,6,True
Dlgap5,5,True
Dlk1,3,True
Dlk2,5,True
Dll1,6,True
Dll3,6,True
Dll4,3,True
Dlst,6,True
Dlx1,5,True
Dlx1as,6,True
Dlx2,1,False
Dlx3,1,False
Dlx4,1,False
Dlx4os,0,False
Dlx5,1,False
Dlx6,1,False
Dlx6os1,1,False
Dlx6os2,0,False
Dmap1,6,True
Dmbt1,2,False
Dmbx1,1,False
Dmc1,5,True
Dmd,6,True
Dmgdh,4,True
Dmkn,3,True
Dmp1,5,True
Dmpk,6,True
Dmrt1,1,False
Dmrt1i,0,False
Dmrt2,0,False
Dmrt3,4,True
Dmrta1,6,True
Dmrta2,6,True
Dmrta2os,6,True
Dmrtb1,4,True
Dmrtc1a,6,True
Dmrtc1b,0,False
Dmrtc1c1,0,False
Dmrtc1c2,1,False
Dmrtc2,0,False
Dmtf1,6,True
Dmtn,6,True
Dmwd,6,True
Dmxl1,6,True
Dmxl2,6,True
Dna2,6,True
Dnaaf1,2,False
Dnaaf2,6,True
Dnaaf3,3,True
Dnaaf5,6,True
Dnah1,6,True
Dnah10,4,True
Dnah11,4,True
Dnah12,2,False
Dnah14,6,True
Dnah17,6,True
Dnah2,6,True
Dnah2os,2,False
Dnah3,5,True
Dnah5,6,True
Dnah6,5,True
Dnah7a,6,True
Dnah7b,6,True
Dnah7c,6,True
Dnah8,6,True
Dnah9,5,True
Dnaic1,6,True
Dnaic2,5,True
Dnaja1,6,True
Dnaja1-ps,0,False
Dnaja2,6,True
Dnaja3,6,True
Dnaja4,6,True
Dnajb1,6,True
Dnajb11,6,True
Dnajb12,6,True
Dnajb13,1,False
Dnajb14,6,True
Dnajb2,6,True
Dnajb3,6,True
Dnajb4,6,True
Dnajb5,6,True
Dnajb6,6,True
Dnajb7,0,False
Dnajb8,3,True
Dnajb9,6,True
Dnajc1,6,True
Dnajc10,6,True
Dnajc11,6,True
Dnajc12,6,True
Dnajc13,6,True
Dnajc14,6,True
Dnajc15,6,True
Dnajc16,6,True
Dnajc17,6,True
Dnajc18,6,True
Dnajc19,6,True
Dnajc19-ps,6,True
Dnajc2,6,True
Dnajc21,6,True
Dnajc22,1,False
Dnajc24,6,True
Dnajc25,6,True
Dnajc27,6,True
Dnajc28,6,True
Dnajc3,6,True
Dnajc30,6,True
Dnajc4,6,True
Dnajc5,6,True
Dnajc5b,1,False
Dnajc5g,0,False
Dnajc6,5,True
Dnajc7,6,True
Dnajc8,6,True
Dnajc9,6,True
Dnal1,6,True
Dnal4,6,True
Dnali1,3,True
Dnase1,3,True
Dnase1l1,6,True
Dnase1l2,5,True
Dnase1l3,3,True
Dnase2a,6,True
Dnase2b,1,False
Dnd1,5,True
Dnd1-ps,0,False
Dner,6,True
Dnhd1,5,True
Dnlz,6,True
Dnm1,6,True
Dnm1l,6,True
Dnm2,6,True
Dnm3,6,True
Dnm3os,6,True
Dnmbp,6,True
Dnmt1,6,True
Dnmt3a,6,True
Dnmt3a-ps1,6,True
Dnmt3aos,3,True
Dnmt3b,6,True
Dnmt3bos,1,False
Dnmt3c-ps,5,True
Dnmt3l,0,False
Dnmt3l-ps1,5,True
Dnpep,6,True
Dnph1,6,True
Dntt,2,False
Dnttip1,6,True
Dnttip2,6,True
Doc2a,3,True
Doc2b,6,True
Doc2g,6,True
Dock1,6,True
Dock10,6,True
Dock11,6,True
Dock2,5,True
Dock3,6,True
Dock4,6,True
Dock5,5,True
Dock6,6,True
Dock7,6,True
Dock8,6,True
Dock9,6,True
Dohh,6,True
Dok1,6,True
Dok2,2,False
Dok3,4,True
Dok4,5,True
Dok5,6,True
Dok6,6,True
Dok7,6,True
Dolk,6,True
Dolpp1,6,True
Donson,6,True
Dopey1,6,True
Dopey2,6,True
Dot1l,6,True
Doxl2,0,False
Dpagt1,6,True
Dpcr1,1,False
Dpep1,1,False
Dpep2,4,True
Dpep3,1,False
Dpf1,6,True
Dpf2,6,True
Dpf3,6,True
Dph1,6,True
Dph2,6,True
Dph3,6,True
Dph3b-ps,6,True
Dph5,6,True
Dph6,6,True
Dph7,6,True
Dpm1,6,True
Dpm2,6,True
Dpm3,6,True
Dpp10,6,True
Dpp4,2,False
Dpp6,6,True
Dpp7,6,True
Dpp8,6,True
Dpp9,6,True
Dppa1,0,False
Dppa2,0,False
Dppa3,0,False
Dppa3-ps,0,False
Dppa4,0,False
Dppa5a,0,False
Dpt,2,False
Dpy19l1,6,True
Dpy19l2,1,False
Dpy19l3,6,True
Dpy19l4,6,True
Dpy30,6,True
Dpyd,6,True
Dpys,2,False
Dpysl2,6,True
Dpysl3,6,True
Dpysl4,6,True
Dpysl5,6,True
Dqx1,6,True
Dr1,6,True
Dram1,3,True
Dram2,6,True
Drap1,6,True
Draxin,6,True
Drc1,5,True
Drc7,0,False
Drd1,1,False
Drd2,0,False
Drd3,5,True
Drd4,1,False
Drd5,5,True
Drg1,6,True
Drg2,6,True
Drosha,6,True
Drp2,6,True
Drr1,0,False
Dsc1,1,False
Dsc2,2,False
Dsc3,2,False
Dscam,6,True
Dscaml1,6,True
Dscc1,5,True
Dscr3,6,True
Dse,6,True
Dsel,5,True
Dsg1a,3,True
Dsg1b,1,False
Dsg1c,1,False
Dsg2,1,False
Dsg3,0,False
Dsg4,2,False
Dsn1,6,True
Dsp,3,True
Dspp,3,True
Dst,6,True
Dstn,6,True
Dstyk,6,True
Dtd1,6,True
Dtd2,6,True
Dthd1,0,False
Dtl,6,True
Dtna,6,True
Dtnb,6,True
Dtnbos,1,False
Dtnbp1,6,True
Dtwd1,6,True
Dtwd2,6,True
Dtx1,6,True
Dtx2,6,True
Dtx3,6,True
Dtx3l,6,True
Dtx4,6,True
Dtymk,6,True
Dubr,6,True
Duox1,1,False
Duox2,0,False
Duoxa1,2,False
Duoxa2,0,False
Dupd1,0,False
Dus1l,6,True
Dus2,6,True
Dus3l,6,True
Dus4l,6,True
Dusp1,6,True
Dusp10,5,True
Dusp11,6,True
Dusp12,6,True
Dusp13,2,False
Dusp14,6,True
Dusp15,6,True
Dusp16,6,True
Dusp18,6,True
Dusp19,6,True
Dusp2,3,True
Dusp21,0,False
Dusp22,6,True
Dusp23,6,True
Dusp26,6,True
Dusp27,2,False
Dusp28,6,True
Dusp3,6,True
Dusp4,5,True
Dusp5,2,False
Dusp6,6,True
Dusp7,6,True
Dusp8,6,True
Dusp9,6,True
Dut,6,True
Duxbl1,5,True
Duxbl2,5,True
Duxbl3,5,True
Duxf3,4,True
Dvl1,6,True
Dvl2,6,True
Dvl3,6,True
Dxo,6,True
Dydc1,2,False
Dydc2,2,False
Dym,6,True
Dynap,0,False
Dync1h1,6,True
Dync1i1,6,True
Dync1i2,6,True
Dync1li1,6,True
Dync1li2,6,True
Dync2h1,6,True
Dync2li1,6,True
Dynll1,6,True
Dynll2,6,True
Dynlrb1,6,True
Dynlrb2,3,True
Dynlt1-ps1,6,True
Dynlt1a,6,True
Dynlt1b,6,True
Dynlt1c,6,True
Dynlt1f,6,True
Dynlt3,6,True
Dyrk1a,6,True
Dyrk1b,5,True
Dyrk2,6,True
Dyrk3,5,True
Dyrk4,1,False
Dysf,6,True
Dytn,1,False
Dyx1c1,0,False
Dzank1,6,True
Dzip1,6,True
Dzip1l,6,True
Dzip3,6,True
E030013I19Rik,3,True
E030018B13Rik,0,False
E030024N20Rik,6,True
E030025P04Rik,1,False
E030026E10Rik,3,True
E030030I06Rik,3,True
E030032P16Rik,1,False
E030037K01Rik,5,True
E030042O20Rik,2,False
E030044B06Rik,1,False
E130006D01Rik,4,True
E130012A19Rik,5,True
E130018N17Rik,2,False
E130018O15Rik,2,False
E130102H24Rik,6,True
E130111B04Rik,0,False
E130114P18Rik,6,True
E130116L18Rik,0,False
E130120K24Rik,0,False
E130201H02Rik,4,True
E130208F15Rik,0,False
E130215H24Rik,6,True
E130218I03Rik,4,True
E130304I02Rik,0,False
E130307A14Rik,6,True
E130308A19Rik,6,True
E130309D02Rik,6,True
E130311K13Rik,6,True
E130317F20Rik,4,True
E230001N04Rik,4,True
E230013L22Rik,4,True
E230015B07Rik,3,True
E230016K23Rik,1,False
E230016M11Rik,6,True
E230020A03Rik,4,True
E230020D15Rik,1,False
E230025N22Rik,1,False
E230029C05Rik,6,True
E230032D23Rik,3,True
E2f1,6,True
E2f2,5,True
E2f3,6,True
E2f4,6,True
E2f5,6,True
E2f6,6,True
E2f7,5,True
E2f8,6,True
E330009J07Rik,6,True
E330010L02Rik,0,False
E330011M16Rik,0,False
E330012B07Rik,2,False
E330013P04Rik,6,True
E330014E10Rik,1,False
E330016L19Rik,0,False
E330017A01Rik,0,False
E330017L17Rik,0,False
E330020D12Rik,4,True
E330021D16Rik,0,False
E330023G01Rik,0,False
E330034G19Rik,1,False
E330034L11Rik,6,True
E330037G11Rik,5,True
E330040D14Rik,1,False
E430014B02Rik,2,False
E430018J23Rik,5,True
E430021H15Rik,6,True
E430024P14Rik,6,True
E430025E21Rik,6,True
E4f1,6,True
E530001F21Rik,1,False
E530011L22Rik,6,True
EU599041,5,True
Eaf1,6,True
Eaf2,6,True
Eapp,6,True
Ear-ps10,0,False
Ear-ps12,0,False
Ear-ps2,0,False
Ear-ps3,0,False
Ear-ps4,0,False
Ear-ps5,0,False
Ear-ps7,1,False
Ear-ps8,0,False
Ear-ps9,1,False
Ear1,0,False
Ear10,0,False
Ear14,0,False
Ear2,0,False
Ear6,1,False
Ears2,6,True
Ebag9,6,True
Ebf1,6,True
Ebf2,2,False
Ebf3,4,True
Ebf4,6,True
Ebi3,5,True
Ebna1bp2,6,True
Ebp,6,True
Ebpl,6,True
Ecd,6,True
Ece1,6,True
Ece2,6,True
Ecel1,2,False
Ech1,6,True
Echdc1,6,True
Echdc2,6,True
Echdc3,6,True
Echs1,6,True
Eci1,6,True
Eci2,6,True
Eci3,6,True
Ecm1,5,True
Ecm2,6,True
Ecscr,3,True
Ecsit,6,True
Ect2,5,True
Ect2l,2,False
Eda,6,True
Eda2r,5,True
Edar,4,True
Edaradd,4,True
Edc3,6,True
Edc4,6,True
Eddm3b,0,False
Edem1,6,True
Edem2,6,True
Edem3,6,True
Edf1,6,True
Edil3,6,True
Edn1,3,True
Edn2,0,False
Edn3,3,True
Ednra,6,True
Ednrb,6,True
Edrf1,6,True
Eea1,6,True
Eed,6,True
Eef1a1,6,True
Eef1a2,6,True
Eef1akmt1,6,True
Eef1b2,6,True
Eef1d,6,True
Eef1e1,6,True
Eef1g,6,True
Eef2,6,True
Eef2k,6,True
Eef2kmt,6,True
Eefsec,6,True
Eepd1,6,True
Efcab1,6,True
Efcab10,5,True
Efcab11,3,True
Efcab12,5,True
Efcab14,6,True
Efcab2,6,True
Efcab3,2,False
Efcab5,4,True
Efcab6,3,True
Efcab7,6,True
Efcab8,2,False
Efcab9,2,False
Efcc1,6,True
Efemp1,6,True
Efemp2,6,True
Efhb,2,False
Efhc1,5,True
Efhc2,1,False
Efhd1,6,True
Efhd1os,0,False
Efhd2,6,True
Efl1,6,True
Efna1,5,True
Efna2,6,True
Efna3,4,True
Efna4,4,True
Efna5,6,True
Efnb1,6,True
Efnb2,6,True
Efnb3,6,True
Efr3a,6,True
Efr3b,6,True
Efs,6,True
Eftud2,6,True
Egf,6,True
Egfem1,6,True
Egfl6,6,True
Egfl7,5,True
Egfl8,4,True
Egflam,4,True
Egfr,6,True
Egfros,3,True
Egln1,6,True
Egln2,6,True
Egln3,6,True
Egr1,6,True
Egr2,3,True
Egr3,4,True
Egr4,1,False
Ehbp1,6,True
Ehbp1l1,6,True
Ehd1,6,True
Ehd2,6,True
Ehd3,6,True
Ehd4,6,True
Ehf,2,False
Ehhadh,6,True
Ehmt1,6,True
Ehmt2,6,True
Ei24,6,True
Eid1,6,True
Eid2,6,True
Eid2b,6,True
Eid3,1,False
Eif1,6,True
Eif1-ps1,6,True
Eif1-ps3,0,False
Eif1a,6,True
Eif1ad,6,True
Eif1ax,6,True
Eif1b,6,True
Eif2a,6,True
Eif2ak1,6,True
Eif2ak2,6,True
Eif2ak3,6,True
Eif2ak4,6,True
Eif2b1,6,True
Eif2b2,6,True
Eif2b3,6,True
Eif2b4,6,True
Eif2b5,6,True
Eif2c5,0,False
Eif2d,6,True
Eif2s1,6,True
Eif2s2,6,True
Eif2s3x,6,True
Eif2s3y,4,True
Eif3a,6,True
Eif3b,6,True
Eif3c,6,True
Eif3d,6,True
Eif3e,6,True
Eif3f,6,True
Eif3g,6,True
Eif3h,6,True
Eif3i,6,True
Eif3j1,6,True
Eif3j2,6,True
Eif3k,6,True
Eif3l,6,True
Eif3m,6,True
Eif3s6-ps1,6,True
Eif3s6-ps2,6,True
Eif3s6-ps4,6,True
Eif4a-ps4,6,True
Eif4a1,6,True
Eif4a2,6,True
Eif4a3,6,True
Eif4b,6,True
Eif4e,6,True
Eif4e1b,0,False
Eif4e2,6,True
Eif4e3,5,True
Eif4ebp1,6,True
Eif4ebp2,6,True
Eif4ebp3,2,False
Eif4enif1,6,True
Eif4g1,6,True
Eif4g2,6,True
Eif4g3,6,True
Eif4h,6,True
Eif5,6,True
Eif5a,6,True
Eif5a2,6,True
Eif5al3-ps,6,True
Eif5b,6,True
Eif6,6,True
Elac1,6,True
Elac2,6,True
Elane,0,False
Elavl1,6,True
Elavl2,6,True
Elavl3,6,True
Elavl4,6,True
Eldr,5,True
Elf1,6,True
Elf2,6,True
Elf3,2,False
Elf4,2,False
Elf5,5,True
Elfn1,6,True
Elfn2,6,True
Elk1,6,True
Elk3,6,True
Elk4,6,True
Ell,6,True
Ell2,6,True
Ell3,5,True
Elmo1,6,True
Elmo2,6,True
Elmo3,6,True
Elmod1,6,True
Elmod2,6,True
Elmod3,6,True
Elmsan1,5,True
Eln,6,True
Elof1,6,True
Elovl1,6,True
Elovl2,6,True
Elovl3,0,False
Elovl4,6,True
Elovl5,6,True
Elovl6,6,True
Elovl7,6,True
Elp2,6,True
Elp3,6,True
Elp4,6,True
Elp5,6,True
Elp6,6,True
Emb,6,True
Emc1,6,True
Emc10,6,True
Emc2,6,True
Emc3,6,True
Emc4,6,True
Emc6,6,True
Emc7,6,True
Emc8,6,True
Emc9,6,True
Emcn,4,True
Emd,6,True
Eme1,6,True
Eme2,6,True
Emg1,6,True
Emid1,6,True
Emilin1,5,True
Emilin2,2,False
Emilin3,3,True
Eml1,6,True
Eml2,5,True
Eml3,6,True
Eml4,6,True
Eml5,6,True
Eml6,6,True
Emp1,2,False
Emp2,6,True
Emp3,5,True
Emsy,6,True
Emx1,6,True
Emx2,6,True
Emx2os,6,True
En1,2,False
En2,1,False
Enah,6,True
Enam,1,False
Enc1,6,True
Endod1,6,True
Endog,6,True
Endou,5,True
Endov,6,True
Eng,4,True
Engase,6,True
Enho,6,True
Enkd1,6,True
Enkur,4,True
Eno1,6,True
Eno1b,6,True
Eno2,6,True
Eno3,5,True
Eno4,2,False
Enoph1,6,True
Enox1,6,True
Enox2,5,True
Enpep,2,False
Enpp1,6,True
Enpp2,6,True
Enpp3,5,True
Enpp4,6,True
Enpp5,6,True
Enpp6,6,True
Enpp7,1,False
Ensa,6,True
Enthd1,1,False
Enthd2,6,True
Entpd1,6,True
Entpd2,6,True
Entpd3,3,True
Entpd4,6,True
Entpd5,6,True
Entpd6,6,True
Entpd7,5,True
Entpd8,1,False
Eny2,6,True
Eogt,6,True
Eomes,6,True
Ep300,6,True
Ep400,6,True
Epas1,6,True
Epb41,6,True
Epb41l1,6,True
Epb41l2,6,True
Epb41l3,6,True
Epb41l4a,6,True
Epb41l4aos,6,True
Epb41l4b,6,True
Epb41l5,6,True
Epb42,1,False
Epc1,6,True
Epc2,6,True
Epcam,6,True
Epdr1,6,True
Epg5,6,True
Epgn,0,False
Epha1,3,True
Epha10,5,True
Epha2,3,True
Epha3,5,True
Epha4,6,True
Epha5,6,True
Epha6,6,True
Epha7,6,True
Epha8,1,False
Ephb1,6,True
Ephb2,6,True
Ephb3,6,True
Ephb4,6,True
Ephb6,6,True
Ephx1,6,True
Ephx2,6,True
Ephx3,1,False
Ephx4,6,True
Epm2a,5,True
Epm2aip1,6,True
Epn1,6,True
Epn2,6,True
Epn3,1,False
Epo,2,False
Epor,5,True
Eppin,0,False
Eprs,6,True
Eps15,6,True
Eps15l1,6,True
Eps8,6,True
Eps8l1,5,True
Eps8l2,5,True
Eps8l3,2,False
Epsti1,5,True
Ept1,6,True
Epx,5,True
Epyc,0,False
Eqtn,0,False
Eral1,6,True
Erap1,6,True
Eras,0,False
Erbb2,6,True
Erbb2ip,6,True
Erbb3,6,True
Erbb4,6,True
Erc1,6,True
Erc2,6,True
Ercc1,6,True
Ercc2,6,True
Ercc3,5,True
Ercc4,6,True
Ercc5,6,True
Ercc6,6,True
Ercc6l,5,True
Ercc6l2,6,True
Ercc8,6,True
Erdr1,6,True
Ereg,1,False
Erf,5,True
Erg,0,False
Ergic1,6,True
Ergic2,6,True
Ergic3,6,True
Erh,6,True
Eri1,6,True
Eri2,6,True
Eri3,6,True
Erich1,6,True
Erich2,4,True
Erich2os,3,True
Erich3,5,True
Erich4,0,False
Erich5,3,True
Erich6,2,False
Erich6b,0,False
Erlec1,6,True
Erlin1,6,True
Erlin2,6,True
Ermap,2,False
Ermard,6,True
Ermn,6,True
Ermp1,6,True
Ern1,5,True
Ern2,0,False
Ero1l,6,True
Ero1lb,6,True
Erp27,1,False
Erp29,6,True
Erp44,6,True
Errfi1,6,True
Erv3,6,True
Esam,4,True
Esco1,6,True
Esco2,5,True
Esd,6,True
Esf1,6,True
Esm1,2,False
Esp1,0,False
Esp15,0,False
Esp16,0,False
Esp18,0,False
Esp23,1,False
Esp24,0,False
Esp3,0,False
Esp31,0,False
Esp34,0,False
Esp36,0,False
Esp38,0,False
Esp4,1,False
Esp6,0,False
Esp8,0,False
Espl1,6,True
Espn,5,True
Espnl,1,False
Esr1,6,True
Esr2,1,False
Esrp1,3,True
Esrp2,2,False
Esrra,6,True
Esrrb,4,True
Esrrg,3,True
Esx1,1,False
Esyt1,6,True
Esyt2,6,True
Esyt3,3,True
Etaa1,6,True
Etaa1os,5,True
Etd,0,False
Etf1,6,True
Etfa,6,True
Etfb,6,True
Etfdh,6,True
Ethe1,6,True
Etl4,5,True
Etnk1,6,True
Etnk2,2,False
Etnppl,6,True
Etohd2,6,True
Etohi1,6,True
Etos1,0,False
Ets1,5,True
Ets2,6,True
Etv1,6,True
Etv2,0,False
Etv3,6,True
Etv3l,0,False
Etv4,6,True
Etv5,6,True
Etv6,6,True
Eva1a,6,True
Eva1b,5,True
Eva1c,6,True
Evc,6,True
Evc2,6,True
Evi2a,6,True
Evi2b,2,False
Evi5,6,True
Evi5l,6,True
Evl,6,True
Evpl,5,True
Evx1,0,False
Evx1os,0,False
Evx2,1,False
Ewsr1,6,True
Exd1,6,True
Exd2,6,True
Exo1,5,True
Exo5,6,True
Exoc1,6,True
Exoc2,6,True
Exoc3,6,True
Exoc3l,4,True
Exoc3l2,0,False
Exoc3l4,6,True
Exoc4,6,True
Exoc5,6,True
Exoc6,6,True
Exoc6b,6,True
Exoc7,6,True
Exoc8,6,True
Exog,6,True
Exosc1,6,True
Exosc10,6,True
Exosc2,6,True
Exosc3,6,True
Exosc4,6,True
Exosc5,6,True
Exosc6,0,False
Exosc7,6,True
Exosc8,6,True
Exosc9,6,True
Exph5,4,True
Ext1,6,True
Ext2,6,True
Extl1,6,True
Extl2,6,True
Extl3,6,True
Eya1,6,True
Eya2,2,False
Eya3,6,True
Eya4,6,True
Ezh1,6,True
Ezh2,6,True
Ezr,6,True
F10,1,False
F11,1,False
F11r,4,True
F12,0,False
F13a1,6,True
F13b,0,False
F2,0,False
F2r,6,True
F2rl1,0,False
F2rl2,2,False
F2rl3,3,True
F3,6,True
F420014N23Rik,5,True
F5,2,False
F630028O10Rik,3,True
F630040K05Rik,6,True
F630206G17Rik,0,False
F7,1,False
F730016J06Rik,3,True
F730035M05Rik,1,False
F730035P03Rik,0,False
F730043M19Rik,6,True
F730311O21Rik,1,False
F8,5,True
F830016B08Rik,2,False
F830045P16Rik,0,False
F830112A20Rik,0,False
F830115B05Rik,1,False
F830208F22Rik,6,True
F830212C03Rik,1,False
F8a,6,True
F9,2,False
F930015N05Rik,0,False
F930017D23Rik,1,False
Fa2h,6,True
Faah,6,True
Faap100,6,True
Faap20,6,True
Faap24,6,True
Fabp1,1,False
Fabp12,1,False
Fabp2,0,False
Fabp3,6,True
Fabp3-ps1,6,True
Fabp4,0,False
Fabp5,6,True
Fabp5l2,6,True
Fabp6,0,False
Fabp7,6,True
Fabp9,0,False
Fadd,6,True
Faddos,2,False
Fads1,6,True
Fads2,6,True
Fads3,6,True
Fads6,6,True
Faf1,6,True
Faf2,6,True
Fah,6,True
Fahd1,6,True
Fahd2a,6,True
Faim,6,True
Faim2,6,True
Faiml,6,True
Fam101a,5,True
Fam101b,5,True
Fam102a,6,True
Fam102b,6,True
Fam103a1,6,True
Fam104a,6,True
Fam105a,6,True
Fam107a,6,True
Fam107b,6,True
Fam109a,6,True
Fam109b,4,True
Fam110a,6,True
Fam110b,6,True
Fam110c,0,False
Fam111a,5,True
Fam114a1,6,True
Fam114a2,6,True
Fam117a,6,True
Fam117b,6,True
Fam118a,6,True
Fam118b,6,True
Fam120a,6,True
Fam120aos,6,True
Fam120b,6,True
Fam120c,6,True
Fam122a,6,True
Fam122b,5,True
Fam122c,1,False
Fam124a,6,True
Fam124b,0,False
Fam126a,6,True
Fam126b,6,True
Fam129a,4,True
Fam129b,5,True
Fam129c,5,True
Fam131a,6,True
Fam131b,6,True
Fam131c,2,False
Fam132a,6,True
Fam132b,1,False
Fam133b,6,True
Fam134a,6,True
Fam134b,6,True
Fam134c,6,True
Fam135a,6,True
Fam135b,5,True
Fam136a,6,True
Fam136b-ps,6,True
Fam13a,6,True
Fam13b,6,True
Fam13c,6,True
Fam149a,6,True
Fam149b,6,True
Fam150a,0,False
Fam150b,4,True
Fam151a,0,False
Fam151b,6,True
Fam155a,6,True
Fam159a,0,False
Fam159b,4,True
Fam160a1,2,False
Fam160a2,6,True
Fam160b1,6,True
Fam160b2,6,True
Fam161a,6,True
Fam161b,6,True
Fam162a,6,True
Fam162b,0,False
Fam163a,6,True
Fam163b,6,True
Fam166a,1,False
Fam166b,1,False
Fam167a,6,True
Fam167b,1,False
Fam168a,6,True
Fam168b,6,True
Fam169a,6,True
Fam169b,2,False
Fam170a,1,False
Fam170b,0,False
Fam171a1,6,True
Fam171a2,5,True
Fam171b,6,True
Fam172a,6,True
Fam173a,6,True
Fam173b,6,True
Fam174a,6,True
Fam174b,6,True
Fam175a,6,True
Fam175b,6,True
Fam177a,6,True
Fam178a,6,True
Fam178b,2,False
Fam179a,3,True
Fam179b,6,True
Fam180a,0,False
Fam181a,6,True
Fam181b,6,True
Fam183b,5,True
Fam184a,6,True
Fam184b,6,True
Fam185a,6,True
Fam186a,5,True
Fam186b,3,True
Fam187a,0,False
Fam187b,2,False
Fam188a,6,True
Fam188b,6,True
Fam188b2-ps,0,False
Fam189a1,5,True
Fam189a2,6,True
Fam189b,6,True
Fam192a,6,True
Fam193a,6,True
Fam193b,6,True
Fam195a,6,True
Fam195b,6,True
Fam196a,6,True
Fam196b,6,True
Fam198a,6,True
Fam198b,3,True
Fam199x,6,True
Fam19a1,6,True
Fam19a2,6,True
Fam19a3,1,False
Fam19a4,5,True
Fam19a5,6,True
Fam204a,6,True
Fam205a1,3,True
Fam205a2,3,True
Fam205a3,3,True
Fam205a4,3,True
Fam205c,1,False
Fam206a,6,True
Fam207a,6,True
Fam208a,6,True
Fam208b,6,True
Fam209,0,False
Fam20a,6,True
Fam20b,6,True
Fam20c,6,True
Fam21,6,True
Fam210a,6,True
Fam210b,6,True
Fam212a,6,True
Fam212b,6,True
Fam213a,6,True
Fam213b,6,True
Fam214a,6,True
Fam214b,6,True
Fam216a,6,True
Fam216b,1,False
Fam217a,2,False
Fam217b,6,True
Fam219a,6,True
Fam219aos,1,False
Fam219b,6,True
Fam220-ps,4,True
Fam220a,6,True
Fam221a,5,True
Fam221b,6,True
Fam222a,5,True
Fam222b,6,True
Fam227a,6,True
Fam227b,5,True
Fam228a,6,True
Fam228b,6,True
Fam229a,1,False
Fam229b,6,True
Fam234a,6,True
Fam234b,6,True
Fam24a,0,False
Fam25c,2,False
Fam26d,1,False
Fam26e,4,True
Fam26f,2,False
Fam32a,6,True
Fam35a,6,True
Fam3a,6,True
Fam3b,0,False
Fam3c,6,True
Fam43a,6,True
Fam43b,3,True
Fam45a,6,True
Fam46a,5,True
Fam46b,2,False
Fam46c,4,True
Fam46d,0,False
Fam47c,0,False
Fam47e,4,True
Fam49a,6,True
Fam49b,6,True
Fam50a,6,True
Fam50b,0,False
Fam53a,6,True
Fam53b,6,True
Fam53c,6,True
Fam57a,6,True
Fam57b,6,True
Fam58b,6,True
Fam60a,6,True
Fam63a,6,True
Fam63b,6,True
Fam64a,6,True
Fam65a,6,True
Fam65b,6,True
Fam65c,1,False
Fam69a,6,True
Fam69b,6,True
Fam69c,6,True
Fam71a,1,False
Fam71b,2,False
Fam71d,0,False
Fam71e1,6,True
Fam71e2,0,False
Fam71f1,0,False
Fam71f2,4,True
Fam72a,5,True
Fam73a,6,True
Fam73b,6,True
Fam76a,6,True
Fam76b,5,True
Fam78a,2,False
Fam78b,4,True
Fam81a,6,True
Fam81b,1,False
Fam83a,3,True
Fam83b,0,False
Fam83c,4,True
Fam83d,5,True
Fam83e,5,True
Fam83f,3,True
Fam83g,4,True
Fam83h,5,True
Fam84a,6,True
Fam84b,6,True
Fam89a,6,True
Fam89b,5,True
Fam8a1,6,True
Fam90a1a,1,False
Fam90a1b,1,False
Fam91a1,6,True
Fam92a,6,True
Fam92b,3,True
Fam96a,6,True
Fam96b,6,True
Fam98a,6,True
Fam98b,6,True
Fam98c,6,True
Fan1,6,True
Fanca,6,True
Fancb,4,True
Fancc,6,True
Fancd2,6,True
Fancd2os,0,False
Fance,6,True
Fancf,6,True
Fancg,6,True
Fanci,6,True
Fancl,6,True
Fancm,6,True
Fank1,4,True
Fap,3,True
Far1,6,True
Far1os,3,True
Far2,6,True
Far2os1,0,False
Far2os2,1,False
Farp1,6,True
Farp2,5,True
Fars2,6,True
Farsa,6,True
Farsb,6,True
Fas,6,True
Fasl,0,False
Fasn,6,True
Fastk,6,True
Fastkd1,6,True
Fastkd2,6,True
Fastkd3,6,True
Fastkd5,5,True
Fat1,6,True
Fat2,4,True
Fat3,6,True
Fat4,6,True
Fate1,1,False
Fau,6,True
Fau-ps1,1,False
Fau-ps2,3,True
Faxc,6,True
Fbf1,6,True
Fbl,6,True
Fblim1,4,True
Fbll1,5,True
Fbln1,6,True
Fbln2,6,True
Fbln5,5,True
Fbln7,6,True
Fbn1,6,True
Fbn2,6,True
Fbp1,5,True
Fbp2,2,False
Fbrs,6,True
Fbrsl1,6,True
Fbxl12,6,True
Fbxl12os,6,True
Fbxl13,2,False
Fbxl14,6,True
Fbxl15,6,True
Fbxl16,6,True
Fbxl17,6,True
Fbxl18,6,True
Fbxl19,6,True
Fbxl2,6,True
Fbxl20,6,True
Fbxl21,5,True
Fbxl22,5,True
Fbxl3,6,True
Fbxl4,6,True
Fbxl5,6,True
Fbxl6,6,True
Fbxl7,4,True
Fbxl8,5,True
Fbxo10,6,True
Fbxo11,6,True
Fbxo15,2,False
Fbxo16,6,True
Fbxo17,5,True
Fbxo18,6,True
Fbxo2,6,True
Fbxo21,6,True
Fbxo22,6,True
Fbxo24,4,True
Fbxo25,6,True
Fbxo27,6,True
Fbxo28,6,True
Fbxo3,6,True
Fbxo30,6,True
Fbxo31,6,True
Fbxo32,6,True
Fbxo33,6,True
Fbxo34,6,True
Fbxo36,6,True
Fbxo38,6,True
Fbxo39,0,False
Fbxo4,6,True
Fbxo40,1,False
Fbxo41,6,True
Fbxo42,6,True
Fbxo43,0,False
Fbxo44,6,True
Fbxo45,6,True
Fbxo46,6,True
Fbxo47,3,True
Fbxo48,1,False
Fbxo5,6,True
Fbxo6,6,True
Fbxo7,6,True
Fbxo8,6,True
Fbxo9,6,True
Fbxw10,6,True
Fbxw11,6,True
Fbxw13,1,False
Fbxw14,1,False
Fbxw15,4,True
Fbxw16,3,True
Fbxw17,6,True
Fbxw18,0,False
Fbxw19,2,False
Fbxw2,6,True
Fbxw20,1,False
Fbxw21,1,False
Fbxw22,0,False
Fbxw23,1,False
Fbxw24,1,False
Fbxw25,1,False
Fbxw26,0,False
Fbxw27,1,False
Fbxw28,2,False
Fbxw4,6,True
Fbxw5,6,True
Fbxw7,6,True
Fbxw8,6,True
Fbxw9,6,True
Fcamr,0,False
Fcer1a,1,False
Fcer1g,6,True
Fcer2a,3,True
Fcf1,6,True
Fcgbp,4,True
Fcgr1,4,True
Fcgr2b,6,True
Fcgr3,6,True
Fcgr4,3,True
Fcgrt,6,True
Fcho1,6,True
Fcho2,6,True
Fchsd1,6,True
Fchsd2,6,True
Fcmr,1,False
Fcna,6,True
Fcnaos,3,True
Fcnb,1,False
Fcor,6,True
Fcrl1,0,False
Fcrl5,3,True
Fcrl6,1,False
Fcrla,0,False
Fcrlb,4,True
Fcrls,6,True
Fdft1,6,True
Fdps,6,True
Fdx1,6,True
Fdx1l,6,True
Fdxacb1,6,True
Fdxr,6,True
Fech,6,True
Fem1a,6,True
Fem1b,6,True
Fem1c,6,True
Fen1,6,True
Fendrr,3,True
Fer,6,True
Fer1l4,1,False
Fer1l5,5,True
Fer1l6,1,False
Ferd3l,0,False
Fermt1,4,True
Fermt2,6,True
Fermt3,6,True
Fes,5,True
Fetub,0,False
Fev,0,False
Fez1,6,True
Fez2,6,True
Fezf1,0,False
Fezf2,6,True
Ffar1,1,False
Ffar2,0,False
Ffar3,0,False
Ffar4,0,False
Fga,2,False
Fgb,0,False
Fgd1,6,True
Fgd2,6,True
Fgd3,5,True
Fgd4,6,True
Fgd5,3,True
Fgd6,6,True
Fgf1,6,True
Fgf10,6,True
Fgf11,6,True
Fgf12,6,True
Fgf13,6,True
Fgf14,6,True
Fgf15,0,False
Fgf16,0,False
Fgf17,0,False
Fgf18,2,False
Fgf2,6,True
Fgf20,0,False
Fgf21,0,False
Fgf22,4,True
Fgf23,0,False
Fgf2os,5,True
Fgf3,1,False
Fgf4,1,False
Fgf5,1,False
Fgf6,2,False
Fgf7,1,False
Fgf8,1,False
Fgf9,5,True
Fgfbp1,3,True
Fgfbp3,6,True
Fgfr1,6,True
Fgfr1op,6,True
Fgfr1op2,6,True
Fgfr2,6,True
Fgfr3,6,True
Fgfr3-ps,0,False
Fgfr4,2,False
Fgfrl1,6,True
Fgg,0,False
Fggy,6,True
Fgl1,3,True
Fgl2,4,True
Fgr,1,False
Fh1,6,True
Fhad1,5,True
Fhad1os1,0,False
Fhad1os2,0,False
Fhdc1,5,True
Fhit,6,True
Fhitos,2,False
Fhl1,6,True
Fhl2,6,True
Fhl3,4,True
Fhl4,6,True
Fhl5,1,False
Fhod1,6,True
Fhod3,6,True
Fibcd1,4,True
Fibin,4,True
Fibp,6,True
Ficd,6,True
Fig4,6,True
Figf,5,True
Figla,1,False
Fign,6,True
Fignl1,6,True
Fignl2,5,True
Filip1,4,True
Filip1l,6,True
Fip1l1,6,True
Firre,6,True
Fis1,6,True
Fitm1,0,False
Fitm2,6,True
Fiz1,6,True
Fjx1,6,True
Fkbp10,6,True
Fkbp11,5,True
Fkbp14,6,True
Fkbp15,6,True
Fkbp1a,6,True
Fkbp1b,6,True
Fkbp2,6,True
Fkbp3,6,True
Fkbp4,6,True
Fkbp5,6,True
Fkbp6,2,False
Fkbp7,6,True
Fkbp8,6,True
Fkbp9,6,True
Fkbpl,6,True
Fkrp,6,True
Fktn,6,True
Flad1,6,True
Flcn,6,True
Flg,2,False
Flg2,0,False
Fli1,5,True
Flii,6,True
Flna,6,True
Flnb,6,True
Flnc,2,False
Flot1,6,True
Flot2,6,True
Flrt1,6,True
Flrt2,6,True
Flrt3,6,True
Flt1,5,True
Flt3,3,True
Flt3l,6,True
Flt4,2,False
Flywch1,6,True
Flywch2,6,True
Fmn1,6,True
Fmn2,6,True
Fmnl1,6,True
Fmnl2,6,True
Fmnl3,6,True
Fmo1,6,True
Fmo2,4,True
Fmo3,1,False
Fmo4,1,False
Fmo5,6,True
Fmo6,2,False
Fmo9,1,False
Fmod,5,True
Fmr1,6,True
Fmr1nb,1,False
Fmr1os,0,False
Fn1,6,True
Fn3k,6,True
Fn3krp,6,True
Fnbp1,6,True
Fnbp1l,6,True
Fnbp4,6,True
Fnd3c2,1,False
Fndc1,5,True
Fndc3a,6,True
Fndc3b,6,True
Fndc3c1,1,False
Fndc4,6,True
Fndc5,6,True
Fndc7,2,False
Fndc8,4,True
Fndc9,2,False
Fnip1,6,True
Fnip2,6,True
Fnta,6,True
Fntb,6,True
Focad,6,True
Folh1,6,True
Folr1,0,False
Folr2,6,True
Fopnl,6,True
Fos,6,True
Fosb,5,True
Fosl1,0,False
Fosl2,6,True
Foxa1,0,False
Foxa2,0,False
Foxa3,1,False
Foxb1,0,False
Foxb2,1,False
Foxc1,2,False
Foxc2,0,False
Foxd1,0,False
Foxd2,1,False
Foxd2os,1,False
Foxd3,0,False
Foxd4,0,False
Foxe1,0,False
Foxe3,0,False
Foxf1,0,False
Foxf2,2,False
Foxg1,6,True
Foxh1,0,False
Foxi1,0,False
Foxi2,1,False
Foxi3,0,False
Foxj1,1,False
Foxj2,6,True
Foxj3,6,True
Foxk1,6,True
Foxk2,6,True
Foxl1,1,False
Foxl2,0,False
Foxl2os,2,False
Foxm1,6,True
Foxn1,1,False
Foxn2,6,True
Foxn3,6,True
Foxn4,0,False
Foxo1,6,True
Foxo3,6,True
Foxo4,5,True
Foxo6,6,True
Foxo6os,0,False
Foxp1,6,True
Foxp2,6,True
Foxp3,6,True
Foxp4,6,True
Foxq1,2,False
Foxr1,1,False
Foxr2,1,False
Foxred1,6,True
Foxred2,6,True
Foxs1,1,False
Fpgs,6,True
Fpgt,6,True
Fpr-rs3,0,False
Fpr-rs4,1,False
Fpr-rs6,0,False
Fpr-rs7,1,False
Fpr1,3,True
Fpr2,0,False
Fpr3,1,False
Fra10ac1,6,True
Fras1,6,True
Frat1,5,True
Frat2,2,False
Frem1,6,True
Frem2,6,True
Frem3,2,False
Frg1,6,True
Frk,2,False
Frmd3,6,True
Frmd4a,6,True
Frmd4b,6,True
Frmd5,6,True
Frmd6,6,True
Frmd7,6,True
Frmd8,6,True
Frmd8os,0,False
Frmpd1,6,True
Frmpd1os,3,True
Frmpd3,4,True
Frmpd4,5,True
Frrs1,6,True
Frrs1l,6,True
Frs2,6,True
Frs3,6,True
Frs3os,1,False
Fry,6,True
Fryl,6,True
Frzb,6,True
Fsbp,5,True
Fscb,1,False
Fscn1,6,True
Fscn2,3,True
Fscn3,2,False
Fsd1,6,True
Fsd1l,6,True
Fsd2,6,True
Fshb,1,False
Fshr,0,False
Fsip1,2,False
Fsip2,3,True
Fst,0,False
Fstl1,6,True
Fstl3,0,False
Fstl4,5,True
Fstl5,6,True
Ftcd,1,False
Fth-ps2,5,True
Fth1,6,True
Fthl17-ps1,0,False
Fthl17-ps2,0,False
Fthl17-ps3,0,False
Fthl17a,0,False
Fthl17b,0,False
Fthl17c,0,False
Fthl17d,0,False
Fthl17e,0,False
Fthl17f,0,False
Ftl1,6,True
Ftl2-ps,6,True
Ftmt,1,False
Fto,6,True
Ftsj1,6,True
Ftsj2,6,True
Ftsj3,6,True
Ftx,6,True
Fubp1,6,True
Fubp3,6,True
Fuca1,6,True
Fuca2,6,True
Fuk,6,True
Fundc1,6,True
Fundc2,6,True
Fuom,6,True
Furin,6,True
Fus,6,True
Fut1,1,False
Fut10,6,True
Fut11,6,True
Fut2,3,True
Fut4,1,False
Fut7,0,False
Fut8,6,True
Fut9,6,True
Fuz,6,True
Fv1,6,True
Fxn,6,True
Fxr1,6,True
Fxr2,6,True
Fxyd1,6,True
Fxyd2,5,True
Fxyd3,5,True
Fxyd4,6,True
Fxyd5,5,True
Fxyd6,6,True
Fxyd7,6,True
Fyb,6,True
Fyco1,6,True
Fyn,6,True
Fyttd1,6,True
Fzd1,6,True
Fzd10,1,False
Fzd2,6,True
Fzd3,6,True
Fzd4,6,True
Fzd5,2,False
Fzd6,6,True
Fzd7,5,True
Fzd8,6,True
Fzd9,6,True
Fzr1,6,True
G0s2,6,True
G2e3,6,True
G3bp1,6,True
G3bp2,6,True
G430049J08Rik,1,False
G430095P16Rik,6,True
G530011O06Rik,6,True
G530012D18Rik,0,False
G630016G05Rik,4,True
G630018N14Rik,1,False
G630022F23Rik,6,True
G630030J09Rik,0,False
G6b,0,False
G6pc,0,False
G6pc2,0,False
G6pc3,6,True
G6pd2,6,True
G6pdx,6,True
G730003C15Rik,5,True
G730013B05Rik,0,False
G930045G22Rik,0,False
Gaa,6,True
Gab1,6,True
Gab2,6,True
Gab3,6,True
Gabarap,6,True
Gabarapl1,6,True
Gabarapl2,6,True
Gabbr1,6,True
Gabbr2,6,True
Gabpa,6,True
Gabpb1,6,True
Gabpb2,6,True
Gabra1,6,True
Gabra2,6,True
Gabra3,6,True
Gabra4,6,True
Gabra5,6,True
Gabra6,1,False
Gabrb1,6,True
Gabrb2,6,True
Gabrb3,6,True
Gabrd,4,True
Gabre,4,True
Gabrg1,6,True
Gabrg2,6,True
Gabrg3,6,True
Gabrp,0,False
Gabrq,3,True
Gabrr1,1,False
Gabrr2,5,True
Gabrr3,1,False
Gad1,6,True
Gad1-ps,5,True
Gad1os,2,False
Gad2,4,True
Gadd45a,6,True
Gadd45b,4,True
Gadd45g,6,True
Gadd45gip1,6,True
Gadl1,6,True
Gak,6,True
Gal,5,True
Gal3st1,6,True
Gal3st2,0,False
Gal3st3,6,True
Gal3st4,4,True
Galc,6,True
Gale,6,True
Galk1,6,True
Galk2,6,True
Galm,6,True
Galns,5,True
Galnt1,6,True
Galnt10,6,True
Galnt11,6,True
Galnt12,1,False
Galnt13,6,True
Galnt14,6,True
Galnt15,6,True
Galnt16,6,True
Galnt18,6,True
Galnt2,4,True
Galnt3,6,True
Galnt4,6,True
Galnt5,1,False
Galnt6,6,True
Galnt6os,3,True
Galnt7,6,True
Galnt9,3,True
Galntl5,1,False
Galntl6,5,True
Galp,0,False
Galr1,2,False
Galr2,1,False
Galt,6,True
Gamt,6,True
Gan,6,True
Ganab,6,True
Ganc,6,True
Gap43,6,True
Gapdh,6,True
Gapdh-ps14,6,True
Gapdh-ps15,6,True
Gapdhs,6,True
Gapt,2,False
Gapvd1,6,True
Gar1,5,True
Garem,6,True
Gareml,6,True
Garnl3,6,True
Gars,6,True
Gart,6,True
Gas1,6,True
Gas2,6,True
Gas2l1,6,True
Gas2l2,2,False
Gas2l3,6,True
Gas5,6,True
Gas6,6,True
Gas7,6,True
Gas8,6,True
Gast,0,False
Gata1,1,False
Gata2,2,False
Gata3,1,False
Gata4,1,False
Gata5,1,False
Gata5os,1,False
Gata6,0,False
Gatad1,6,True
Gatad2a,6,True
Gatad2b,6,True
Gatb,6,True
Gatc,6,True
Gatm,6,True
Gatsl2,6,True
Gatsl3,6,True
Gba,6,True
Gba2,6,True
Gbas,6,True
Gbe1,6,True
Gbf1,6,True
Gbgt1,0,False
Gbp10,4,True
Gbp11,4,True
Gbp2,5,True
Gbp2-ps,0,False
Gbp2b,3,True
Gbp3,5,True
Gbp4,4,True
Gbp5,5,True
Gbp6,5,True
Gbp7,6,True
Gbp8,2,False
Gbp9,5,True
Gbx1,3,True
Gbx2,0,False
Gc,1,False
Gca,6,True
Gcat,6,True
Gcc1,6,True
Gcc2,6,True
Gcdh,6,True
Gcfc2,6,True
Gcg,0,False
Gcgr,2,False
Gch1,2,False
Gchfr,3,True
Gck,2,False
Gckr,3,True
Gclc,6,True
Gclm,6,True
Gcm1,0,False
Gcm2,0,False
Gcn1l1,6,True
Gcnt1,4,True
Gcnt2,5,True
Gcnt3,0,False
Gcnt4,6,True
Gcnt7,5,True
Gcom1,0,False
Gcsam,0,False
Gcsh,6,True
Gda,5,True
Gdap1,6,True
Gdap10,5,True
Gdap1l1,6,True
Gdap2,6,True
Gde1,6,True
Gdf1,0,False
Gdf10,6,True
Gdf11,6,True
Gdf15,4,True
Gdf2,0,False
Gdf3,1,False
Gdf5,0,False
Gdf6,0,False
Gdf7,0,False
Gdf9,5,True
Gdi1,6,True
Gdi2,6,True
Gdnf,1,False
Gdpd1,6,True
Gdpd2,6,True
Gdpd3,5,True
Gdpd4,2,False
Gdpd5,6,True
Gdpgp1,6,True
Gem,6,True
Gemin2,6,True
Gemin4,4,True
Gemin5,6,True
Gemin6,6,True
Gemin7,6,True
Gemin8,6,True
Gen1,6,True
Get4,6,True
Gfap,6,True
Gfer,6,True
Gfi1,0,False
Gfi1b,1,False
Gfm1,6,True
Gfm2,6,True
Gfod1,6,True
Gfod2,6,True
Gfpt1,6,True
Gfpt2,6,True
Gfra1,6,True
Gfra2,6,True
Gfra3,2,False
Gfra4,6,True
Gfral,1,False
Gfy,0,False
Gga1,6,True
Gga2,6,True
Gga3,6,True
Ggact,6,True
Ggct,6,True
Ggcx,6,True
Ggh,6,True
Ggn,6,True
Ggnbp1,6,True
Ggnbp2,6,True
Ggps1,6,True
Ggt1,6,True
Ggt5,3,True
Ggt6,4,True
Ggt7,6,True
Ggta1,6,True
Gh,0,False
Ghdc,6,True
Ghitm,6,True
Ghr,6,True
Ghrh,2,False
Ghrhr,2,False
Ghrl,1,False
Ghsr,2,False
Gid4,6,True
Gid8,6,True
Gif,2,False
Gigyf1,6,True
Gigyf2,6,True
Gimap1,0,False
Gimap1os,1,False
Gimap3,3,True
Gimap4,0,False
Gimap5,2,False
Gimap6,5,True
Gimap7,0,False
Gimap8,0,False
Gimap9,2,False
Gimd1,1,False
Gin1,6,True
Ginm1,6,True
Gins1,6,True
Gins2,6,True
Gins3,6,True
Gins4,6,True
Gip,0,False
Gipc1,6,True
Gipc2,3,True
Gipc3,2,False
Gipr,1,False
Git1,6,True
Git2,6,True
Gja1,6,True
Gja10,1,False
Gja3,0,False
Gja4,1,False
Gja5,6,True
Gja6,1,False
Gja8,1,False
Gjb1,6,True
Gjb2,6,True
Gjb3,5,True
Gjb4,1,False
Gjb5,0,False
Gjb6,6,True
Gjc1,3,True
Gjc2,6,True
Gjc3,6,True
Gjd2,1,False
Gjd3,0,False
Gjd4,0,False
Gje1,1,False
Gk,6,True
Gk2,4,True
Gk5,6,True
Gkap1,6,True
Gkn1,0,False
Gkn2,0,False
Gkn3,4,True
Gla,6,True
Glb1,6,True
Glb1l,6,True
Glb1l2,5,True
Glb1l3,0,False
Glcci1,6,True
Glce,6,True
Gldc,6,True
Gldn,3,True
Gldnos,2,False
Gle1,6,True
Glg1,6,True
Gli1,6,True
Gli2,6,True
Gli3,6,True
Glipr1,2,False
Glipr1l1,1,False
Glipr1l2,1,False
Glipr2,6,True
Glis1,3,True
Glis2,6,True
Glis3,6,True
Glmn,6,True
Glmp,6,True
Glns-ps1,6,True
Glo1,6,True
Glod4,6,True
Glod5,1,False
Glp1r,3,True
Glp2r,2,False
Glra1,2,False
Glra2,1,False
Glra3,4,True
Glra4,1,False
Glrb,6,True
Glrp1,0,False
Glrx,6,True
Glrx2,6,True
Glrx3,6,True
Glrx5,6,True
Gls,6,True
Gls2,3,True
Glt1d1,1,False
Glt28d2,5,True
Glt6d1,0,False
Glt8d1,6,True
Glt8d2,5,True
Gltp,6,True
Gltpd2,2,False
Gltscr1,6,True
Gltscr1l,6,True
Gltscr2,6,True
Glud-ps,6,True
Glud1,6,True
Glul,6,True
Glyat,2,False
Glyatl3,0,False
Glycam1,5,True
Glyctk,6,True
Glyr1,6,True
Gm1000,0,False
Gm10010,5,True
Gm10012,6,True
Gm10013,0,False
Gm10015,6,True
Gm10020,6,True
Gm10024,1,False
Gm10025,0,False
Gm10029,6,True
Gm10030,3,True
Gm10031,6,True
Gm10032,1,False
Gm10033,6,True
Gm10036,6,True
Gm10037,6,True
Gm10038,0,False
Gm10039,6,True
Gm10040,3,True
Gm10042,0,False
Gm10044,3,True
Gm10045,6,True
Gm10046,3,True
Gm10048,4,True
Gm10051,6,True
Gm10052,6,True
Gm10053,6,True
Gm10057,1,False
Gm10058,0,False
Gm10059,6,True
Gm10061,0,False
Gm10062,6,True
Gm10064,0,False
Gm10065,0,False
Gm10067,1,False
Gm10069,6,True
Gm10073,6,True
Gm10074,6,True
Gm10075,6,True
Gm10076,6,True
Gm10080,6,True
Gm10081,0,False
Gm10086,6,True
Gm10087,6,True
Gm10088,6,True
Gm10092,0,False
Gm10093,6,True
Gm10094,6,True
Gm10096,0,False
Gm10097,3,True
Gm10100,1,False
Gm10101,5,True
Gm10104,0,False
Gm10105,0,False
Gm10108,6,True
Gm10109,3,True
Gm10110,6,True
Gm10112,0,False
Gm10113,1,False
Gm10115,3,True
Gm10116,6,True
Gm10118,6,True
Gm10123,6,True
Gm10125,6,True
Gm10126,6,True
Gm10128,2,False
Gm10129,0,False
Gm10130,2,False
Gm10131,6,True
Gm10132,6,True
Gm10134,1,False
Gm10135,0,False
Gm10136,6,True
Gm10138,6,True
Gm10139,0,False
Gm10142,1,False
Gm10143,6,True
Gm10145,6,True
Gm10146,6,True
Gm10147,0,False
Gm10152,0,False
Gm10153,1,False
Gm10154,6,True
Gm10155,6,True
Gm10156,6,True
Gm10157,6,True
Gm10160,2,False
Gm10161,3,True
Gm10163,6,True
Gm10167,6,True
Gm10169,0,False
Gm10171,6,True
Gm10172,0,False
Gm10175,6,True
Gm10176,1,False
Gm10177,6,True
Gm10179,6,True
Gm10180,6,True
Gm10181,0,False
Gm10182,6,True
Gm10184,6,True
Gm10188,0,False
Gm10190,0,False
Gm10192,0,False
Gm10193,6,True
Gm10197,0,False
Gm10198,0,False
Gm10203,0,False
Gm10205,0,False
Gm10209,3,True
Gm10212,1,False
Gm10217,0,False
Gm10220,6,True
Gm10221,6,True
Gm10222,6,True
Gm10224,6,True
Gm10226,6,True
Gm10228,0,False
Gm10229,0,False
Gm10230,0,False
Gm10231,6,True
Gm10232,6,True
Gm10233,6,True
Gm10234,1,False
Gm10237,6,True
Gm10238,1,False
Gm10240,6,True
Gm10241,6,True
Gm10242,0,False
Gm10243,6,True
Gm10244,6,True
Gm10247,6,True
Gm10248,0,False
Gm10250,6,True
Gm10251,0,False
Gm10253,0,False
Gm10254,6,True
Gm10256,0,False
Gm10257,6,True
Gm10258,0,False
Gm10259,6,True
Gm10260,0,False
Gm10263,6,True
Gm10264,0,False
Gm10267,0,False
Gm10268,6,True
Gm10269,6,True
Gm10271,0,False
Gm10272,1,False
Gm10273,6,True
Gm10275,6,True
Gm10277,6,True
Gm10282,6,True
Gm10283,1,False
Gm10284,6,True
Gm10286,1,False
Gm10287,0,False
Gm10288,6,True
Gm10290,6,True
Gm10291,6,True
Gm10292,0,False
Gm10293,6,True
Gm10295,0,False
Gm10297,5,True
Gm10298,0,False
Gm10300,0,False
Gm10302,1,False
Gm10305,1,False
Gm10306,1,False
Gm10307,0,False
Gm10308,0,False
Gm10309,2,False
Gm10310,2,False
Gm10311,6,True
Gm10312,0,False
Gm10313,6,True
Gm10318,0,False
Gm10319,0,False
Gm10320,6,True
Gm10322,0,False
Gm10323,0,False
Gm10324,0,False
Gm10327,6,True
Gm10330,0,False
Gm10334,1,False
Gm10335,6,True
Gm10337,2,False
Gm10338,0,False
Gm10339,0,False
Gm10340,6,True
Gm10343,6,True
Gm10344,0,False
Gm10351,0,False
Gm10352,0,False
Gm10354,4,True
Gm10355,6,True
Gm10356,6,True
Gm10357,6,True
Gm10358,6,True
Gm10359,6,True
Gm10360,0,False
Gm10364,4,True
Gm10369,3,True
Gm10371,4,True
Gm10373,1,False
Gm10375,1,False
Gm10376,1,False
Gm10377,0,False
Gm10378,1,False
Gm10382,6,True
Gm10384,1,False
Gm10388,2,False
Gm10390,3,True
Gm10392,2,False
Gm10398,0,False
Gm10399,2,False
Gm10400,1,False
Gm10401,0,False
Gm10406,6,True
Gm10408,3,True
Gm10409,6,True
Gm10410,0,False
Gm10413,0,False
Gm10415,0,False
Gm10416,3,True
Gm10417,0,False
Gm10418,0,False
Gm10419,6,True
Gm10420,6,True
Gm10421,0,False
Gm10424,0,False
Gm10425,6,True
Gm10428,0,False
Gm1043,2,False
Gm10433,4,True
Gm10434,6,True
Gm10435,1,False
Gm10436,0,False
Gm10439,0,False
Gm10440,0,False
Gm10441,1,False
Gm10443,6,True
Gm10444,0,False
Gm10445,1,False
Gm10447,2,False
Gm1045,2,False
Gm10451,0,False
Gm10459,0,False
Gm10461,6,True
Gm10463,0,False
Gm10466,1,False
Gm10471,5,True
Gm10472,1,False
Gm10475,1,False
Gm10476,1,False
Gm10477,0,False
Gm10478,6,True
Gm10479,1,False
Gm10481,6,True
Gm10482,6,True
Gm10484,4,True
Gm10486,0,False
Gm10487,0,False
Gm10488,0,False
Gm10489,1,False
Gm10490,0,False
Gm10491,0,False
Gm10493,0,False
Gm10499,6,True
Gm10501,5,True
Gm10505,1,False
Gm10509,5,True
Gm10513,4,True
Gm10516,4,True
Gm10517,4,True
Gm10518,2,False
Gm10521,0,False
Gm10522,0,False
Gm10524,5,True
Gm10530,5,True
Gm10531,0,False
Gm10532,1,False
Gm10535,1,False
Gm10537,0,False
Gm10538,2,False
Gm10540,6,True
Gm10542,0,False
Gm10544,3,True
Gm10545,0,False
Gm10548,3,True
Gm10549,1,False
Gm10550,2,False
Gm10552,2,False
Gm10553,0,False
Gm10555,0,False
Gm10556,0,False
Gm10557,6,True
Gm10558,6,True
Gm10561,6,True
Gm10563,0,False
Gm10564,0,False
Gm10566,6,True
Gm10568,0,False
Gm10570,1,False
Gm10571,0,False
Gm10575,6,True
Gm10576,0,False
Gm10577,0,False
Gm10580,0,False
Gm10581,1,False
Gm10582,0,False
Gm10583,1,False
Gm10584,0,False
Gm10591,5,True
Gm10593,4,True
Gm10600,4,True
Gm10601,3,True
Gm10602,6,True
Gm10603,6,True
Gm10604,3,True
Gm10605,6,True
Gm10608,0,False
Gm10610,2,False
Gm10612,0,False
Gm10614,2,False
Gm10616,1,False
Gm10617,1,False
Gm10619,2,False
Gm10620,0,False
Gm10623,0,False
Gm10629,5,True
Gm10631,0,False
Gm10634,3,True
Gm10636,0,False
Gm10637,1,False
Gm10638,4,True
Gm10639,2,False
Gm10640,0,False
Gm10642,2,False
Gm10643,5,True
Gm10644,6,True
Gm10645,4,True
Gm10647,2,False
Gm10649,3,True
Gm10650,0,False
Gm10651,3,True
Gm10652,0,False
Gm10653,6,True
Gm10654,4,True
Gm10655,2,False
Gm10657,2,False
Gm10658,6,True
Gm10660,0,False
Gm10662,2,False
Gm10663,0,False
Gm10665,1,False
Gm10666,1,False
Gm10668,3,True
Gm10670,1,False
Gm10676,1,False
Gm10680,1,False
Gm10681,0,False
Gm10684,0,False
Gm10685,0,False
Gm10687,1,False
Gm10689,6,True
Gm10693,2,False
Gm10696,0,False
Gm10697,0,False
Gm10698,6,True
Gm10699,5,True
Gm1070,3,True
Gm10701,1,False
Gm10702,0,False
Gm10704,6,True
Gm10705,6,True
Gm10706,0,False
Gm10709,6,True
Gm10710,0,False
Gm10714,1,False
Gm10715,6,True
Gm10717,6,True
Gm10718,6,True
Gm10719,6,True
Gm10720,6,True
Gm10721,6,True
Gm10722,6,True
Gm10723,0,False
Gm10727,1,False
Gm10728,2,False
Gm10729,0,False
Gm10730,0,False
Gm10731,2,False
Gm10735,1,False
Gm10736,6,True
Gm10745,1,False
Gm10748,2,False
Gm10750,0,False
Gm10754,0,False
Gm10762,5,True
Gm10764,0,False
Gm10766,6,True
Gm10767,6,True
Gm10770,0,False
Gm10772,0,False
Gm10774,0,False
Gm10775,1,False
Gm10778,6,True
Gm10780,0,False
Gm10782,1,False
Gm10784,6,True
Gm10785,6,True
Gm10787,0,False
Gm10794,0,False
Gm10797,0,False
Gm10799,0,False
Gm10800,6,True
Gm10801,6,True
Gm10803,2,False
Gm10804,2,False
Gm10805,0,False
Gm10807,3,True
Gm10812,0,False
Gm10813,0,False
Gm10814,0,False
Gm10819,6,True
Gm10822,3,True
Gm10825,2,False
Gm10827,3,True
Gm10829,2,False
Gm10830,0,False
Gm10837,1,False
Gm10840,1,False
Gm10842,0,False
Gm10845,0,False
Gm10848,1,False
Gm10849,0,False
Gm10851,0,False
Gm10855,1,False
Gm10857,1,False
Gm10860,0,False
Gm10862,5,True
Gm10863,6,True
Gm10874,6,True
Gm10912,1,False
Gm10913,6,True
Gm10916,6,True
Gm10921,2,False
Gm10922,1,False
Gm10923,6,True
Gm10925,6,True
Gm10936,0,False
Gm10941,4,True
Gm10944,0,False
Gm10945,0,False
Gm10959,1,False
Gm10961,0,False
Gm10964,0,False
Gm10972,0,False
Gm10974,0,False
Gm10985,0,False
Gm10988,1,False
Gm10999,0,False
Gm11007,6,True
Gm11008,6,True
Gm11009,1,False
Gm11011,0,False
Gm11020,1,False
Gm11025,6,True
Gm11027,0,False
Gm11032,0,False
Gm11033,1,False
Gm11034,0,False
Gm11037,0,False
Gm11042,1,False
Gm11060,0,False
Gm11065,0,False
Gm11077,0,False
Gm11084,0,False
Gm11096,0,False
Gm11099,0,False
Gm1110,2,False
Gm11100,6,True
Gm11105,0,False
Gm11107,0,False
Gm11109,0,False
Gm11110,5,True
Gm11111,0,False
Gm11114,0,False
Gm11115,0,False
Gm11116,0,False
Gm11127,6,True
Gm1113,1,False
Gm11131,6,True
Gm11146,2,False
Gm11149,6,True
Gm11168,6,True
Gm11172,0,False
Gm11175,0,False
Gm11184,0,False
Gm11185,6,True
Gm11186,0,False
Gm11188,0,False
Gm11189,6,True
Gm11190,0,False
Gm11191,6,True
Gm11192,1,False
Gm11193,0,False
Gm11195,0,False
Gm11196,6,True
Gm11197,1,False
Gm11198,5,True
Gm11199,1,False
Gm11200,0,False
Gm11201,3,True
Gm11203,6,True
Gm11204,6,True
Gm11205,1,False
Gm11207,6,True
Gm11209,4,True
Gm11210,0,False
Gm11211,0,False
Gm11212,0,False
Gm11213,1,False
Gm11214,2,False
Gm11216,0,False
Gm11217,0,False
Gm11218,0,False
Gm11219,0,False
Gm11220,0,False
Gm11221,6,True
Gm11222,6,True
Gm11223,6,True
Gm11224,6,True
Gm11225,6,True
Gm11226,6,True
Gm11227,3,True
Gm11228,1,False
Gm11229,6,True
Gm1123,0,False
Gm11231,1,False
Gm11232,0,False
Gm11233,0,False
Gm11234,0,False
Gm11235,5,True
Gm11236,0,False
Gm11237,0,False
Gm11238,1,False
Gm11239,0,False
Gm11240,1,False
Gm11241,6,True
Gm11242,3,True
Gm11243,1,False
Gm11244,0,False
Gm11245,0,False
Gm11246,5,True
Gm11248,2,False
Gm11249,6,True
Gm11250,0,False
Gm11251,4,True
Gm11252,2,False
Gm11253,0,False
Gm11254,0,False
Gm11255,1,False
Gm11256,0,False
Gm11257,0,False
Gm11258,6,True
Gm11259,2,False
Gm11260,0,False
Gm11261,1,False
Gm11262,0,False
Gm11263,6,True
Gm11264,2,False
Gm11266,6,True
Gm11267,4,True
Gm11268,0,False
Gm11269,0,False
Gm11270,0,False
Gm11271,0,False
Gm11273,6,True
Gm11274,4,True
Gm11278,0,False
Gm11279,0,False
Gm11280,0,False
Gm11281,6,True
Gm11282,1,False
Gm11284,0,False
Gm11285,6,True
Gm11290,0,False
Gm11291,0,False
Gm11292,1,False
Gm11295,6,True
Gm11298,6,True
Gm11300,0,False
Gm11307,6,True
Gm11309,0,False
Gm11313,4,True
Gm11314,0,False
Gm11318,1,False
Gm11320,0,False
Gm11321,1,False
Gm11322,0,False
Gm11325,0,False
Gm11331,0,False
Gm11333,0,False
Gm11334,0,False
Gm11335,2,False
Gm11336,6,True
Gm11337,0,False
Gm11338,2,False
Gm11339,1,False
Gm11340,0,False
Gm11341,0,False
Gm11342,0,False
Gm11343,0,False
Gm11344,0,False
Gm11345,0,False
Gm11346,3,True
Gm11348,0,False
Gm11349,6,True
Gm11350,1,False
Gm11351,1,False
Gm11352,0,False
Gm11353,6,True
Gm11354,0,False
Gm11355,0,False
Gm11356,0,False
Gm11357,0,False
Gm11358,2,False
Gm11359,0,False
Gm11360,0,False
Gm11361,6,True
Gm11362,6,True
Gm11363,1,False
Gm11364,0,False
Gm11365,2,False
Gm11366,1,False
Gm11367,6,True
Gm11368,2,False
Gm11369,0,False
Gm11370,0,False
Gm11371,0,False
Gm11372,0,False
Gm11373,0,False
Gm11374,0,False
Gm11375,0,False
Gm11376,0,False
Gm11377,0,False
Gm11378,0,False
Gm11379,0,False
Gm11380,1,False
Gm11381,0,False
Gm11382,1,False
Gm11383,6,True
Gm11384,0,False
Gm11385,0,False
Gm11386,0,False
Gm11387,1,False
Gm11388,0,False
Gm11389,0,False
Gm11392,0,False
Gm11393,0,False
Gm11394,0,False
Gm11395,0,False
Gm11397,2,False
Gm11398,0,False
Gm11399,2,False
Gm1140,0,False
Gm11400,6,True
Gm11401,6,True
Gm11403,0,False
Gm11404,1,False
Gm11405,6,True
Gm11406,0,False
Gm11407,6,True
Gm11408,6,True
Gm11409,0,False
Gm1141,1,False
Gm11410,6,True
Gm11411,0,False
Gm11412,3,True
Gm11413,0,False
Gm11414,0,False
Gm11415,0,False
Gm11416,5,True
Gm11417,5,True
Gm11418,0,False
Gm11419,1,False
Gm11420,1,False
Gm11421,0,False
Gm11422,0,False
Gm11423,5,True
Gm11424,0,False
Gm11425,6,True
Gm11426,0,False
Gm11427,0,False
Gm11429,0,False
Gm11430,1,False
Gm11431,0,False
Gm11432,0,False
Gm11433,0,False
Gm11434,6,True
Gm11437,1,False
Gm11438,2,False
Gm11439,1,False
Gm11440,2,False
Gm11443,1,False
Gm11444,0,False
Gm11445,6,True
Gm11446,0,False
Gm11447,0,False
Gm11448,6,True
Gm11449,6,True
Gm11450,1,False
Gm11451,6,True
Gm11452,6,True
Gm11453,6,True
Gm11454,2,False
Gm11455,0,False
Gm11456,1,False
Gm11457,5,True
Gm11460,6,True
Gm11461,0,False
Gm11462,0,False
Gm11464,1,False
Gm11465,2,False
Gm11466,0,False
Gm11467,0,False
Gm11468,1,False
Gm11469,6,True
Gm11470,6,True
Gm11471,0,False
Gm11472,4,True
Gm11473,0,False
Gm11474,6,True
Gm11475,0,False
Gm11476,0,False
Gm11478,6,True
Gm11479,1,False
Gm11480,0,False
Gm11481,0,False
Gm11482,1,False
Gm11483,0,False
Gm11484,0,False
Gm11485,6,True
Gm11486,1,False
Gm11487,1,False
Gm11488,6,True
Gm11489,0,False
Gm11490,2,False
Gm11491,4,True
Gm11492,1,False
Gm11493,0,False
Gm11494,0,False
Gm11496,2,False
Gm11497,0,False
Gm11498,0,False
Gm11500,0,False
Gm11501,2,False
Gm11502,6,True
Gm11504,0,False
Gm11505,0,False
Gm11506,0,False
Gm11507,6,True
Gm11508,0,False
Gm11509,0,False
Gm11510,6,True
Gm11511,2,False
Gm11512,6,True
Gm11513,2,False
Gm11514,1,False
Gm11515,0,False
Gm11516,6,True
Gm11517,6,True
Gm11518,6,True
Gm11520,3,True
Gm11521,0,False
Gm11522,1,False
Gm11523,3,True
Gm11524,0,False
Gm11525,4,True
Gm11527,1,False
Gm11528,0,False
Gm11529,0,False
Gm11531,6,True
Gm11532,5,True
Gm11533,6,True
Gm11534,0,False
Gm11535,0,False
Gm11536,0,False
Gm11537,0,False
Gm11539,6,True
Gm11540,1,False
Gm11541,0,False
Gm11542,3,True
Gm11543,1,False
Gm11544,0,False
Gm11545,0,False
Gm11546,0,False
Gm11548,1,False
Gm11549,4,True
Gm11550,1,False
Gm11551,1,False
Gm11553,0,False
Gm11554,0,False
Gm11555,1,False
Gm11556,0,False
Gm11557,6,True
Gm11558,0,False
Gm11559,0,False
Gm11560,6,True
Gm11561,0,False
Gm11562,1,False
Gm11563,1,False
Gm11564,1,False
Gm11565,0,False
Gm11566,0,False
Gm11567,0,False
Gm11568,0,False
Gm11569,0,False
Gm11571,1,False
Gm11572,6,True
Gm11573,0,False
Gm11574,3,True
Gm11575,6,True
Gm11576,0,False
Gm11577,1,False
Gm11578,6,True
Gm11579,0,False
Gm11581,0,False
Gm11582,6,True
Gm11583,0,False
Gm11584,0,False
Gm11585,6,True
Gm11586,0,False
Gm11587,0,False
Gm11588,1,False
Gm11590,0,False
Gm11591,1,False
Gm11592,2,False
Gm11594,0,False
Gm11595,0,False
Gm11596,0,False
Gm11597,0,False
Gm11598,6,True
Gm11599,6,True
Gm11600,0,False
Gm11604,6,True
Gm11605,6,True
Gm11606,0,False
Gm11608,0,False
Gm11609,0,False
Gm11611,3,True
Gm11613,2,False
Gm11614,1,False
Gm11615,1,False
Gm11617,0,False
Gm11618,0,False
Gm11619,6,True
Gm11620,6,True
Gm11621,0,False
Gm11622,0,False
Gm11623,0,False
Gm11624,4,True
Gm11625,6,True
Gm11626,5,True
Gm11627,6,True
Gm11628,6,True
Gm11629,1,False
Gm11630,1,False
Gm11631,1,False
Gm11632,0,False
Gm11633,6,True
Gm11634,1,False
Gm11635,0,False
Gm11636,6,True
Gm11637,1,False
Gm11638,4,True
Gm11639,1,False
Gm11640,0,False
Gm11642,0,False
Gm11643,3,True
Gm11644,0,False
Gm11645,6,True
Gm11646,6,True
Gm11649,0,False
Gm11650,6,True
Gm11651,0,False
Gm11652,6,True
Gm11653,6,True
Gm11655,5,True
Gm11656,0,False
Gm11657,0,False
Gm11658,6,True
Gm11659,5,True
Gm11660,0,False
Gm11661,0,False
Gm11662,6,True
Gm11663,6,True
Gm11665,1,False
Gm11667,0,False
Gm11668,0,False
Gm11670,1,False
Gm11672,1,False
Gm11673,1,False
Gm11674,1,False
Gm11675,6,True
Gm11676,1,False
Gm11677,6,True
Gm11679,0,False
Gm11680,1,False
Gm11681,6,True
Gm11682,0,False
Gm11683,0,False
Gm11684,0,False
Gm11685,0,False
Gm11686,5,True
Gm11687,6,True
Gm11688,1,False
Gm11689,6,True
Gm11690,0,False
Gm11691,0,False
Gm11692,1,False
Gm11693,0,False
Gm11694,3,True
Gm11695,0,False
Gm11696,6,True
Gm11697,2,False
Gm11698,0,False
Gm11699,0,False
Gm11700,0,False
Gm11701,0,False
Gm11702,6,True
Gm11703,6,True
Gm11704,0,False
Gm11706,2,False
Gm11707,2,False
Gm11708,6,True
Gm11712,4,True
Gm11713,5,True
Gm11714,2,False
Gm11715,0,False
Gm11716,3,True
Gm11718,0,False
Gm11719,3,True
Gm11722,2,False
Gm11723,0,False
Gm11724,0,False
Gm11725,1,False
Gm11726,0,False
Gm11728,0,False
Gm11729,0,False
Gm11730,1,False
Gm11731,1,False
Gm11732,0,False
Gm11733,0,False
Gm11734,3,True
Gm11735,1,False
Gm11736,0,False
Gm11737,1,False
Gm11738,0,False
Gm11739,6,True
Gm11742,0,False
Gm11743,1,False
Gm11744,4,True
Gm11745,3,True
Gm11746,0,False
Gm11747,1,False
Gm11748,0,False
Gm11749,0,False
Gm11750,0,False
Gm11751,0,False
Gm11752,0,False
Gm11753,0,False
Gm11754,0,False
Gm11755,1,False
Gm11756,0,False
Gm11757,0,False
Gm11758,0,False
Gm11759,6,True
Gm11760,6,True
Gm11761,1,False
Gm11762,0,False
Gm11763,1,False
Gm11764,6,True
Gm11765,0,False
Gm11766,1,False
Gm11767,3,True
Gm11769,6,True
Gm11770,1,False
Gm11771,6,True
Gm11772,5,True
Gm11773,0,False
Gm11774,0,False
Gm11775,0,False
Gm11779,1,False
Gm11780,0,False
Gm11781,0,False
Gm11782,0,False
Gm11783,4,True
Gm11784,0,False
Gm11785,0,False
Gm11786,0,False
Gm11787,6,True
Gm11788,2,False
Gm11789,1,False
Gm11790,0,False
Gm11791,1,False
Gm11792,0,False
Gm11793,6,True
Gm11794,0,False
Gm11795,0,False
Gm11796,0,False
Gm11797,0,False
Gm11798,1,False
Gm11799,0,False
Gm11800,0,False
Gm11801,0,False
Gm11802,4,True
Gm11803,0,False
Gm11804,0,False
Gm11805,6,True
Gm11808,6,True
Gm11809,6,True
Gm11810,3,True
Gm11813,0,False
Gm11814,6,True
Gm11815,0,False
Gm11816,0,False
Gm11817,1,False
Gm11819,0,False
Gm11820,0,False
Gm11821,2,False
Gm11822,0,False
Gm11823,0,False
Gm11824,6,True
Gm11825,0,False
Gm11826,6,True
Gm11827,3,True
Gm11829,6,True
Gm11830,6,True
Gm11831,1,False
Gm11832,1,False
Gm11833,0,False
Gm11834,0,False
Gm11835,0,False
Gm11836,6,True
Gm11837,6,True
Gm11838,6,True
Gm11839,6,True
Gm11840,0,False
Gm11841,6,True
Gm11842,2,False
Gm11843,6,True
Gm11844,1,False
Gm11845,1,False
Gm11846,0,False
Gm11847,6,True
Gm11848,0,False
Gm11849,0,False
Gm11850,6,True
Gm11851,1,False
Gm11852,0,False
Gm11853,3,True
Gm11854,0,False
Gm11855,5,True
Gm11856,6,True
Gm11857,6,True
Gm11858,0,False
Gm11859,0,False
Gm11860,2,False
Gm11861,0,False
Gm11862,0,False
Gm11864,0,False
Gm11865,6,True
Gm11866,0,False
Gm11867,1,False
Gm11868,6,True
Gm11869,0,False
Gm11870,1,False
Gm11871,0,False
Gm11872,2,False
Gm11873,0,False
Gm11874,0,False
Gm11875,0,False
Gm11876,0,False
Gm11877,5,True
Gm11878,6,True
Gm11879,0,False
Gm11880,4,True
Gm11881,0,False
Gm11882,0,False
Gm11884,1,False
Gm11885,0,False
Gm11888,0,False
Gm11889,6,True
Gm11890,0,False
Gm11891,0,False
Gm11892,6,True
Gm11893,6,True
Gm11894,0,False
Gm11895,6,True
Gm11896,6,True
Gm11897,1,False
Gm11898,1,False
Gm11899,4,True
Gm11901,1,False
Gm11902,5,True
Gm11903,2,False
Gm11904,0,False
Gm11905,0,False
Gm11906,6,True
Gm11907,0,False
Gm11908,0,False
Gm11909,0,False
Gm11910,0,False
Gm11911,0,False
Gm11912,1,False
Gm11913,0,False
Gm11914,6,True
Gm11915,0,False
Gm11916,1,False
Gm11917,1,False
Gm11918,6,True
Gm11919,0,False
Gm11920,0,False
Gm11922,1,False
Gm11923,0,False
Gm11924,2,False
Gm11925,0,False
Gm11926,1,False
Gm11927,6,True
Gm11928,0,False
Gm11929,1,False
Gm11930,6,True
Gm11931,0,False
Gm11933,0,False
Gm11934,6,True
Gm11935,1,False
Gm11936,0,False
Gm11937,2,False
Gm11938,0,False
Gm11939,0,False
Gm11940,2,False
Gm11941,3,True
Gm11942,6,True
Gm11943,0,False
Gm11944,5,True
Gm11945,6,True
Gm11946,5,True
Gm11947,0,False
Gm11948,1,False
Gm11949,6,True
Gm11950,0,False
Gm11951,6,True
Gm11952,2,False
Gm11953,6,True
Gm11954,6,True
Gm11955,6,True
Gm11956,5,True
Gm11957,6,True
Gm11958,0,False
Gm11959,1,False
Gm11960,6,True
Gm11961,0,False
Gm11962,0,False
Gm11963,1,False
Gm11964,6,True
Gm11965,6,True
Gm11966,6,True
Gm11967,0,False
Gm11969,4,True
Gm11970,6,True
Gm11971,6,True
Gm11972,5,True
Gm11973,1,False
Gm11975,6,True
Gm11976,0,False
Gm11977,6,True
Gm11978,0,False
Gm11979,6,True
Gm11980,0,False
Gm11981,1,False
Gm11982,0,False
Gm11983,6,True
Gm11984,0,False
Gm11985,0,False
Gm11986,1,False
Gm11987,0,False
Gm11988,1,False
Gm11989,6,True
Gm11990,0,False
Gm11991,6,True
Gm11992,4,True
Gm11993,6,True
Gm11996,0,False
Gm11997,1,False
Gm11998,0,False
Gm11999,2,False
Gm12000,0,False
Gm12001,0,False
Gm12002,1,False
Gm12003,6,True
Gm12004,6,True
Gm12005,6,True
Gm12006,0,False
Gm12007,6,True
Gm12008,0,False
Gm12009,6,True
Gm12010,0,False
Gm12011,0,False
Gm12012,0,False
Gm12013,6,True
Gm12014,0,False
Gm12015,0,False
Gm12016,1,False
Gm12017,6,True
Gm12018,1,False
Gm12019,0,False
Gm12020,6,True
Gm12021,6,True
Gm12022,2,False
Gm12023,0,False
Gm12024,0,False
Gm12025,0,False
Gm12026,5,True
Gm12027,2,False
Gm12028,0,False
Gm12029,0,False
Gm12030,0,False
Gm12031,4,True
Gm12033,6,True
Gm12034,6,True
Gm12035,6,True
Gm12036,0,False
Gm12037,0,False
Gm12038,6,True
Gm12039,6,True
Gm12040,6,True
Gm12041,0,False
Gm12042,0,False
Gm12043,6,True
Gm12044,0,False
Gm12045,6,True
Gm12046,0,False
Gm12047,6,True
Gm12050,1,False
Gm12051,0,False
Gm12052,3,True
Gm12053,0,False
Gm12055,0,False
Gm12056,0,False
Gm12057,6,True
Gm12058,0,False
Gm12059,3,True
Gm12060,6,True
Gm12061,1,False
Gm12062,0,False
Gm12063,0,False
Gm12064,0,False
Gm12065,1,False
Gm12066,0,False
Gm12067,6,True
Gm12068,0,False
Gm12069,3,True
Gm12070,6,True
Gm12071,0,False
Gm12072,0,False
Gm12073,0,False
Gm12074,6,True
Gm12075,2,False
Gm12077,0,False
Gm12079,1,False
Gm12080,1,False
Gm12081,2,False
Gm12082,0,False
Gm12085,0,False
Gm12086,5,True
Gm12087,0,False
Gm12088,0,False
Gm12089,4,True
Gm12090,6,True
Gm12091,6,True
Gm12092,3,True
Gm12093,0,False
Gm12094,6,True
Gm12095,0,False
Gm12096,6,True
Gm12097,6,True
Gm12098,6,True
Gm12099,6,True
Gm12100,0,False
Gm12101,0,False
Gm12102,0,False
Gm12103,0,False
Gm12104,3,True
Gm12105,0,False
Gm12106,1,False
Gm12107,6,True
Gm12108,1,False
Gm12109,0,False
Gm12110,0,False
Gm12111,0,False
Gm12112,6,True
Gm12114,0,False
Gm12115,6,True
Gm12116,3,True
Gm12117,0,False
Gm12118,6,True
Gm12119,0,False
Gm12120,3,True
Gm12121,0,False
Gm12122,0,False
Gm12123,0,False
Gm12124,0,False
Gm12125,1,False
Gm12126,1,False
Gm12127,0,False
Gm12128,0,False
Gm12129,3,True
Gm12130,0,False
Gm12131,0,False
Gm12132,0,False
Gm12133,0,False
Gm12134,0,False
Gm12135,0,False
Gm12136,6,True
Gm12137,0,False
Gm12138,6,True
Gm12140,0,False
Gm12142,0,False
Gm12143,0,False
Gm12144,1,False
Gm12145,0,False
Gm12146,0,False
Gm12147,0,False
Gm12148,0,False
Gm12149,0,False
Gm12150,2,False
Gm12151,6,True
Gm12152,0,False
Gm12153,0,False
Gm12154,0,False
Gm12155,0,False
Gm12156,1,False
Gm12158,1,False
Gm12159,0,False
Gm12160,0,False
Gm12161,6,True
Gm12162,0,False
Gm12163,0,False
Gm12164,6,True
Gm12165,6,True
Gm12166,6,True
Gm12167,0,False
Gm12168,6,True
Gm12169,0,False
Gm12170,1,False
Gm12171,1,False
Gm12173,0,False
Gm12174,6,True
Gm12175,0,False
Gm12176,6,True
Gm12178,5,True
Gm12179,0,False
Gm12180,6,True
Gm12181,6,True
Gm12182,6,True
Gm12183,6,True
Gm12184,6,True
Gm12185,2,False
Gm12186,6,True
Gm12187,0,False
Gm12188,3,True
Gm12189,0,False
Gm12190,0,False
Gm12191,6,True
Gm12192,0,False
Gm12193,0,False
Gm12194,1,False
Gm12195,3,True
Gm12196,6,True
Gm12198,1,False
Gm12199,1,False
Gm12200,1,False
Gm12201,6,True
Gm12202,0,False
Gm12203,1,False
Gm12204,0,False
Gm12205,0,False
Gm12206,1,False
Gm12207,3,True
Gm12208,0,False
Gm12209,2,False
Gm12210,0,False
Gm12212,0,False
Gm12213,0,False
Gm12214,0,False
Gm12216,6,True
Gm12217,1,False
Gm12218,6,True
Gm12219,6,True
Gm12220,5,True
Gm12221,6,True
Gm12222,6,True
Gm12223,1,False
Gm12224,6,True
Gm12225,0,False
Gm12226,6,True
Gm12227,3,True
Gm12229,2,False
Gm12230,4,True
Gm12231,6,True
Gm12235,0,False
Gm12236,0,False
Gm12237,1,False
Gm12238,0,False
Gm12239,2,False
Gm12240,5,True
Gm12241,6,True
Gm12242,6,True
Gm12243,0,False
Gm12244,6,True
Gm12245,6,True
Gm12246,0,False
Gm12247,6,True
Gm12248,0,False
Gm12249,0,False
Gm12250,2,False
Gm12251,6,True
Gm12252,0,False
Gm12253,0,False
Gm12254,6,True
Gm12255,0,False
Gm12256,1,False
Gm12257,2,False
Gm12258,6,True
Gm12259,0,False
Gm12260,1,False
Gm12261,6,True
Gm12262,1,False
Gm12263,6,True
Gm12264,5,True
Gm12265,0,False
Gm12266,4,True
Gm12267,6,True
Gm12268,0,False
Gm12269,2,False
Gm12271,6,True
Gm12272,0,False
Gm12273,1,False
Gm12274,6,True
Gm12275,0,False
Gm12276,4,True
Gm12278,1,False
Gm12279,6,True
Gm12280,1,False
Gm12281,6,True
Gm12285,5,True
Gm12286,6,True
Gm12287,0,False
Gm12288,0,False
Gm12289,4,True
Gm12290,1,False
Gm12291,6,True
Gm12292,0,False
Gm12293,0,False
Gm12294,2,False
Gm12295,1,False
Gm12296,2,False
Gm12297,0,False
Gm12298,0,False
Gm12299,0,False
Gm12300,2,False
Gm12301,0,False
Gm12303,1,False
Gm12304,0,False
Gm12305,0,False
Gm12306,0,False
Gm12307,0,False
Gm12308,0,False
Gm12309,6,True
Gm12310,0,False
Gm12311,2,False
Gm12312,6,True
Gm12313,0,False
Gm12314,0,False
Gm12315,0,False
Gm12316,6,True
Gm12317,1,False
Gm12318,0,False
Gm12319,3,True
Gm12320,2,False
Gm12321,6,True
Gm12322,6,True
Gm12324,0,False
Gm12325,0,False
Gm12326,5,True
Gm12327,0,False
Gm12328,6,True
Gm12329,0,False
Gm12331,6,True
Gm12332,1,False
Gm12333,4,True
Gm12335,6,True
Gm12336,0,False
Gm12337,6,True
Gm12338,6,True
Gm12339,1,False
Gm12340,6,True
Gm12341,6,True
Gm12343,0,False
Gm12344,6,True
Gm12345,6,True
Gm12346,6,True
Gm12347,0,False
Gm12348,0,False
Gm12349,1,False
Gm12350,6,True
Gm12351,1,False
Gm12352,6,True
Gm12353,5,True
Gm12354,0,False
Gm12355,6,True
Gm12356,1,False
Gm12358,0,False
Gm12359,6,True
Gm12361,1,False
Gm12362,6,True
Gm12363,0,False
Gm12364,0,False
Gm12365,5,True
Gm12366,6,True
Gm12367,1,False
Gm12368,0,False
Gm12369,6,True
Gm12370,0,False
Gm12371,1,False
Gm12372,6,True
Gm12374,1,False
Gm12375,1,False
Gm12376,6,True
Gm12377,0,False
Gm12378,0,False
Gm12379,0,False
Gm12380,6,True
Gm12381,1,False
Gm12382,0,False
Gm12383,1,False
Gm12384,0,False
Gm12385,0,False
Gm12386,1,False
Gm12387,6,True
Gm12388,3,True
Gm12389,6,True
Gm12390,0,False
Gm12391,0,False
Gm12392,0,False
Gm12393,0,False
Gm12394,5,True
Gm12395,1,False
Gm12396,6,True
Gm12397,6,True
Gm12399,0,False
Gm12400,0,False
Gm12401,0,False
Gm12402,0,False
Gm12403,6,True
Gm12404,6,True
Gm12405,3,True
Gm12406,4,True
Gm12407,0,False
Gm12408,0,False
Gm12409,0,False
Gm12410,0,False
Gm12411,6,True
Gm12412,0,False
Gm12413,0,False
Gm12414,1,False
Gm12415,0,False
Gm12416,6,True
Gm12417,0,False
Gm12418,6,True
Gm12419,6,True
Gm12420,6,True
Gm12421,6,True
Gm12422,0,False
Gm12423,0,False
Gm12424,0,False
Gm12425,0,False
Gm12426,0,False
Gm12427,1,False
Gm12428,6,True
Gm12430,6,True
Gm12431,0,False
Gm12432,0,False
Gm12433,0,False
Gm12434,0,False
Gm12435,6,True
Gm12436,0,False
Gm12438,6,True
Gm12439,0,False
Gm12440,0,False
Gm12441,6,True
Gm12442,0,False
Gm12443,0,False
Gm12444,6,True
Gm12445,6,True
Gm12446,0,False
Gm12447,6,True
Gm12448,0,False
Gm12449,0,False
Gm12451,6,True
Gm12452,5,True
Gm12453,1,False
Gm12454,1,False
Gm12455,0,False
Gm12458,6,True
Gm12459,5,True
Gm12460,6,True
Gm12461,0,False
Gm12462,1,False
Gm12463,0,False
Gm12464,0,False
Gm12465,0,False
Gm12466,6,True
Gm12467,0,False
Gm12468,6,True
Gm12469,4,True
Gm12470,6,True
Gm12472,1,False
Gm12473,1,False
Gm12474,1,False
Gm12475,6,True
Gm12477,5,True
Gm12478,0,False
Gm12479,6,True
Gm12480,0,False
Gm12481,0,False
Gm12482,6,True
Gm12484,0,False
Gm12485,0,False
Gm12486,6,True
Gm12488,0,False
Gm12489,0,False
Gm12490,1,False
Gm12492,6,True
Gm12493,0,False
Gm12494,6,True
Gm12495,0,False
Gm12496,1,False
Gm12497,6,True
Gm12498,1,False
Gm12499,0,False
Gm12500,4,True
Gm12501,6,True
Gm12502,6,True
Gm12503,2,False
Gm12504,6,True
Gm12505,0,False
Gm12506,0,False
Gm12507,0,False
Gm12508,6,True
Gm12509,0,False
Gm12510,0,False
Gm12511,1,False
Gm12512,0,False
Gm12513,6,True
Gm12514,0,False
Gm12515,1,False
Gm12516,0,False
Gm12517,0,False
Gm12518,1,False
Gm12519,0,False
Gm12520,1,False
Gm12522,3,True
Gm12523,1,False
Gm12524,1,False
Gm12525,0,False
Gm12526,0,False
Gm12527,0,False
Gm12529,6,True
Gm12530,0,False
Gm12531,5,True
Gm12532,5,True
Gm12534,0,False
Gm12535,6,True
Gm12536,0,False
Gm12537,6,True
Gm12538,6,True
Gm12539,0,False
Gm12540,1,False
Gm12542,0,False
Gm12543,6,True
Gm12550,0,False
Gm12551,6,True
Gm12564,0,False
Gm12565,6,True
Gm12566,0,False
Gm12568,6,True
Gm12569,0,False
Gm12570,6,True
Gm12571,6,True
Gm12573,0,False
Gm12576,1,False
Gm12577,6,True
Gm12578,6,True
Gm12579,2,False
Gm12580,1,False
Gm12582,6,True
Gm12583,6,True
Gm12584,0,False
Gm12585,0,False
Gm12586,3,True
Gm12587,6,True
Gm12589,0,False
Gm12590,1,False
Gm12591,0,False
Gm12592,6,True
Gm12593,1,False
Gm12594,0,False
Gm12596,0,False
Gm12598,6,True
Gm12599,6,True
Gm12600,1,False
Gm12601,1,False
Gm12602,0,False
Gm12603,0,False
Gm12604,0,False
Gm12606,0,False
Gm12607,0,False
Gm12608,0,False
Gm12609,0,False
Gm12610,0,False
Gm12611,6,True
Gm12612,2,False
Gm12613,0,False
Gm12614,0,False
Gm12615,0,False
Gm12616,0,False
Gm12617,0,False
Gm12618,6,True
Gm12619,1,False
Gm12620,3,True
Gm12621,0,False
Gm12622,0,False
Gm12623,2,False
Gm12624,0,False
Gm12625,0,False
Gm12626,0,False
Gm12627,0,False
Gm12628,0,False
Gm12629,0,False
Gm12630,6,True
Gm12631,1,False
Gm12632,3,True
Gm12633,0,False
Gm12634,0,False
Gm12635,5,True
Gm12636,0,False
Gm12637,0,False
Gm12638,0,False
Gm12639,0,False
Gm12640,0,False
Gm12641,1,False
Gm12642,6,True
Gm12643,6,True
Gm12644,0,False
Gm12645,1,False
Gm12646,0,False
Gm12647,0,False
Gm12648,1,False
Gm12649,0,False
Gm12650,6,True
Gm12653,6,True
Gm12654,0,False
Gm12655,4,True
Gm12656,1,False
Gm12657,6,True
Gm12660,0,False
Gm12661,0,False
Gm12663,6,True
Gm12664,4,True
Gm12665,0,False
Gm12666,6,True
Gm12667,2,False
Gm12668,0,False
Gm12669,6,True
Gm12670,0,False
Gm12671,6,True
Gm12676,4,True
Gm12677,0,False
Gm12678,0,False
Gm12679,1,False
Gm12680,3,True
Gm12681,2,False
Gm12682,0,False
Gm12683,0,False
Gm12684,0,False
Gm12685,0,False
Gm12686,5,True
Gm12687,1,False
Gm12688,1,False
Gm12689,3,True
Gm12690,0,False
Gm12691,0,False
Gm12692,0,False
Gm12693,6,True
Gm12694,0,False
Gm12695,0,False
Gm12696,6,True
Gm12697,6,True
Gm12700,6,True
Gm12701,0,False
Gm12702,0,False
Gm12703,1,False
Gm12704,6,True
Gm12705,5,True
Gm12706,0,False
Gm12707,0,False
Gm12708,1,False
Gm12709,6,True
Gm12710,0,False
Gm12711,0,False
Gm12712,6,True
Gm12713,0,False
Gm12714,0,False
Gm12715,6,True
Gm12716,6,True
Gm12717,0,False
Gm12718,1,False
Gm12719,0,False
Gm12720,0,False
Gm12721,0,False
Gm12722,6,True
Gm12723,1,False
Gm12724,1,False
Gm12726,6,True
Gm12727,6,True
Gm12728,6,True
Gm12729,0,False
Gm12730,0,False
Gm12731,0,False
Gm12732,0,False
Gm12733,0,False
Gm12734,6,True
Gm12735,5,True
Gm12736,0,False
Gm12737,1,False
Gm12738,0,False
Gm12739,3,True
Gm12740,0,False
Gm12741,0,False
Gm12742,0,False
Gm12743,5,True
Gm12744,0,False
Gm12745,0,False
Gm12746,0,False
Gm12748,0,False
Gm12749,6,True
Gm12751,6,True
Gm12752,0,False
Gm12753,1,False
Gm12754,0,False
Gm12755,6,True
Gm12756,0,False
Gm12757,0,False
Gm12758,4,True
Gm12760,4,True
Gm12762,2,False
Gm12763,1,False
Gm12764,0,False
Gm12765,0,False
Gm12766,0,False
Gm12768,0,False
Gm12770,0,False
Gm12771,0,False
Gm12773,0,False
Gm12774,1,False
Gm12778,6,True
Gm12779,0,False
Gm12780,0,False
Gm12781,1,False
Gm12782,0,False
Gm12783,0,False
Gm12784,6,True
Gm12785,6,True
Gm12786,3,True
Gm12787,0,False
Gm12788,1,False
Gm12789,0,False
Gm12790,0,False
Gm12791,6,True
Gm12792,6,True
Gm12793,1,False
Gm12794,2,False
Gm12795,0,False
Gm12796,0,False
Gm12797,0,False
Gm12798,1,False
Gm12799,6,True
Gm128,3,True
Gm12800,2,False
Gm12801,0,False
Gm12802,0,False
Gm12803,1,False
Gm12804,6,True
Gm12805,1,False
Gm12806,0,False
Gm12807,6,True
Gm12808,2,False
Gm12811,0,False
Gm12813,1,False
Gm12814,0,False
Gm12815,0,False
Gm12816,6,True
Gm12817,0,False
Gm12818,6,True
Gm12819,0,False
Gm12820,0,False
Gm12821,5,True
Gm12823,0,False
Gm12825,0,False
Gm12826,0,False
Gm12827,0,False
Gm12828,2,False
Gm12829,1,False
Gm12830,0,False
Gm12833,6,True
Gm12834,6,True
Gm12837,0,False
Gm12838,0,False
Gm12840,3,True
Gm12841,0,False
Gm12842,0,False
Gm12843,1,False
Gm12844,6,True
Gm12845,0,False
Gm12846,3,True
Gm12847,3,True
Gm12848,6,True
Gm12849,0,False
Gm12850,0,False
Gm12851,0,False
Gm12852,6,True
Gm12853,1,False
Gm12854,6,True
Gm12855,0,False
Gm12856,6,True
Gm12857,6,True
Gm12858,4,True
Gm12859,6,True
Gm12860,0,False
Gm12861,2,False
Gm12862,0,False
Gm12863,0,False
Gm12864,1,False
Gm12865,0,False
Gm12866,1,False
Gm12867,0,False
Gm12868,6,True
Gm12869,0,False
Gm12870,6,True
Gm12871,0,False
Gm12872,0,False
Gm12873,0,False
Gm12874,1,False
Gm12875,0,False
Gm12876,0,False
Gm12877,0,False
Gm12878,0,False
Gm12879,1,False
Gm12880,0,False
Gm12881,0,False
Gm12882,3,True
Gm12883,0,False
Gm12884,0,False
Gm12885,3,True
Gm12886,0,False
Gm12887,1,False
Gm12888,1,False
Gm12889,0,False
Gm12890,0,False
Gm12891,6,True
Gm12892,6,True
Gm12893,0,False
Gm12895,0,False
Gm12896,0,False
Gm12897,0,False
Gm12898,0,False
Gm12899,0,False
Gm12900,6,True
Gm12901,3,True
Gm12902,2,False
Gm12903,0,False
Gm12904,6,True
Gm12905,6,True
Gm12906,6,True
Gm12907,2,False
Gm12909,0,False
Gm12910,1,False
Gm12911,0,False
Gm12912,6,True
Gm12914,1,False
Gm12915,2,False
Gm12916,0,False
Gm12917,1,False
Gm12918,6,True
Gm12919,6,True
Gm12920,6,True
Gm12922,6,True
Gm12923,0,False
Gm12924,5,True
Gm12925,6,True
Gm12926,3,True
Gm12927,2,False
Gm12928,4,True
Gm12929,6,True
Gm12930,0,False
Gm12931,0,False
Gm12932,4,True
Gm12933,6,True
Gm12934,2,False
Gm12935,0,False
Gm12936,2,False
Gm12937,1,False
Gm12939,0,False
Gm12940,6,True
Gm12941,0,False
Gm12942,6,True
Gm12943,6,True
Gm12944,6,True
Gm12945,1,False
Gm12946,0,False
Gm12947,1,False
Gm12948,0,False
Gm12949,1,False
Gm12950,0,False
Gm12951,1,False
Gm12953,5,True
Gm12954,0,False
Gm12955,6,True
Gm12956,0,False
Gm12957,0,False
Gm12958,0,False
Gm12959,0,False
Gm12960,6,True
Gm12961,2,False
Gm12962,0,False
Gm12963,6,True
Gm12966,6,True
Gm12967,1,False
Gm12968,4,True
Gm12969,6,True
Gm12970,0,False
Gm12971,1,False
Gm12972,0,False
Gm12973,0,False
Gm12974,0,False
Gm12976,6,True
Gm12977,0,False
Gm12978,0,False
Gm12979,1,False
Gm12980,0,False
Gm12981,1,False
Gm12982,0,False
Gm12983,6,True
Gm12984,0,False
Gm12985,0,False
Gm12986,1,False
Gm12987,5,True
Gm12988,6,True
Gm12989,6,True
Gm12990,2,False
Gm12991,0,False
Gm12992,6,True
Gm12993,4,True
Gm12994,1,False
Gm12996,2,False
Gm12997,0,False
Gm12998,0,False
Gm12999,0,False
Gm13000,0,False
Gm13001,0,False
Gm13002,0,False
Gm13003,3,True
Gm13005,6,True
Gm13006,0,False
Gm13007,6,True
Gm13008,0,False
Gm13009,0,False
Gm13010,0,False
Gm13012,1,False
Gm13013,0,False
Gm13015,6,True
Gm13016,1,False
Gm13017,0,False
Gm13019,0,False
Gm13021,0,False
Gm13022,5,True
Gm13023,0,False
Gm13024,0,False
Gm13025,2,False
Gm13026,0,False
Gm13027,0,False
Gm13028,4,True
Gm13029,0,False
Gm13030,0,False
Gm13031,6,True
Gm13032,1,False
Gm13033,4,True
Gm13034,6,True
Gm13035,0,False
Gm13036,1,False
Gm13038,0,False
Gm13039,6,True
Gm13040,1,False
Gm13041,0,False
Gm13042,0,False
Gm13043,1,False
Gm13045,0,False
Gm13046,0,False
Gm13047,1,False
Gm13049,1,False
Gm1305,2,False
Gm13050,6,True
Gm13051,3,True
Gm13052,3,True
Gm13053,0,False
Gm13054,0,False
Gm13055,1,False
Gm13056,0,False
Gm13057,1,False
Gm13058,0,False
Gm13059,0,False
Gm13061,0,False
Gm13062,0,False
Gm13063,0,False
Gm13064,0,False
Gm13065,0,False
Gm13066,0,False
Gm13067,0,False
Gm13068,5,True
Gm13070,0,False
Gm13071,2,False
Gm13073,0,False
Gm13074,0,False
Gm13075,6,True
Gm13076,6,True
Gm13077,6,True
Gm13078,2,False
Gm13080,6,True
Gm13081,0,False
Gm13082,6,True
Gm13083,2,False
Gm13084,1,False
Gm13085,0,False
Gm13087,0,False
Gm13088,0,False
Gm13089,0,False
Gm13090,0,False
Gm13091,4,True
Gm13092,6,True
Gm13093,1,False
Gm13094,6,True
Gm13096,0,False
Gm13097,1,False
Gm13100,0,False
Gm13101,0,False
Gm13102,1,False
Gm13103,1,False
Gm13104,6,True
Gm13106,0,False
Gm13108,0,False
Gm13110,6,True
Gm13111,6,True
Gm13112,2,False
Gm13114,0,False
Gm13115,0,False
Gm13117,0,False
Gm13118,3,True
Gm13119,1,False
Gm13120,5,True
Gm13121,6,True
Gm13122,0,False
Gm13123,6,True
Gm13124,1,False
Gm13125,1,False
Gm13126,6,True
Gm13127,6,True
Gm13128,3,True
Gm13130,0,False
Gm13131,6,True
Gm13132,2,False
Gm13133,5,True
Gm13134,4,True
Gm13135,6,True
Gm13136,6,True
Gm13137,0,False
Gm13139,6,True
Gm13140,6,True
Gm13141,4,True
Gm13142,6,True
Gm13144,0,False
Gm13145,4,True
Gm13146,1,False
Gm13147,3,True
Gm13148,6,True
Gm13149,0,False
Gm13150,2,False
Gm13151,3,True
Gm13152,6,True
Gm13153,1,False
Gm13154,4,True
Gm13155,1,False
Gm13156,5,True
Gm13157,6,True
Gm13158,0,False
Gm13160,6,True
Gm13161,2,False
Gm13162,4,True
Gm13163,1,False
Gm13165,2,False
Gm13166,6,True
Gm13167,6,True
Gm13168,2,False
Gm13169,6,True
Gm13170,1,False
Gm13171,6,True
Gm13172,0,False
Gm13173,0,False
Gm13174,1,False
Gm13175,0,False
Gm13176,6,True
Gm13177,0,False
Gm13178,0,False
Gm13179,1,False
Gm13180,0,False
Gm13181,6,True
Gm13182,6,True
Gm13183,2,False
Gm13184,0,False
Gm13185,0,False
Gm13186,6,True
Gm13187,6,True
Gm13188,0,False
Gm13189,1,False
Gm13191,0,False
Gm13192,6,True
Gm13193,0,False
Gm13194,5,True
Gm13195,0,False
Gm13196,6,True
Gm13197,0,False
Gm13198,6,True
Gm13199,6,True
Gm13200,0,False
Gm13201,0,False
Gm13202,6,True
Gm13203,0,False
Gm13204,6,True
Gm13205,3,True
Gm13206,0,False
Gm13207,0,False
Gm13209,0,False
Gm13210,0,False
Gm13211,0,False
Gm13212,6,True
Gm13213,5,True
Gm13214,0,False
Gm13215,6,True
Gm13216,6,True
Gm13217,5,True
Gm13218,0,False
Gm13219,2,False
Gm1322,1,False
Gm13220,0,False
Gm13221,0,False
Gm13222,0,False
Gm13223,0,False
Gm13224,0,False
Gm13225,5,True
Gm13226,6,True
Gm13228,5,True
Gm13229,0,False
Gm13230,1,False
Gm13231,6,True
Gm13232,6,True
Gm13233,6,True
Gm13234,6,True
Gm13235,1,False
Gm13236,0,False
Gm13237,6,True
Gm13238,1,False
Gm13239,1,False
Gm13240,2,False
Gm13241,6,True
Gm13242,6,True
Gm13243,1,False
Gm13244,6,True
Gm13245,1,False
Gm13246,1,False
Gm13247,2,False
Gm13248,6,True
Gm13249,0,False
Gm13250,0,False
Gm13251,6,True
Gm13252,6,True
Gm13254,0,False
Gm13255,1,False
Gm13256,0,False
Gm13257,0,False
Gm13259,0,False
Gm13260,6,True
Gm13261,0,False
Gm13262,0,False
Gm13263,0,False
Gm13264,0,False
Gm13265,0,False
Gm13266,3,True
Gm13267,6,True
Gm13268,6,True
Gm13269,0,False
Gm13270,6,True
Gm13271,0,False
Gm13272,0,False
Gm13273,0,False
Gm13274,0,False
Gm13275,0,False
Gm13276,0,False
Gm13277,0,False
Gm13278,0,False
Gm13279,0,False
Gm13281,0,False
Gm13282,1,False
Gm13283,3,True
Gm13284,0,False
Gm13285,1,False
Gm13286,0,False
Gm13287,0,False
Gm13288,4,True
Gm13289,0,False
Gm13290,0,False
Gm13291,0,False
Gm13292,6,True
Gm13293,6,True
Gm13294,6,True
Gm13296,0,False
Gm13297,0,False
Gm13299,0,False
Gm1330,0,False
Gm13301,2,False
Gm13302,4,True
Gm13303,1,False
Gm13304,5,True
Gm13305,6,True
Gm13306,6,True
Gm13307,0,False
Gm13310,6,True
Gm13311,6,True
Gm13312,0,False
Gm13313,6,True
Gm13314,0,False
Gm13315,6,True
Gm13316,6,True
Gm13320,6,True
Gm13321,6,True
Gm13322,6,True
Gm13323,1,False
Gm13324,1,False
Gm13325,6,True
Gm13326,5,True
Gm13327,1,False
Gm13328,6,True
Gm13329,0,False
Gm13330,1,False
Gm13331,0,False
Gm13332,6,True
Gm13333,6,True
Gm13335,0,False
Gm13337,6,True
Gm13338,6,True
Gm13339,6,True
Gm13340,6,True
Gm13341,6,True
Gm13342,6,True
Gm13343,0,False
Gm13344,0,False
Gm13345,6,True
Gm13346,1,False
Gm13347,0,False
Gm13348,0,False
Gm13349,3,True
Gm1335,4,True
Gm13350,0,False
Gm13351,4,True
Gm13352,1,False
Gm13353,1,False
Gm13355,4,True
Gm13356,0,False
Gm13357,2,False
Gm13358,0,False
Gm13359,6,True
Gm13360,6,True
Gm13361,1,False
Gm13362,0,False
Gm13363,6,True
Gm13365,6,True
Gm13366,0,False
Gm13367,0,False
Gm13368,6,True
Gm13369,6,True
Gm13370,6,True
Gm13371,0,False
Gm13372,0,False
Gm13373,0,False
Gm13375,5,True
Gm13376,1,False
Gm13377,2,False
Gm13378,6,True
Gm13379,6,True
Gm13380,0,False
Gm13381,1,False
Gm13383,0,False
Gm13384,4,True
Gm13385,0,False
Gm13386,0,False
Gm13387,5,True
Gm13388,2,False
Gm13389,5,True
Gm13391,2,False
Gm13392,6,True
Gm13393,0,False
Gm13394,6,True
Gm13396,0,False
Gm13397,6,True
Gm13398,1,False
Gm13400,0,False
Gm13401,0,False
Gm13402,6,True
Gm13403,2,False
Gm13404,3,True
Gm13405,1,False
Gm13406,0,False
Gm13407,2,False
Gm13408,6,True
Gm13409,1,False
Gm13410,6,True
Gm13411,0,False
Gm13412,0,False
Gm13413,6,True
Gm13414,6,True
Gm13415,0,False
Gm13416,6,True
Gm13417,1,False
Gm13418,6,True
Gm13419,0,False
Gm13420,0,False
Gm13421,2,False
Gm13422,6,True
Gm13423,3,True
Gm13424,0,False
Gm13425,1,False
Gm13426,0,False
Gm13427,2,False
Gm13428,0,False
Gm13429,1,False
Gm13430,6,True
Gm13431,1,False
Gm13432,0,False
Gm13433,6,True
Gm13434,1,False
Gm13435,6,True
Gm13436,6,True
Gm13437,6,True
Gm13438,0,False
Gm13439,2,False
Gm13440,0,False
Gm13441,1,False
Gm13442,6,True
Gm13443,6,True
Gm13444,6,True
Gm13445,2,False
Gm13446,1,False
Gm13448,0,False
Gm13449,0,False
Gm13450,6,True
Gm13451,0,False
Gm13452,0,False
Gm13453,6,True
Gm13454,0,False
Gm13455,1,False
Gm13456,6,True
Gm13457,0,False
Gm13458,0,False
Gm13459,0,False
Gm13460,0,False
Gm13461,6,True
Gm13462,6,True
Gm13463,6,True
Gm13464,6,True
Gm13465,0,False
Gm13466,2,False
Gm13467,0,False
Gm13469,0,False
Gm13470,0,False
Gm13471,0,False
Gm13472,0,False
Gm13473,1,False
Gm13474,1,False
Gm13475,0,False
Gm13477,6,True
Gm13478,0,False
Gm13479,2,False
Gm13480,0,False
Gm13481,0,False
Gm13482,0,False
Gm13483,6,True
Gm13484,0,False
Gm13485,1,False
Gm13486,0,False
Gm13487,6,True
Gm13488,6,True
Gm13489,1,False
Gm13490,0,False
Gm13491,0,False
Gm13492,0,False
Gm13493,6,True
Gm13494,6,True
Gm13495,0,False
Gm13496,2,False
Gm13497,0,False
Gm13498,6,True
Gm13499,0,False
Gm13500,6,True
Gm13501,0,False
Gm13502,6,True
Gm13503,6,True
Gm13504,6,True
Gm13505,4,True
Gm13506,0,False
Gm13508,0,False
Gm13509,6,True
Gm13510,1,False
Gm13511,1,False
Gm13517,6,True
Gm13518,0,False
Gm13521,6,True
Gm13522,1,False
Gm13523,1,False
Gm13524,2,False
Gm13525,1,False
Gm13526,0,False
Gm13527,0,False
Gm13528,1,False
Gm13529,6,True
Gm13530,0,False
Gm13531,6,True
Gm13532,6,True
Gm13533,0,False
Gm13534,6,True
Gm13535,2,False
Gm13536,0,False
Gm13537,6,True
Gm13538,1,False
Gm13539,1,False
Gm13541,1,False
Gm13542,1,False
Gm13543,2,False
Gm13544,1,False
Gm13545,6,True
Gm13546,0,False
Gm13547,1,False
Gm13548,0,False
Gm13549,6,True
Gm13550,0,False
Gm13551,0,False
Gm13552,6,True
Gm13553,0,False
Gm13554,0,False
Gm13555,1,False
Gm13556,2,False
Gm13557,0,False
Gm13558,0,False
Gm13559,1,False
Gm13560,0,False
Gm13561,1,False
Gm13562,3,True
Gm13563,6,True
Gm13564,1,False
Gm13565,0,False
Gm13566,6,True
Gm13567,0,False
Gm13568,0,False
Gm13569,0,False
Gm13570,0,False
Gm13571,2,False
Gm13572,4,True
Gm13573,6,True
Gm13574,2,False
Gm13575,0,False
Gm13576,0,False
Gm13577,6,True
Gm13578,6,True
Gm13579,0,False
Gm13580,1,False
Gm13581,0,False
Gm13582,1,False
Gm13583,0,False
Gm13584,5,True
Gm13586,6,True
Gm13587,0,False
Gm13588,6,True
Gm13589,1,False
Gm13590,4,True
Gm13592,5,True
Gm13593,0,False
Gm13594,0,False
Gm13595,0,False
Gm13596,0,False
Gm13597,6,True
Gm13598,1,False
Gm13599,0,False
Gm136,0,False
Gm13600,6,True
Gm13601,0,False
Gm13602,6,True
Gm13603,1,False
Gm13604,6,True
Gm13605,0,False
Gm13607,6,True
Gm13608,4,True
Gm13609,0,False
Gm13610,1,False
Gm13611,6,True
Gm13612,6,True
Gm13613,0,False
Gm13614,0,False
Gm13615,0,False
Gm13616,0,False
Gm13617,0,False
Gm13618,1,False
Gm13619,3,True
Gm13620,1,False
Gm13622,6,True
Gm13623,6,True
Gm13624,3,True
Gm13625,0,False
Gm13626,0,False
Gm13627,0,False
Gm13629,0,False
Gm13630,3,True
Gm13631,1,False
Gm13632,0,False
Gm13633,1,False
Gm13640,0,False
Gm13641,6,True
Gm13642,6,True
Gm13645,0,False
Gm13647,3,True
Gm13648,1,False
Gm13649,0,False
Gm13650,6,True
Gm13651,6,True
Gm13652,1,False
Gm13653,6,True
Gm13655,0,False
Gm13656,0,False
Gm13657,2,False
Gm13658,0,False
Gm13660,0,False
Gm13661,0,False
Gm13662,0,False
Gm13663,0,False
Gm13664,0,False
Gm13665,0,False
Gm13666,6,True
Gm13667,0,False
Gm13668,6,True
Gm13669,6,True
Gm13670,0,False
Gm13672,0,False
Gm13673,2,False
Gm13674,1,False
Gm13675,6,True
Gm13676,6,True
Gm13677,0,False
Gm13678,0,False
Gm13679,3,True
Gm13680,6,True
Gm13681,0,False
Gm13682,0,False
Gm13683,1,False
Gm13684,5,True
Gm13685,6,True
Gm13686,0,False
Gm13687,5,True
Gm13688,6,True
Gm13689,6,True
Gm13690,6,True
Gm13691,6,True
Gm13692,0,False
Gm13693,6,True
Gm13694,6,True
Gm13695,6,True
Gm13696,6,True
Gm13697,6,True
Gm13698,6,True
Gm13700,3,True
Gm13702,0,False
Gm13703,5,True
Gm13707,2,False
Gm13708,0,False
Gm13709,5,True
Gm13710,4,True
Gm13711,0,False
Gm13712,6,True
Gm13713,1,False
Gm13714,0,False
Gm13715,1,False
Gm13716,2,False
Gm13717,4,True
Gm13719,6,True
Gm13720,0,False
Gm13722,4,True
Gm13723,0,False
Gm13724,0,False
Gm13725,0,False
Gm13726,1,False
Gm13727,0,False
Gm13728,0,False
Gm13729,0,False
Gm13730,6,True
Gm13731,6,True
Gm13732,0,False
Gm13733,6,True
Gm13734,0,False
Gm13735,6,True
Gm13736,6,True
Gm13737,0,False
Gm13738,2,False
Gm13739,0,False
Gm13740,6,True
Gm13741,0,False
Gm13742,0,False
Gm13743,6,True
Gm13744,6,True
Gm13745,0,False
Gm13746,0,False
Gm13747,1,False
Gm13748,0,False
Gm13749,2,False
Gm13750,6,True
Gm13751,0,False
Gm13752,1,False
Gm13753,0,False
Gm13754,1,False
Gm13755,0,False
Gm13756,0,False
Gm13757,0,False
Gm13758,6,True
Gm13759,1,False
Gm13760,0,False
Gm13761,0,False
Gm13762,0,False
Gm13763,0,False
Gm13764,0,False
Gm13767,5,True
Gm13768,2,False
Gm13769,1,False
Gm13770,6,True
Gm13771,6,True
Gm13772,6,True
Gm13773,0,False
Gm13775,0,False
Gm13776,6,True
Gm13777,1,False
Gm13778,4,True
Gm13780,0,False
Gm13781,0,False
Gm13782,0,False
Gm13783,1,False
Gm13784,0,False
Gm13785,2,False
Gm13786,0,False
Gm13787,3,True
Gm13788,0,False
Gm13790,0,False
Gm13791,0,False
Gm13792,0,False
Gm13793,0,False
Gm13794,1,False
Gm13797,0,False
Gm13798,6,True
Gm13799,0,False
Gm13801,0,False
Gm13802,0,False
Gm13803,6,True
Gm13804,0,False
Gm13806,0,False
Gm13807,1,False
Gm13808,0,False
Gm13809,3,True
Gm13810,6,True
Gm13811,0,False
Gm13812,6,True
Gm13813,0,False
Gm13814,0,False
Gm13815,6,True
Gm13816,0,False
Gm13817,0,False
Gm13818,0,False
Gm13822,1,False
Gm13823,0,False
Gm13827,6,True
Gm13828,0,False
Gm13829,6,True
Gm13830,6,True
Gm13831,6,True
Gm13832,0,False
Gm13833,0,False
Gm13834,0,False
Gm13835,6,True
Gm13836,0,False
Gm13837,0,False
Gm13838,1,False
Gm13839,0,False
Gm13840,1,False
Gm13841,6,True
Gm13842,1,False
Gm13844,3,True
Gm13848,0,False
Gm13849,0,False
Gm13850,0,False
Gm13852,6,True
Gm13853,0,False
Gm13854,1,False
Gm13855,1,False
Gm13856,6,True
Gm13857,3,True
Gm13858,6,True
Gm13859,0,False
Gm13860,0,False
Gm13861,0,False
Gm13862,6,True
Gm13863,0,False
Gm13864,6,True
Gm13865,0,False
Gm13866,0,False
Gm13867,0,False
Gm13868,5,True
Gm13869,1,False
Gm13870,1,False
Gm13871,0,False
Gm13872,6,True
Gm13873,0,False
Gm13874,0,False
Gm13875,0,False
Gm13876,0,False
Gm13877,0,False
Gm13878,1,False
Gm13879,0,False
Gm13880,6,True
Gm13881,1,False
Gm13882,6,True
Gm13883,2,False
Gm13884,6,True
Gm13885,0,False
Gm13886,6,True
Gm13887,0,False
Gm13888,0,False
Gm13889,6,True
Gm13890,0,False
Gm13898,0,False
Gm13899,0,False
Gm13900,0,False
Gm13901,0,False
Gm13902,6,True
Gm13903,0,False
Gm13904,6,True
Gm13905,1,False
Gm13910,6,True
Gm13912,1,False
Gm13913,0,False
Gm13914,6,True
Gm13915,6,True
Gm13916,0,False
Gm13919,2,False
Gm13920,4,True
Gm13921,6,True
Gm13922,0,False
Gm13923,0,False
Gm13924,0,False
Gm13925,1,False
Gm13928,6,True
Gm13929,2,False
Gm13930,0,False
Gm13932,6,True
Gm13935,6,True
Gm13936,0,False
Gm13937,6,True
Gm13938,0,False
Gm13940,4,True
Gm13941,1,False
Gm13942,0,False
Gm13943,0,False
Gm13944,0,False
Gm13954,0,False
Gm13961,6,True
Gm13962,0,False
Gm13963,0,False
Gm13964,0,False
Gm13965,3,True
Gm13966,0,False
Gm13967,0,False
Gm13972,2,False
Gm13973,0,False
Gm13974,1,False
Gm13975,0,False
Gm13976,0,False
Gm13977,1,False
Gm13981,6,True
Gm13982,0,False
Gm13983,0,False
Gm13985,0,False
Gm13986,1,False
Gm13988,0,False
Gm13990,0,False
Gm13991,6,True
Gm13992,0,False
Gm13994,0,False
Gm13996,0,False
Gm13997,0,False
Gm13998,6,True
Gm13999,0,False
Gm14000,3,True
Gm14001,0,False
Gm14002,0,False
Gm14003,0,False
Gm14004,3,True
Gm14005,2,False
Gm14006,1,False
Gm14007,0,False
Gm14008,6,True
Gm14009,1,False
Gm1401,4,True
Gm14010,0,False
Gm14011,5,True
Gm14012,0,False
Gm14013,6,True
Gm14014,0,False
Gm14015,0,False
Gm14016,6,True
Gm14017,6,True
Gm14018,1,False
Gm14019,4,True
Gm14020,0,False
Gm14021,1,False
Gm14022,2,False
Gm14023,6,True
Gm14024,0,False
Gm14025,1,False
Gm14026,6,True
Gm14027,2,False
Gm14028,3,True
Gm14029,0,False
Gm14032,6,True
Gm14033,1,False
Gm14034,0,False
Gm14035,6,True
Gm14036,6,True
Gm14037,4,True
Gm14038,6,True
Gm14039,5,True
Gm14040,0,False
Gm14041,4,True
Gm14042,1,False
Gm14044,6,True
Gm14046,6,True
Gm14048,0,False
Gm14049,6,True
Gm14050,0,False
Gm14051,0,False
Gm14052,6,True
Gm14053,0,False
Gm14054,0,False
Gm14055,1,False
Gm14056,6,True
Gm14057,6,True
Gm14058,0,False
Gm14061,0,False
Gm14062,0,False
Gm14064,0,False
Gm14065,1,False
Gm14066,1,False
Gm14067,0,False
Gm14069,0,False
Gm14070,0,False
Gm14071,0,False
Gm14073,1,False
Gm14082,0,False
Gm14083,0,False
Gm14085,1,False
Gm14086,0,False
Gm14089,0,False
Gm14091,4,True
Gm14092,0,False
Gm14093,0,False
Gm14094,6,True
Gm14095,0,False
Gm14097,1,False
Gm14098,4,True
Gm14099,0,False
Gm14100,0,False
Gm14101,0,False
Gm14102,0,False
Gm14103,1,False
Gm14104,1,False
Gm14106,0,False
Gm14107,6,True
Gm14108,0,False
Gm14109,6,True
Gm14110,0,False
Gm14111,6,True
Gm14113,6,True
Gm14114,6,True
Gm14115,4,True
Gm14116,0,False
Gm14117,6,True
Gm14119,0,False
Gm14120,0,False
Gm14121,6,True
Gm14122,6,True
Gm14123,3,True
Gm14124,4,True
Gm14125,3,True
Gm14126,6,True
Gm14127,6,True
Gm14128,0,False
Gm14129,0,False
Gm14130,6,True
Gm14131,6,True
Gm14132,6,True
Gm14133,1,False
Gm14135,0,False
Gm14137,2,False
Gm14138,6,True
Gm14139,0,False
Gm14140,6,True
Gm14141,0,False
Gm14142,0,False
Gm14143,3,True
Gm14144,1,False
Gm14145,0,False
Gm14146,0,False
Gm14147,0,False
Gm14148,6,True
Gm14149,1,False
Gm14150,6,True
Gm14151,0,False
Gm14152,1,False
Gm14153,0,False
Gm14154,2,False
Gm14155,0,False
Gm14156,1,False
Gm14158,0,False
Gm14159,1,False
Gm14161,0,False
Gm14162,6,True
Gm14163,6,True
Gm14164,3,True
Gm14165,6,True
Gm14167,5,True
Gm14168,4,True
Gm14169,3,True
Gm14170,0,False
Gm14172,2,False
Gm14173,6,True
Gm14174,0,False
Gm14175,0,False
Gm14176,6,True
Gm14180,0,False
Gm14182,0,False
Gm14186,0,False
Gm14188,0,False
Gm14190,0,False
Gm14193,0,False
Gm14197,1,False
Gm14198,0,False
Gm14199,1,False
Gm14200,6,True
Gm14201,0,False
Gm14202,1,False
Gm14204,2,False
Gm14205,0,False
Gm14206,1,False
Gm14207,3,True
Gm14208,0,False
Gm14209,0,False
Gm14210,0,False
Gm14211,1,False
Gm14212,5,True
Gm14213,6,True
Gm14214,1,False
Gm14215,0,False
Gm14216,0,False
Gm14218,1,False
Gm14219,0,False
Gm14220,0,False
Gm14221,0,False
Gm14222,0,False
Gm14223,0,False
Gm14224,0,False
Gm14225,3,True
Gm14226,1,False
Gm14227,6,True
Gm14228,0,False
Gm14229,0,False
Gm14230,1,False
Gm14231,6,True
Gm14232,0,False
Gm14233,0,False
Gm14234,0,False
Gm14235,0,False
Gm14236,0,False
Gm14237,6,True
Gm14238,6,True
Gm14239,6,True
Gm14240,0,False
Gm14241,0,False
Gm14242,0,False
Gm14243,0,False
Gm14244,1,False
Gm14245,6,True
Gm14246,0,False
Gm14247,0,False
Gm14248,6,True
Gm14249,0,False
Gm14250,0,False
Gm14251,6,True
Gm14252,5,True
Gm14253,6,True
Gm14254,0,False
Gm14255,0,False
Gm14257,2,False
Gm14258,0,False
Gm14260,0,False
Gm14261,0,False
Gm14262,0,False
Gm14263,0,False
Gm14264,1,False
Gm14266,0,False
Gm14267,3,True
Gm14268,0,False
Gm14269,6,True
Gm14270,6,True
Gm14271,0,False
Gm14272,0,False
Gm14273,0,False
Gm14274,6,True
Gm14275,1,False
Gm14276,5,True
Gm14277,6,True
Gm14278,6,True
Gm14279,6,True
Gm14280,1,False
Gm14281,0,False
Gm14282,0,False
Gm14283,0,False
Gm14285,0,False
Gm14286,5,True
Gm14287,6,True
Gm14288,6,True
Gm14291,0,False
Gm14292,6,True
Gm14293,1,False
Gm14294,0,False
Gm14295,6,True
Gm14296,6,True
Gm14297,0,False
Gm14298,0,False
Gm14299,0,False
Gm14300,1,False
Gm14301,0,False
Gm14302,1,False
Gm14303,6,True
Gm14304,1,False
Gm14305,6,True
Gm14306,6,True
Gm14307,0,False
Gm14308,6,True
Gm14314,0,False
Gm14317,0,False
Gm14319,0,False
Gm14320,0,False
Gm14321,0,False
Gm14322,6,True
Gm14323,6,True
Gm14324,2,False
Gm14325,6,True
Gm14326,6,True
Gm14327,6,True
Gm14328,6,True
Gm14329,0,False
Gm14330,0,False
Gm14331,0,False
Gm14332,2,False
Gm14333,0,False
Gm14334,1,False
Gm14335,6,True
Gm14336,6,True
Gm14339,0,False
Gm14340,1,False
Gm14341,6,True
Gm14342,2,False
Gm14343,0,False
Gm14344,0,False
Gm14345,1,False
Gm14346,1,False
Gm14347,0,False
Gm14348,0,False
Gm14349,0,False
Gm14350,1,False
Gm14351,1,False
Gm14352,0,False
Gm14353,0,False
Gm14355,0,False
Gm14356,0,False
Gm14357,0,False
Gm14358,0,False
Gm14359,0,False
Gm14360,0,False
Gm14361,0,False
Gm14362,0,False
Gm14363,0,False
Gm14364,0,False
Gm14365,1,False
Gm14366,1,False
Gm14367,0,False
Gm14368,0,False
Gm14369,0,False
Gm14370,0,False
Gm14371,0,False
Gm14372,1,False
Gm14373,6,True
Gm14374,0,False
Gm14375,0,False
Gm14376,0,False
Gm14377,3,True
Gm14379,3,True
Gm14380,0,False
Gm14381,0,False
Gm14382,1,False
Gm14383,6,True
Gm14385,1,False
Gm14387,6,True
Gm14388,6,True
Gm14389,0,False
Gm14390,1,False
Gm14391,6,True
Gm14392,1,False
Gm14393,6,True
Gm14394,0,False
Gm14395,0,False
Gm14396,0,False
Gm14397,0,False
Gm14398,5,True
Gm14399,6,True
Gm14400,6,True
Gm14401,6,True
Gm14402,0,False
Gm14403,6,True
Gm14404,0,False
Gm14405,6,True
Gm14406,6,True
Gm14407,6,True
Gm14408,2,False
Gm14409,5,True
Gm14410,6,True
Gm14411,5,True
Gm14412,6,True
Gm14413,0,False
Gm14414,6,True
Gm14415,1,False
Gm14416,6,True
Gm14417,0,False
Gm14418,6,True
Gm14419,6,True
Gm14420,6,True
Gm14421,6,True
Gm14424,0,False
Gm14425,0,False
Gm14426,0,False
Gm14427,1,False
Gm14428,0,False
Gm14429,5,True
Gm14431,6,True
Gm14434,6,True
Gm14435,6,True
Gm14437,0,False
Gm14438,6,True
Gm14439,6,True
Gm14440,6,True
Gm14441,2,False
Gm14442,0,False
Gm14443,6,True
Gm14444,6,True
Gm14445,1,False
Gm14448,6,True
Gm14450,6,True
Gm14451,0,False
Gm14452,1,False
Gm14453,0,False
Gm14455,4,True
Gm14457,0,False
Gm14459,0,False
Gm14460,0,False
Gm14461,0,False
Gm14463,0,False
Gm14464,0,False
Gm14465,0,False
Gm14466,0,False
Gm14469,0,False
Gm14470,6,True
Gm14471,2,False
Gm14472,6,True
Gm14473,6,True
Gm14474,0,False
Gm14475,0,False
Gm14476,0,False
Gm14477,0,False
Gm14478,0,False
Gm14479,0,False
Gm14480,6,True
Gm14481,0,False
Gm14482,0,False
Gm14483,0,False
Gm14484,0,False
Gm14485,0,False
Gm14486,0,False
Gm14487,0,False
Gm14488,2,False
Gm14489,0,False
Gm14491,6,True
Gm14493,0,False
Gm14494,6,True
Gm14496,1,False
Gm14497,6,True
Gm14500,0,False
Gm14501,0,False
Gm14502,0,False
Gm14503,0,False
Gm14504,0,False
Gm14505,0,False
Gm14506,6,True
Gm14507,0,False
Gm14508,3,True
Gm14509,0,False
Gm14510,5,True
Gm14512,0,False
Gm14513,6,True
Gm14514,0,False
Gm14515,0,False
Gm14516,4,True
Gm14517,0,False
Gm14518,0,False
Gm14519,6,True
Gm14520,0,False
Gm14521,1,False
Gm14523,4,True
Gm14524,0,False
Gm14525,0,False
Gm14527,0,False
Gm14528,0,False
Gm14529,0,False
Gm14530,6,True
Gm14531,0,False
Gm14532,1,False
Gm14533,0,False
Gm14534,1,False
Gm14536,6,True
Gm14537,6,True
Gm14538,6,True
Gm14539,6,True
Gm14540,3,True
Gm14541,6,True
Gm14542,0,False
Gm14546,1,False
Gm14547,3,True
Gm14548,1,False
Gm14549,0,False
Gm14550,0,False
Gm14551,1,False
Gm14552,0,False
Gm14553,0,False
Gm14554,3,True
Gm14558,0,False
Gm14559,0,False
Gm14560,0,False
Gm14561,0,False
Gm14562,1,False
Gm14563,0,False
Gm14564,1,False
Gm14565,1,False
Gm14566,0,False
Gm14567,6,True
Gm14568,0,False
Gm14569,6,True
Gm14570,0,False
Gm14571,0,False
Gm14573,0,False
Gm14574,0,False
Gm14575,0,False
Gm14576,6,True
Gm14577,0,False
Gm14578,0,False
Gm14579,0,False
Gm14580,0,False
Gm14581,0,False
Gm14582,1,False
Gm14584,5,True
Gm14585,2,False
Gm14586,6,True
Gm14587,0,False
Gm14588,0,False
Gm14589,0,False
Gm14590,0,False
Gm14591,0,False
Gm14592,2,False
Gm14593,0,False
Gm14594,0,False
Gm14595,0,False
Gm14596,0,False
Gm14597,6,True
Gm14598,0,False
Gm14599,3,True
Gm14600,5,True
Gm14601,0,False
Gm14602,0,False
Gm14603,6,True
Gm14605,0,False
Gm14606,0,False
Gm14607,2,False
Gm14608,6,True
Gm14609,1,False
Gm14610,1,False
Gm14612,3,True
Gm14613,0,False
Gm14614,0,False
Gm14615,1,False
Gm14616,0,False
Gm14617,0,False
Gm14618,0,False
Gm14619,0,False
Gm14620,6,True
Gm14621,0,False
Gm14622,0,False
Gm14623,0,False
Gm14624,0,False
Gm14625,0,False
Gm14626,0,False
Gm14627,6,True
Gm14628,0,False
Gm14629,0,False
Gm14630,6,True
Gm14631,0,False
Gm14632,0,False
Gm14633,6,True
Gm14634,6,True
Gm14635,1,False
Gm14636,4,True
Gm14637,0,False
Gm14638,0,False
Gm14639,6,True
Gm14640,0,False
Gm14641,0,False
Gm14642,0,False
Gm14643,0,False
Gm14644,0,False
Gm14645,0,False
Gm14647,2,False
Gm14648,6,True
Gm14649,0,False
Gm14650,6,True
Gm14651,0,False
Gm14652,6,True
Gm14653,6,True
Gm14654,0,False
Gm14655,0,False
Gm14656,1,False
Gm14657,0,False
Gm14659,0,False
Gm14660,0,False
Gm14661,2,False
Gm14662,5,True
Gm14663,0,False
Gm14664,1,False
Gm14665,6,True
Gm14666,0,False
Gm14667,1,False
Gm14668,5,True
Gm14669,0,False
Gm14670,0,False
Gm14671,0,False
Gm14673,5,True
Gm14674,0,False
Gm14676,3,True
Gm14677,0,False
Gm14678,0,False
Gm14679,6,True
Gm14680,6,True
Gm14681,6,True
Gm14682,0,False
Gm14684,0,False
Gm14685,1,False
Gm14686,0,False
Gm14687,0,False
Gm14688,0,False
Gm14692,0,False
Gm14694,0,False
Gm14695,0,False
Gm14696,0,False
Gm14697,0,False
Gm14698,6,True
Gm14699,2,False
Gm14701,1,False
Gm14703,2,False
Gm14704,0,False
Gm14705,1,False
Gm14706,6,True
Gm14707,0,False
Gm14709,0,False
Gm14710,0,False
Gm14711,1,False
Gm14712,0,False
Gm14713,1,False
Gm14714,0,False
Gm14715,0,False
Gm14716,0,False
Gm14717,0,False
Gm14718,0,False
Gm14719,6,True
Gm14721,0,False
Gm14722,0,False
Gm14723,6,True
Gm14724,0,False
Gm14725,0,False
Gm14726,0,False
Gm14727,0,False
Gm14728,0,False
Gm14729,0,False
Gm14730,3,True
Gm14731,0,False
Gm14732,0,False
Gm14733,0,False
Gm14735,0,False
Gm14736,6,True
Gm14739,0,False
Gm14740,1,False
Gm14741,0,False
Gm14742,0,False
Gm14743,0,False
Gm14744,1,False
Gm14745,5,True
Gm14746,0,False
Gm14747,0,False
Gm14748,0,False
Gm14749,0,False
Gm14750,0,False
Gm14751,0,False
Gm14752,5,True
Gm14753,6,True
Gm14754,0,False
Gm14755,0,False
Gm14756,1,False
Gm14758,0,False
Gm14760,6,True
Gm14761,0,False
Gm14762,2,False
Gm14764,0,False
Gm14765,0,False
Gm14766,6,True
Gm14767,3,True
Gm14768,0,False
Gm14769,6,True
Gm14770,0,False
Gm14771,0,False
Gm14772,0,False
Gm14773,0,False
Gm14774,0,False
Gm14775,0,False
Gm14776,6,True
Gm14777,0,False
Gm14780,6,True
Gm14781,0,False
Gm14782,0,False
Gm14783,0,False
Gm14784,0,False
Gm14785,0,False
Gm14786,0,False
Gm14787,0,False
Gm14788,0,False
Gm14790,0,False
Gm14791,0,False
Gm14792,0,False
Gm14793,0,False
Gm14794,6,True
Gm14795,0,False
Gm14796,0,False
Gm14797,0,False
Gm14798,0,False
Gm14799,1,False
Gm14800,0,False
Gm14802,0,False
Gm14803,0,False
Gm14804,0,False
Gm14805,0,False
Gm14806,5,True
Gm14807,3,True
Gm14808,0,False
Gm14809,0,False
Gm14810,1,False
Gm14811,0,False
Gm14812,0,False
Gm14813,6,True
Gm14815,0,False
Gm14816,0,False
Gm14817,4,True
Gm14818,0,False
Gm14819,0,False
Gm14820,3,True
Gm14821,0,False
Gm14822,2,False
Gm14823,0,False
Gm14824,4,True
Gm14825,5,True
Gm14826,0,False
Gm14827,6,True
Gm14828,6,True
Gm14829,6,True
Gm14830,6,True
Gm14831,0,False
Gm14832,0,False
Gm14833,0,False
Gm14834,0,False
Gm14835,0,False
Gm14836,0,False
Gm14837,0,False
Gm14838,0,False
Gm14839,1,False
Gm14840,6,True
Gm14841,0,False
Gm14842,0,False
Gm14843,6,True
Gm14845,6,True
Gm14846,0,False
Gm14847,1,False
Gm14848,6,True
Gm14849,1,False
Gm14850,1,False
Gm14851,0,False
Gm14852,0,False
Gm14853,6,True
Gm14854,1,False
Gm14855,0,False
Gm14856,3,True
Gm14857,6,True
Gm14858,6,True
Gm14859,6,True
Gm14860,0,False
Gm14861,0,False
Gm14862,0,False
Gm14863,0,False
Gm14864,5,True
Gm14865,6,True
Gm14866,6,True
Gm14867,1,False
Gm14868,0,False
Gm14869,6,True
Gm14870,2,False
Gm14871,0,False
Gm14874,0,False
Gm14875,0,False
Gm14876,0,False
Gm14877,0,False
Gm14878,0,False
Gm14879,0,False
Gm14880,0,False
Gm14881,6,True
Gm14882,0,False
Gm14883,0,False
Gm14884,0,False
Gm14885,0,False
Gm14886,1,False
Gm14887,0,False
Gm14890,6,True
Gm14891,0,False
Gm14892,0,False
Gm14893,0,False
Gm14894,0,False
Gm14895,1,False
Gm14896,6,True
Gm14897,6,True
Gm14898,0,False
Gm14899,0,False
Gm14900,5,True
Gm14901,0,False
Gm14902,2,False
Gm14903,0,False
Gm14904,0,False
Gm14905,0,False
Gm14906,0,False
Gm14907,0,False
Gm14908,0,False
Gm14909,1,False
Gm14910,0,False
Gm14911,1,False
Gm14912,0,False
Gm14913,0,False
Gm14914,0,False
Gm14915,6,True
Gm14916,0,False
Gm14917,0,False
Gm14918,0,False
Gm14919,0,False
Gm14920,0,False
Gm14921,0,False
Gm14922,0,False
Gm14923,0,False
Gm14925,6,True
Gm14926,0,False
Gm14927,1,False
Gm14928,5,True
Gm14929,0,False
Gm14930,1,False
Gm14931,1,False
Gm14932,6,True
Gm14933,0,False
Gm14935,1,False
Gm14936,0,False
Gm14937,0,False
Gm14938,1,False
Gm14939,0,False
Gm14940,0,False
Gm14942,1,False
Gm14943,0,False
Gm14945,0,False
Gm14946,0,False
Gm14947,0,False
Gm14950,0,False
Gm14951,0,False
Gm14957,6,True
Gm14963,2,False
Gm14964,6,True
Gm14965,3,True
Gm14966,5,True
Gm14967,0,False
Gm14968,0,False
Gm14970,6,True
Gm14971,0,False
Gm14972,0,False
Gm14973,0,False
Gm14974,0,False
Gm14975,0,False
Gm14976,0,False
Gm14977,0,False
Gm14978,0,False
Gm14979,0,False
Gm14980,0,False
Gm14981,0,False
Gm14982,0,False
Gm14983,0,False
Gm14984,5,True
Gm14985,0,False
Gm14986,0,False
Gm14987,0,False
Gm14988,0,False
Gm14989,0,False
Gm14990,0,False
Gm14991,0,False
Gm14992,1,False
Gm14993,0,False
Gm14994,0,False
Gm14995,0,False
Gm14996,1,False
Gm14997,0,False
Gm14998,0,False
Gm14999,0,False
Gm15000,6,True
Gm15001,0,False
Gm15002,0,False
Gm15003,0,False
Gm15004,0,False
Gm15005,1,False
Gm15006,0,False
Gm15007,1,False
Gm15008,0,False
Gm15009,0,False
Gm15010,0,False
Gm15011,0,False
Gm15012,0,False
Gm15013,6,True
Gm15014,0,False
Gm15015,0,False
Gm15016,0,False
Gm15017,0,False
Gm15018,0,False
Gm15019,0,False
Gm15020,0,False
Gm15021,0,False
Gm15022,0,False
Gm15023,1,False
Gm15025,0,False
Gm15026,0,False
Gm15027,5,True
Gm15028,6,True
Gm15029,1,False
Gm15030,0,False
Gm15031,0,False
Gm15032,6,True
Gm15033,6,True
Gm15034,1,False
Gm15036,0,False
Gm15037,0,False
Gm15038,0,False
Gm15039,0,False
Gm15040,0,False
Gm15041,0,False
Gm15042,0,False
Gm15043,4,True
Gm15044,0,False
Gm15045,0,False
Gm15046,0,False
Gm15047,0,False
Gm15048,0,False
Gm15049,3,True
Gm15050,0,False
Gm15054,0,False
Gm15056,0,False
Gm15057,5,True
Gm15058,0,False
Gm15060,0,False
Gm15061,0,False
Gm15062,0,False
Gm15063,5,True
Gm15065,0,False
Gm15066,6,True
Gm15067,5,True
Gm15068,0,False
Gm15069,0,False
Gm15071,0,False
Gm15073,0,False
Gm15074,0,False
Gm15075,0,False
Gm15076,0,False
Gm15077,0,False
Gm15078,0,False
Gm15079,0,False
Gm15080,1,False
Gm15081,1,False
Gm15082,2,False
Gm15083,0,False
Gm15084,0,False
Gm15085,1,False
Gm15086,0,False
Gm15087,0,False
Gm15088,0,False
Gm15089,0,False
Gm15090,0,False
Gm15091,1,False
Gm15092,0,False
Gm15093,1,False
Gm15094,0,False
Gm15095,0,False
Gm15096,6,True
Gm15097,1,False
Gm15098,0,False
Gm15099,0,False
Gm15100,0,False
Gm15101,0,False
Gm15102,0,False
Gm15103,0,False
Gm15104,3,True
Gm15105,0,False
Gm15106,0,False
Gm15107,1,False
Gm15108,0,False
Gm15109,0,False
Gm15110,0,False
Gm15111,0,False
Gm15112,0,False
Gm15113,0,False
Gm15114,1,False
Gm15115,0,False
Gm15116,0,False
Gm15120,0,False
Gm15121,0,False
Gm15122,0,False
Gm15123,0,False
Gm15124,0,False
Gm15125,0,False
Gm15126,0,False
Gm15127,1,False
Gm15128,1,False
Gm15129,6,True
Gm15130,0,False
Gm15131,6,True
Gm15132,0,False
Gm15133,1,False
Gm15136,0,False
Gm15137,0,False
Gm15138,3,True
Gm15140,1,False
Gm15141,0,False
Gm15142,0,False
Gm15143,1,False
Gm15147,0,False
Gm15148,6,True
Gm15149,0,False
Gm15151,6,True
Gm15152,0,False
Gm15153,0,False
Gm15154,1,False
Gm15155,0,False
Gm15156,1,False
Gm15157,2,False
Gm15158,0,False
Gm15159,1,False
Gm15160,5,True
Gm15161,0,False
Gm15162,0,False
Gm15163,6,True
Gm15164,6,True
Gm15165,0,False
Gm15166,1,False
Gm15167,0,False
Gm15168,0,False
Gm15169,0,False
Gm15170,0,False
Gm15171,0,False
Gm15172,0,False
Gm15173,6,True
Gm15175,0,False
Gm15176,0,False
Gm15177,0,False
Gm15178,0,False
Gm15179,0,False
Gm15180,0,False
Gm15181,2,False
Gm15182,0,False
Gm15183,0,False
Gm15185,0,False
Gm15186,6,True
Gm15187,0,False
Gm15188,0,False
Gm15189,1,False
Gm15190,6,True
Gm15191,6,True
Gm15192,6,True
Gm15193,1,False
Gm15194,0,False
Gm15195,6,True
Gm15196,0,False
Gm15197,4,True
Gm15198,6,True
Gm15199,0,False
Gm15200,0,False
Gm15201,0,False
Gm15202,0,False
Gm15203,0,False
Gm15204,6,True
Gm15205,0,False
Gm15206,0,False
Gm15207,3,True
Gm15208,0,False
Gm15209,6,True
Gm15210,6,True
Gm15211,0,False
Gm15212,0,False
Gm15213,0,False
Gm15214,0,False
Gm15215,0,False
Gm15216,0,False
Gm15217,0,False
Gm15218,0,False
Gm15220,0,False
Gm15221,0,False
Gm15222,2,False
Gm15223,6,True
Gm15224,0,False
Gm15225,0,False
Gm15226,1,False
Gm15227,0,False
Gm15228,2,False
Gm15229,0,False
Gm15230,0,False
Gm15231,0,False
Gm15232,2,False
Gm15233,0,False
Gm15234,3,True
Gm15235,6,True
Gm15236,6,True
Gm15237,0,False
Gm15238,6,True
Gm15239,1,False
Gm15240,0,False
Gm15241,0,False
Gm15242,0,False
Gm15243,3,True
Gm15244,0,False
Gm15245,0,False
Gm15246,6,True
Gm15247,4,True
Gm15251,0,False
Gm15252,0,False
Gm15254,0,False
Gm15256,1,False
Gm15257,0,False
Gm15258,1,False
Gm15259,0,False
Gm15260,0,False
Gm15261,2,False
Gm15262,4,True
Gm15263,0,False
Gm15264,0,False
Gm15265,6,True
Gm15266,6,True
Gm15267,6,True
Gm15268,2,False
Gm1527,0,False
Gm15270,0,False
Gm15271,0,False
Gm15272,0,False
Gm15273,0,False
Gm15274,0,False
Gm15275,0,False
Gm15276,0,False
Gm15279,0,False
Gm15280,0,False
Gm15281,0,False
Gm15282,0,False
Gm15283,6,True
Gm15284,0,False
Gm15285,6,True
Gm15286,0,False
Gm15287,1,False
Gm15288,0,False
Gm15289,6,True
Gm15290,1,False
Gm15292,1,False
Gm15293,0,False
Gm15294,6,True
Gm15295,0,False
Gm15297,0,False
Gm15298,1,False
Gm15299,0,False
Gm15300,0,False
Gm15302,6,True
Gm15303,6,True
Gm15304,6,True
Gm15305,0,False
Gm15308,0,False
Gm15309,4,True
Gm15310,0,False
Gm15311,0,False
Gm15312,5,True
Gm15313,0,False
Gm15314,6,True
Gm15315,0,False
Gm15316,0,False
Gm15317,0,False
Gm15318,0,False
Gm15319,6,True
Gm15320,0,False
Gm15321,0,False
Gm15322,0,False
Gm15323,0,False
Gm15324,0,False
Gm15325,0,False
Gm15326,0,False
Gm15327,1,False
Gm15328,3,True
Gm15329,0,False
Gm15331,0,False
Gm15332,0,False
Gm15333,0,False
Gm15334,0,False
Gm15335,0,False
Gm15336,3,True
Gm15337,3,True
Gm15338,0,False
Gm15339,0,False
Gm15340,1,False
Gm15341,0,False
Gm15342,1,False
Gm15343,0,False
Gm15344,3,True
Gm15345,2,False
Gm15346,2,False
Gm15347,1,False
Gm15348,0,False
Gm15349,0,False
Gm15350,5,True
Gm15351,1,False
Gm15352,0,False
Gm15353,1,False
Gm15354,0,False
Gm15355,0,False
Gm15356,3,True
Gm15357,0,False
Gm15358,0,False
Gm15359,6,True
Gm15361,6,True
Gm15362,6,True
Gm15363,0,False
Gm15364,1,False
Gm15365,6,True
Gm15366,4,True
Gm15367,6,True
Gm15368,1,False
Gm15369,0,False
Gm15370,0,False
Gm15371,1,False
Gm15372,1,False
Gm15373,0,False
Gm15374,0,False
Gm15375,0,False
Gm15376,0,False
Gm15377,0,False
Gm15378,4,True
Gm15379,3,True
Gm15381,4,True
Gm15382,1,False
Gm15383,3,True
Gm15384,0,False
Gm15385,1,False
Gm15387,6,True
Gm15388,0,False
Gm15389,0,False
Gm15390,0,False
Gm15391,0,False
Gm15392,0,False
Gm15393,0,False
Gm15394,1,False
Gm15395,0,False
Gm15396,4,True
Gm15397,0,False
Gm15398,4,True
Gm15399,1,False
Gm15400,0,False
Gm15401,2,False
Gm15402,0,False
Gm15403,0,False
Gm15404,0,False
Gm15406,2,False
Gm15407,0,False
Gm15408,3,True
Gm15409,1,False
Gm15410,4,True
Gm15411,5,True
Gm15412,1,False
Gm15413,3,True
Gm15414,0,False
Gm15416,1,False
Gm15417,6,True
Gm15418,5,True
Gm15419,3,True
Gm15420,3,True
Gm15421,6,True
Gm15422,6,True
Gm15423,0,False
Gm15425,6,True
Gm15426,0,False
Gm15427,6,True
Gm15428,6,True
Gm15429,6,True
Gm15432,6,True
Gm15433,3,True
Gm15440,6,True
Gm15441,3,True
Gm15442,6,True
Gm15443,6,True
Gm15444,0,False
Gm15445,4,True
Gm15446,6,True
Gm15448,0,False
Gm15452,6,True
Gm15453,6,True
Gm15454,6,True
Gm15455,6,True
Gm15457,3,True
Gm15458,1,False
Gm15459,6,True
Gm15460,3,True
Gm15461,0,False
Gm15462,2,False
Gm15464,6,True
Gm15465,2,False
Gm15466,6,True
Gm15467,6,True
Gm15469,0,False
Gm15470,3,True
Gm15471,0,False
Gm15472,0,False
Gm15473,1,False
Gm15475,1,False
Gm15476,0,False
Gm15477,4,True
Gm15478,4,True
Gm15479,0,False
Gm15480,2,False
Gm15481,0,False
Gm15482,2,False
Gm15483,6,True
Gm15484,6,True
Gm15485,3,True
Gm15486,0,False
Gm15487,6,True
Gm15488,1,False
Gm15489,5,True
Gm15490,6,True
Gm15491,1,False
Gm15492,4,True
Gm15493,6,True
Gm15494,0,False
Gm15495,6,True
Gm15496,1,False
Gm15497,3,True
Gm15498,1,False
Gm15499,1,False
Gm15500,6,True
Gm15501,6,True
Gm15502,6,True
Gm15503,1,False
Gm15504,5,True
Gm15506,6,True
Gm15507,0,False
Gm15508,0,False
Gm15509,0,False
Gm15510,3,True
Gm15511,5,True
Gm15512,0,False
Gm15513,3,True
Gm15515,0,False
Gm15516,6,True
Gm15517,0,False
Gm15518,4,True
Gm15519,6,True
Gm15520,6,True
Gm15521,1,False
Gm15522,6,True
Gm15523,1,False
Gm15524,1,False
Gm15526,6,True
Gm15527,1,False
Gm15528,6,True
Gm15529,0,False
Gm1553,0,False
Gm15530,6,True
Gm15531,6,True
Gm15532,5,True
Gm15533,0,False
Gm15534,6,True
Gm15535,5,True
Gm15536,6,True
Gm15537,1,False
Gm15538,6,True
Gm15539,2,False
Gm15540,2,False
Gm15541,6,True
Gm15542,6,True
Gm15543,0,False
Gm15544,6,True
Gm15545,6,True
Gm15546,6,True
Gm15547,0,False
Gm15549,1,False
Gm15550,6,True
Gm15551,1,False
Gm15553,0,False
Gm15554,0,False
Gm15555,0,False
Gm15556,0,False
Gm15557,0,False
Gm15558,1,False
Gm15559,5,True
Gm15560,6,True
Gm15561,0,False
Gm15562,4,True
Gm15563,0,False
Gm15564,6,True
Gm15565,0,False
Gm15566,6,True
Gm15567,6,True
Gm15568,6,True
Gm15569,0,False
Gm15570,0,False
Gm15571,0,False
Gm15572,1,False
Gm15573,6,True
Gm15574,0,False
Gm15575,6,True
Gm15576,6,True
Gm15577,5,True
Gm15578,2,False
Gm15579,0,False
Gm15580,0,False
Gm15581,1,False
Gm15582,0,False
Gm15583,5,True
Gm15584,1,False
Gm15585,5,True
Gm15586,3,True
Gm15587,5,True
Gm15589,0,False
Gm15590,6,True
Gm15591,6,True
Gm15592,0,False
Gm15593,6,True
Gm15594,6,True
Gm15595,0,False
Gm15596,6,True
Gm15597,2,False
Gm15598,0,False
Gm15599,6,True
Gm156,0,False
Gm15600,1,False
Gm15601,6,True
Gm15602,0,False
Gm15603,0,False
Gm15604,3,True
Gm15606,1,False
Gm15607,0,False
Gm15608,4,True
Gm15609,6,True
Gm15610,6,True
Gm15611,1,False
Gm15612,6,True
Gm15613,1,False
Gm15614,1,False
Gm15615,0,False
Gm15616,6,True
Gm15617,5,True
Gm15618,0,False
Gm15619,0,False
Gm15620,0,False
Gm15621,5,True
Gm15622,0,False
Gm15624,4,True
Gm15625,5,True
Gm15626,0,False
Gm15627,4,True
Gm15628,0,False
Gm15629,0,False
Gm15631,6,True
Gm15632,1,False
Gm15634,3,True
Gm15635,3,True
Gm15636,6,True
Gm15637,0,False
Gm15638,2,False
Gm15640,3,True
Gm15641,0,False
Gm15642,0,False
Gm15643,0,False
Gm15644,2,False
Gm15645,6,True
Gm15646,0,False
Gm15647,0,False
Gm15648,0,False
Gm15650,0,False
Gm15651,6,True
Gm15653,5,True
Gm15654,6,True
Gm15655,0,False
Gm15656,4,True
Gm15657,0,False
Gm15658,0,False
Gm15659,6,True
Gm15660,6,True
Gm15661,0,False
Gm15662,0,False
Gm15663,6,True
Gm15664,3,True
Gm15665,0,False
Gm15666,4,True
Gm15667,3,True
Gm15668,0,False
Gm15669,0,False
Gm15670,2,False
Gm15671,0,False
Gm15672,3,True
Gm15674,0,False
Gm15675,1,False
Gm15677,1,False
Gm15678,1,False
Gm15679,0,False
Gm15680,1,False
Gm15681,6,True
Gm15682,6,True
Gm15684,0,False
Gm15687,1,False
Gm15688,2,False
Gm15689,1,False
Gm15690,2,False
Gm15691,0,False
Gm15692,6,True
Gm15693,0,False
Gm15694,6,True
Gm15696,6,True
Gm15697,6,True
Gm15698,2,False
Gm15699,1,False
Gm15700,2,False
Gm15701,0,False
Gm15702,6,True
Gm15703,6,True
Gm15704,1,False
Gm15706,6,True
Gm15707,6,True
Gm15708,3,True
Gm15709,0,False
Gm15710,6,True
Gm15711,6,True
Gm15712,6,True
Gm15713,6,True
Gm15714,0,False
Gm15715,0,False
Gm15716,0,False
Gm15717,4,True
Gm15718,2,False
Gm15719,6,True
Gm15720,6,True
Gm15721,1,False
Gm15722,0,False
Gm15723,0,False
Gm15725,0,False
Gm15726,6,True
Gm15727,6,True
Gm15728,6,True
Gm15729,0,False
Gm15730,6,True
Gm15731,1,False
Gm15732,0,False
Gm15733,0,False
Gm15734,1,False
Gm15735,2,False
Gm15736,0,False
Gm15737,4,True
Gm15738,6,True
Gm15739,1,False
Gm15740,6,True
Gm15741,0,False
Gm15742,0,False
Gm15743,6,True
Gm15744,0,False
Gm15745,6,True
Gm15746,0,False
Gm15747,0,False
Gm15749,0,False
Gm15750,6,True
Gm15751,6,True
Gm15752,0,False
Gm15753,1,False
Gm15754,0,False
Gm15755,1,False
Gm15756,6,True
Gm15758,1,False
Gm15759,1,False
Gm15760,1,False
Gm15762,0,False
Gm15763,0,False
Gm15764,5,True
Gm15765,0,False
Gm15766,6,True
Gm15767,2,False
Gm15770,6,True
Gm15772,6,True
Gm15773,6,True
Gm15774,5,True
Gm15775,1,False
Gm15776,6,True
Gm15777,1,False
Gm15778,5,True
Gm15779,6,True
Gm15780,5,True
Gm15781,0,False
Gm15782,6,True
Gm15783,0,False
Gm15784,4,True
Gm15785,6,True
Gm15786,0,False
Gm15787,5,True
Gm15788,4,True
Gm15789,1,False
Gm15790,6,True
Gm15791,0,False
Gm15792,1,False
Gm15793,6,True
Gm15794,0,False
Gm15795,6,True
Gm15796,6,True
Gm15798,0,False
Gm15799,3,True
Gm15800,6,True
Gm15801,6,True
Gm15802,0,False
Gm15803,1,False
Gm15806,6,True
Gm15807,3,True
Gm15808,5,True
Gm15809,4,True
Gm15810,0,False
Gm15812,4,True
Gm15813,2,False
Gm15815,1,False
Gm15816,6,True
Gm15818,0,False
Gm15819,2,False
Gm15820,0,False
Gm15821,6,True
Gm15823,0,False
Gm15824,5,True
Gm15825,0,False
Gm15826,0,False
Gm15828,4,True
Gm15829,2,False
Gm15831,0,False
Gm15832,5,True
Gm15833,6,True
Gm15834,6,True
Gm15835,1,False
Gm15836,5,True
Gm15838,0,False
Gm15839,1,False
Gm15840,0,False
Gm15841,0,False
Gm15842,3,True
Gm15843,6,True
Gm15844,0,False
Gm15845,0,False
Gm15846,3,True
Gm15847,0,False
Gm15848,1,False
Gm15849,3,True
Gm15850,5,True
Gm15851,0,False
Gm15852,5,True
Gm15853,6,True
Gm15854,0,False
Gm15856,0,False
Gm15857,0,False
Gm15859,1,False
Gm15860,5,True
Gm15861,2,False
Gm15862,1,False
Gm15864,0,False
Gm15866,1,False
Gm15867,0,False
Gm15868,6,True
Gm15869,4,True
Gm1587,1,False
Gm15870,0,False
Gm15872,0,False
Gm15873,0,False
Gm15875,0,False
Gm15877,6,True
Gm15878,0,False
Gm15879,5,True
Gm15880,4,True
Gm15881,0,False
Gm15882,0,False
Gm15883,1,False
Gm15884,6,True
Gm15885,0,False
Gm15886,2,False
Gm15888,0,False
Gm15889,0,False
Gm15890,4,True
Gm15891,0,False
Gm15892,3,True
Gm15893,5,True
Gm15894,0,False
Gm15895,0,False
Gm15896,4,True
Gm15897,0,False
Gm15898,0,False
Gm15899,6,True
Gm15900,6,True
Gm15901,2,False
Gm15902,1,False
Gm15903,6,True
Gm15904,1,False
Gm15905,0,False
Gm15906,0,False
Gm15907,1,False
Gm15908,1,False
Gm15910,6,True
Gm15911,3,True
Gm15912,5,True
Gm15913,0,False
Gm15914,0,False
Gm15915,3,True
Gm15916,2,False
Gm15917,2,False
Gm15918,0,False
Gm15920,6,True
Gm15921,6,True
Gm15922,0,False
Gm15923,0,False
Gm15925,1,False
Gm15926,0,False
Gm15927,6,True
Gm15928,4,True
Gm15929,0,False
Gm15930,2,False
Gm15931,1,False
Gm15932,6,True
Gm15933,0,False
Gm15934,0,False
Gm15935,0,False
Gm15936,0,False
Gm15937,0,False
Gm15938,2,False
Gm15939,2,False
Gm15940,1,False
Gm15941,4,True
Gm15942,0,False
Gm15943,1,False
Gm15945,0,False
Gm15946,6,True
Gm15947,0,False
Gm15948,4,True
Gm15949,0,False
Gm15950,5,True
Gm15951,0,False
Gm15952,6,True
Gm15953,4,True
Gm15954,6,True
Gm15956,6,True
Gm15957,0,False
Gm15958,1,False
Gm15959,0,False
Gm15961,0,False
Gm15962,1,False
Gm15963,2,False
Gm15964,6,True
Gm15965,6,True
Gm15966,1,False
Gm15967,4,True
Gm15968,0,False
Gm15969,0,False
Gm15970,6,True
Gm15971,0,False
Gm15972,6,True
Gm15974,6,True
Gm15975,6,True
Gm15976,0,False
Gm15978,0,False
Gm15979,1,False
Gm15981,5,True
Gm15982,5,True
Gm15983,2,False
Gm15984,1,False
Gm15985,0,False
Gm15986,0,False
Gm15987,1,False
Gm15988,0,False
Gm15989,6,True
Gm15990,3,True
Gm15991,3,True
Gm15992,0,False
Gm15994,0,False
Gm15995,0,False
Gm15996,2,False
Gm15997,0,False
Gm15998,1,False
Gm15999,0,False
Gm16000,0,False
Gm16001,5,True
Gm16004,1,False
Gm16005,0,False
Gm16006,5,True
Gm16007,0,False
Gm16008,5,True
Gm16010,5,True
Gm16011,3,True
Gm16013,0,False
Gm16014,1,False
Gm16015,4,True
Gm16016,6,True
Gm16017,0,False
Gm16019,0,False
Gm16020,6,True
Gm16021,1,False
Gm16023,6,True
Gm16024,5,True
Gm16025,2,False
Gm16026,2,False
Gm16027,0,False
Gm16028,1,False
Gm16029,1,False
Gm16030,6,True
Gm16031,0,False
Gm16032,0,False
Gm16033,0,False
Gm16034,0,False
Gm16035,0,False
Gm16036,0,False
Gm16038,0,False
Gm16041,5,True
Gm16042,0,False
Gm16043,1,False
Gm16044,3,True
Gm16045,1,False
Gm16046,3,True
Gm16048,1,False
Gm16049,1,False
Gm1604a,4,True
Gm1604b,3,True
Gm16050,1,False
Gm16052,3,True
Gm16053,6,True
Gm16054,3,True
Gm16055,0,False
Gm16056,6,True
Gm16057,2,False
Gm16058,2,False
Gm16059,5,True
Gm16060,6,True
Gm16061,6,True
Gm16062,6,True
Gm16063,0,False
Gm16064,1,False
Gm16066,1,False
Gm16068,2,False
Gm16069,6,True
Gm16070,0,False
Gm16071,6,True
Gm16072,6,True
Gm16073,2,False
Gm16074,6,True
Gm16075,1,False
Gm16076,0,False
Gm16077,0,False
Gm16079,0,False
Gm16080,0,False
Gm16081,0,False
Gm16082,6,True
Gm16083,2,False
Gm16084,0,False
Gm16085,0,False
Gm16086,0,False
Gm16087,0,False
Gm16089,6,True
Gm16090,2,False
Gm16091,4,True
Gm16092,2,False
Gm16093,0,False
Gm16094,2,False
Gm16095,1,False
Gm16096,0,False
Gm16098,3,True
Gm16099,1,False
Gm16100,0,False
Gm16101,0,False
Gm16102,6,True
Gm16103,6,True
Gm16104,2,False
Gm16105,0,False
Gm16106,5,True
Gm16107,1,False
Gm16110,0,False
Gm16111,1,False
Gm16112,0,False
Gm16113,0,False
Gm16114,0,False
Gm16116,0,False
Gm16117,1,False
Gm16118,1,False
Gm16120,0,False
Gm16121,1,False
Gm16122,1,False
Gm16123,6,True
Gm16124,3,True
Gm16125,4,True
Gm16126,0,False
Gm16127,0,False
Gm16128,0,False
Gm16129,0,False
Gm16130,1,False
Gm16131,0,False
Gm16132,0,False
Gm16133,3,True
Gm16134,0,False
Gm16135,0,False
Gm16136,0,False
Gm16137,0,False
Gm16138,0,False
Gm16139,5,True
Gm16140,1,False
Gm16141,2,False
Gm16142,1,False
Gm16143,2,False
Gm16144,1,False
Gm16145,0,False
Gm16146,0,False
Gm16147,6,True
Gm16148,6,True
Gm16149,0,False
Gm16150,0,False
Gm16151,1,False
Gm16152,6,True
Gm16153,6,True
Gm16155,3,True
Gm16156,6,True
Gm16157,0,False
Gm16158,1,False
Gm16159,4,True
Gm16160,1,False
Gm16161,0,False
Gm16162,0,False
Gm16163,6,True
Gm16164,6,True
Gm16165,6,True
Gm16166,5,True
Gm16167,0,False
Gm16168,6,True
Gm16169,2,False
Gm16170,4,True
Gm16171,0,False
Gm16172,6,True
Gm16174,0,False
Gm16175,0,False
Gm16177,6,True
Gm16178,1,False
Gm16179,2,False
Gm16180,0,False
Gm16181,3,True
Gm16183,1,False
Gm16184,6,True
Gm16185,4,True
Gm16186,0,False
Gm16188,0,False
Gm16189,1,False
Gm16191,0,False
Gm16192,5,True
Gm16193,0,False
Gm16194,0,False
Gm16195,0,False
Gm16196,0,False
Gm16198,0,False
Gm16199,5,True
Gm16200,6,True
Gm16201,1,False
Gm16202,6,True
Gm16204,0,False
Gm16205,5,True
Gm16206,2,False
Gm16208,0,False
Gm16209,6,True
Gm16210,6,True
Gm16211,2,False
Gm16212,3,True
Gm16213,3,True
Gm16214,4,True
Gm16215,0,False
Gm16216,6,True
Gm16217,0,False
Gm16218,0,False
Gm16219,0,False
Gm16220,0,False
Gm16221,0,False
Gm16222,1,False
Gm16223,6,True
Gm16224,1,False
Gm16225,0,False
Gm16226,1,False
Gm16227,0,False
Gm16228,0,False
Gm16229,0,False
Gm16230,1,False
Gm16231,3,True
Gm16232,0,False
Gm16233,2,False
Gm16234,0,False
Gm16235,1,False
Gm16236,0,False
Gm16237,0,False
Gm16238,6,True
Gm16239,0,False
Gm16240,0,False
Gm16242,0,False
Gm16243,3,True
Gm16244,3,True
Gm16246,0,False
Gm16248,0,False
Gm16249,1,False
Gm16250,0,False
Gm16251,0,False
Gm16252,0,False
Gm16253,6,True
Gm16254,0,False
Gm16259,0,False
Gm16260,0,False
Gm16261,0,False
Gm16262,0,False
Gm16263,1,False
Gm16265,5,True
Gm16267,5,True
Gm16268,1,False
Gm16269,0,False
Gm1627,1,False
Gm16270,0,False
Gm16271,0,False
Gm16272,0,False
Gm16273,1,False
Gm16274,0,False
Gm16275,3,True
Gm16276,6,True
Gm16277,0,False
Gm16278,5,True
Gm16279,6,True
Gm16280,0,False
Gm16282,0,False
Gm16283,4,True
Gm16284,6,True
Gm16285,0,False
Gm16286,6,True
Gm16287,2,False
Gm16288,6,True
Gm16289,2,False
Gm16290,0,False
Gm16291,3,True
Gm16294,1,False
Gm16295,0,False
Gm16296,1,False
Gm16297,0,False
Gm16298,1,False
Gm16299,0,False
Gm16300,6,True
Gm16301,6,True
Gm16302,2,False
Gm16303,0,False
Gm16304,0,False
Gm16305,5,True
Gm16306,1,False
Gm16307,1,False
Gm16308,0,False
Gm16310,2,False
Gm16311,1,False
Gm16312,0,False
Gm16314,3,True
Gm16315,1,False
Gm16316,3,True
Gm16318,2,False
Gm16321,0,False
Gm16322,0,False
Gm16323,1,False
Gm16325,0,False
Gm16326,0,False
Gm16327,0,False
Gm16328,0,False
Gm16329,0,False
Gm16330,1,False
Gm16331,0,False
Gm16332,6,True
Gm16333,1,False
Gm16334,1,False
Gm16335,6,True
Gm16336,0,False
Gm16337,0,False
Gm16339,1,False
Gm16340,5,True
Gm16341,0,False
Gm16342,2,False
Gm16343,0,False
Gm16344,0,False
Gm16345,0,False
Gm16346,1,False
Gm16347,1,False
Gm16348,2,False
Gm16349,0,False
Gm16350,0,False
Gm16351,1,False
Gm16353,6,True
Gm16354,0,False
Gm16355,0,False
Gm16356,0,False
Gm16357,0,False
Gm16358,0,False
Gm16359,0,False
Gm16362,0,False
Gm16363,2,False
Gm16364,2,False
Gm16365,5,True
Gm16368,3,True
Gm16372,6,True
Gm16373,6,True
Gm16378,6,True
Gm16379,6,True
Gm16380,6,True
Gm16381,6,True
Gm16383,0,False
Gm16386,6,True
Gm16387,0,False
Gm16391,6,True
Gm16394,0,False
Gm16397,5,True
Gm16399,6,True
Gm16400,0,False
Gm16401,4,True
Gm16404,0,False
Gm16405,0,False
Gm16407,0,False
Gm16409,6,True
Gm16410,4,True
Gm16411,0,False
Gm16412,6,True
Gm16415,6,True
Gm16416,6,True
Gm16418,6,True
Gm16420,0,False
Gm16421,6,True
Gm16423,1,False
Gm16425,4,True
Gm16427,1,False
Gm16428,0,False
Gm16429,0,False
Gm16430,0,False
Gm16431,0,False
Gm16432,6,True
Gm16433,6,True
Gm16434,2,False
Gm16436,6,True
Gm16437,6,True
Gm16439,6,True
Gm16440,4,True
Gm16441,0,False
Gm16442,1,False
Gm16443,0,False
Gm16445,1,False
Gm16451,1,False
Gm16456,0,False
Gm16458,0,False
Gm16459,6,True
Gm16463,0,False
Gm16464,2,False
Gm16465,5,True
Gm1647,1,False
Gm16470,6,True
Gm16471,6,True
Gm16475,0,False
Gm16477,6,True
Gm16478,6,True
Gm16479,0,False
Gm16480,0,False
Gm16481,1,False
Gm16485,1,False
Gm16487,0,False
Gm16490,0,False
Gm16494,6,True
Gm16499,6,True
Gm16501,0,False
Gm16503,6,True
Gm16505,2,False
Gm16506,0,False
Gm16508,0,False
Gm16510,6,True
Gm16511,0,False
Gm16513,2,False
Gm16518,0,False
Gm16519,3,True
Gm16523,6,True
Gm16531,1,False
Gm16533,0,False
Gm16534,3,True
Gm16536,6,True
Gm16537,6,True
Gm16538,3,True
Gm16539,0,False
Gm16540,0,False
Gm16541,0,False
Gm16545,0,False
Gm16546,6,True
Gm16547,0,False
Gm16548,0,False
Gm16549,5,True
Gm16550,6,True
Gm16551,1,False
Gm16552,0,False
Gm16553,0,False
Gm16554,1,False
Gm16555,1,False
Gm16556,1,False
Gm16557,0,False
Gm16558,2,False
Gm16559,0,False
Gm16560,0,False
Gm16561,0,False
Gm16563,0,False
Gm16564,1,False
Gm16565,2,False
Gm16566,0,False
Gm16567,0,False
Gm16568,1,False
Gm16569,0,False
Gm16570,6,True
Gm16571,0,False
Gm16572,1,False
Gm16573,2,False
Gm16574,0,False
Gm16575,4,True
Gm16576,2,False
Gm16577,2,False
Gm16578,1,False
Gm16579,1,False
Gm16580,6,True
Gm16581,6,True
Gm16582,0,False
Gm16584,0,False
Gm16585,6,True
Gm16587,0,False
Gm16588,0,False
Gm16589,6,True
Gm16596,4,True
Gm16599,1,False
Gm16602,0,False
Gm1661,3,True
Gm16617,6,True
Gm16618,2,False
Gm16619,1,False
Gm16630,0,False
Gm16638,6,True
Gm1667,0,False
Gm16675,4,True
Gm16677,2,False
Gm16685,0,False
Gm16686,0,False
Gm16701,1,False
Gm16702,6,True
Gm16712,6,True
Gm16725,0,False
Gm16726,2,False
Gm1673,6,True
Gm16731,0,False
Gm16740,6,True
Gm16741,4,True
Gm16751,5,True
Gm16754,6,True
Gm16755,5,True
Gm16758,2,False
Gm16759,6,True
Gm16764,0,False
Gm16793,1,False
Gm16794,6,True
Gm16796,2,False
Gm16833,1,False
Gm16835,6,True
Gm16838,1,False
Gm16845,6,True
Gm16853,1,False
Gm16861,6,True
Gm16863,0,False
Gm16867,6,True
Gm16876,1,False
Gm16892,6,True
Gm16894,6,True
Gm16897,5,True
Gm16907,6,True
Gm16933,1,False
Gm16938,1,False
Gm16958,5,True
Gm16968,0,False
Gm16973,6,True
Gm16976,1,False
Gm1698,3,True
Gm16982,6,True
Gm16984,6,True
Gm16998,1,False
Gm17014,0,False
Gm17017,1,False
Gm17018,6,True
Gm17019,3,True
Gm17020,0,False
Gm17021,0,False
Gm17022,4,True
Gm17023,6,True
Gm17024,2,False
Gm17025,3,True
Gm17026,1,False
Gm17027,3,True
Gm17028,0,False
Gm17029,6,True
Gm17030,0,False
Gm17031,6,True
Gm17032,1,False
Gm17033,0,False
Gm17034,1,False
Gm17035,0,False
Gm17036,0,False
Gm17038,2,False
Gm17039,1,False
Gm17040,0,False
Gm17041,0,False
Gm17042,0,False
Gm17043,0,False
Gm17044,0,False
Gm17045,6,True
Gm17046,6,True
Gm17047,0,False
Gm17048,6,True
Gm17051,0,False
Gm17052,6,True
Gm17053,0,False
Gm17054,0,False
Gm17055,3,True
Gm17056,0,False
Gm17057,5,True
Gm17058,1,False
Gm17059,1,False
Gm17060,6,True
Gm17061,0,False
Gm17062,0,False
Gm17063,0,False
Gm17064,0,False
Gm17065,0,False
Gm17066,6,True
Gm17067,5,True
Gm17068,6,True
Gm17069,0,False
Gm17070,1,False
Gm17072,0,False
Gm17073,0,False
Gm17074,0,False
Gm17075,1,False
Gm17076,0,False
Gm17077,0,False
Gm17078,0,False
Gm17079,1,False
Gm17080,6,True
Gm17081,1,False
Gm17082,4,True
Gm17083,0,False
Gm17084,1,False
Gm17085,0,False
Gm17086,0,False
Gm17087,6,True
Gm17088,0,False
Gm17089,4,True
Gm17090,2,False
Gm17091,0,False
Gm17092,0,False
Gm17093,0,False
Gm17094,0,False
Gm17096,4,True
Gm17097,1,False
Gm17098,3,True
Gm17099,0,False
Gm17100,6,True
Gm17101,1,False
Gm17102,6,True
Gm17103,4,True
Gm17105,5,True
Gm17106,3,True
Gm17107,0,False
Gm17108,6,True
Gm17109,0,False
Gm17110,4,True
Gm17111,0,False
Gm17112,0,False
Gm17113,1,False
Gm17114,0,False
Gm17115,1,False
Gm17116,1,False
Gm17117,0,False
Gm17118,0,False
Gm17119,0,False
Gm17120,1,False
Gm17121,6,True
Gm17122,0,False
Gm17124,1,False
Gm17126,0,False
Gm17129,0,False
Gm17130,6,True
Gm17131,2,False
Gm17132,4,True
Gm17133,0,False
Gm17134,0,False
Gm17135,0,False
Gm17136,6,True
Gm17137,4,True
Gm17138,6,True
Gm17139,0,False
Gm17140,0,False
Gm17141,1,False
Gm17142,0,False
Gm17146,4,True
Gm17147,2,False
Gm17148,0,False
Gm17149,6,True
Gm17150,6,True
Gm17151,6,True
Gm17152,0,False
Gm17153,0,False
Gm17154,0,False
Gm17155,1,False
Gm17157,1,False
Gm17158,0,False
Gm17159,0,False
Gm17160,1,False
Gm17161,0,False
Gm17162,0,False
Gm17163,2,False
Gm17164,0,False
Gm17165,0,False
Gm17166,0,False
Gm17167,5,True
Gm17168,5,True
Gm17169,6,True
Gm17170,0,False
Gm17171,0,False
Gm17172,0,False
Gm17173,1,False
Gm17174,1,False
Gm17175,1,False
Gm17177,2,False
Gm17178,4,True
Gm17180,0,False
Gm17181,6,True
Gm17182,0,False
Gm17183,0,False
Gm17184,0,False
Gm17186,0,False
Gm17187,0,False
Gm17188,1,False
Gm17189,0,False
Gm17190,1,False
Gm17191,4,True
Gm17192,0,False
Gm17193,0,False
Gm17194,0,False
Gm17195,4,True
Gm17196,1,False
Gm17197,1,False
Gm17198,1,False
Gm17199,6,True
Gm1720,1,False
Gm17200,1,False
Gm17201,5,True
Gm17202,1,False
Gm17203,5,True
Gm17204,1,False
Gm17205,4,True
Gm17206,6,True
Gm17207,1,False
Gm17208,1,False
Gm17210,2,False
Gm17212,4,True
Gm17213,6,True
Gm17214,5,True
Gm17215,0,False
Gm17216,0,False
Gm17217,0,False
Gm17218,0,False
Gm17219,1,False
Gm17221,0,False
Gm17222,6,True
Gm17223,0,False
Gm17224,1,False
Gm17225,0,False
Gm17226,0,False
Gm17227,5,True
Gm17228,6,True
Gm17229,3,True
Gm17230,6,True
Gm17231,0,False
Gm17232,0,False
Gm17233,1,False
Gm17234,1,False
Gm17235,1,False
Gm17244,4,True
Gm17249,6,True
Gm17250,0,False
Gm17251,6,True
Gm17257,6,True
Gm17258,5,True
Gm17259,6,True
Gm17267,0,False
Gm17268,0,False
Gm17271,1,False
Gm17275,6,True
Gm17276,0,False
Gm17281,4,True
Gm17296,6,True
Gm17300,6,True
Gm17304,0,False
Gm17305,5,True
Gm17308,1,False
Gm17315,0,False
Gm17322,2,False
Gm17324,6,True
Gm17330,0,False
Gm17332,0,False
Gm17333,0,False
Gm17334,6,True
Gm17344,1,False
Gm17349,3,True
Gm17354,6,True
Gm17359,0,False
Gm17361,0,False
Gm17364,0,False
Gm17366,4,True
Gm17374,0,False
Gm17376,0,False
Gm17377,6,True
Gm17382,4,True
Gm17383,6,True
Gm17387,0,False
Gm17391,0,False
Gm17396,1,False
Gm17399,1,False
Gm17402,0,False
Gm17404,0,False
Gm17409,1,False
Gm17412,0,False
Gm17415,6,True
Gm17416,0,False
Gm17420,0,False
Gm17421,0,False
Gm17428,0,False
Gm17430,6,True
Gm17435,6,True
Gm17449,0,False
Gm17450,0,False
Gm17455,6,True
Gm17467,0,False
Gm17469,0,False
Gm17472,0,False
Gm17473,0,False
Gm17477,6,True
Gm17482,0,False
Gm17484,6,True
Gm17490,0,False
Gm17491,6,True
Gm17494,6,True
Gm17501,4,True
Gm17508,1,False
Gm17509,2,False
Gm17511,6,True
Gm17514,1,False
Gm17518,4,True
Gm17521,0,False
Gm17522,0,False
Gm17528,0,False
Gm17529,6,True
Gm17530,3,True
Gm17535,6,True
Gm17538,6,True
Gm17540,2,False
Gm17541,6,True
Gm17542,0,False
Gm17545,0,False
Gm17546,0,False
Gm17552,4,True
Gm17555,1,False
Gm17567,0,False
Gm17571,6,True
Gm17572,0,False
Gm17575,1,False
Gm17576,4,True
Gm17577,0,False
Gm1758,0,False
Gm17581,0,False
Gm17584,0,False
Gm17586,6,True
Gm17590,4,True
Gm17597,5,True
Gm17604,0,False
Gm17606,0,False
Gm17611,0,False
Gm17613,0,False
Gm17615,4,True
Gm17617,0,False
Gm17619,5,True
Gm17622,1,False
Gm17631,0,False
Gm17634,0,False
Gm17638,6,True
Gm17641,1,False
Gm17644,2,False
Gm17651,0,False
Gm17654,1,False
Gm17655,6,True
Gm17657,0,False
Gm17660,1,False
Gm17661,0,False
Gm17662,0,False
Gm17669,6,True
Gm17677,0,False
Gm17689,0,False
Gm17690,6,True
Gm17693,0,False
Gm17705,3,True
Gm17709,5,True
Gm17711,0,False
Gm17720,0,False
Gm17727,0,False
Gm17728,0,False
Gm17732,0,False
Gm17733,5,True
Gm17743,1,False
Gm17748,6,True
Gm17750,6,True
Gm17751,1,False
Gm17752,5,True
Gm17764,6,True
Gm17767,1,False
Gm17768,0,False
Gm17771,3,True
Gm17775,6,True
Gm17777,1,False
Gm17780,0,False
Gm17781,0,False
Gm17782,6,True
Gm17786,6,True
Gm17790,0,False
Gm17791,5,True
Gm17796,5,True
Gm17797,0,False
Gm17798,0,False
Gm17799,5,True
Gm17800,3,True
Gm17806,6,True
Gm17807,6,True
Gm17808,6,True
Gm17811,3,True
Gm17812,0,False
Gm17813,0,False
Gm17815,1,False
Gm17822,6,True
Gm17824,0,False
Gm17825,5,True
Gm17826,6,True
Gm17828,6,True
Gm17831,0,False
Gm17833,0,False
Gm17834,0,False
Gm17835,0,False
Gm17836,0,False
Gm17837,6,True
Gm17838,5,True
Gm17847,0,False
Gm17867,1,False
Gm17868,6,True
Gm17877,5,True
Gm17887,6,True
Gm17889,0,False
Gm17893,4,True
Gm17895,0,False
Gm17906,0,False
Gm17907,5,True
Gm17908,0,False
Gm17909,5,True
Gm17916,6,True
Gm17918,0,False
Gm17919,0,False
Gm17929,1,False
Gm17931,0,False
Gm17934,6,True
Gm17935,0,False
Gm17936,6,True
Gm17937,0,False
Gm17944,0,False
Gm17946,0,False
Gm17951,1,False
Gm17952,0,False
Gm17953,0,False
Gm17954,2,False
Gm17956,1,False
Gm17965,0,False
Gm17966,0,False
Gm17967,0,False
Gm17968,0,False
Gm17969,1,False
Gm17970,0,False
Gm17971,6,True
Gm17973,0,False
Gm17976,0,False
Gm17977,1,False
Gm17978,0,False
Gm17979,1,False
Gm17981,0,False
Gm17983,0,False
Gm17984,4,True
Gm17987,0,False
Gm17988,1,False
Gm17991,1,False
Gm17992,0,False
Gm18006,0,False
Gm18007,0,False
Gm18009,0,False
Gm18010,0,False
Gm18011,0,False
Gm18012,0,False
Gm18014,1,False
Gm18018,0,False
Gm18025,6,True
Gm18033,1,False
Gm18036,0,False
Gm18038,0,False
Gm18049,0,False
Gm18052,0,False
Gm18054,0,False
Gm18055,0,False
Gm18056,0,False
Gm18057,0,False
Gm18058,0,False
Gm18059,0,False
Gm18060,0,False
Gm18061,0,False
Gm18062,0,False
Gm18063,0,False
Gm18100,1,False
Gm18117,0,False
Gm18118,0,False
Gm18127,6,True
Gm18128,0,False
Gm18129,0,False
Gm18131,0,False
Gm18150,1,False
Gm18159,0,False
Gm18163,4,True
Gm18177,0,False
Gm1818,6,True
Gm18180,6,True
Gm18181,0,False
Gm18182,0,False
Gm18183,6,True
Gm18185,0,False
Gm18186,1,False
Gm18187,0,False
Gm18190,5,True
Gm18191,2,False
Gm18195,0,False
Gm18198,0,False
Gm18199,4,True
Gm18200,3,True
Gm18201,0,False
Gm18206,0,False
Gm18207,1,False
Gm1821,6,True
Gm18210,1,False
Gm18213,0,False
Gm18215,2,False
Gm18222,1,False
Gm18248,6,True
Gm18254,0,False
Gm18256,1,False
Gm1826,6,True
Gm18268,0,False
Gm18284,6,True
Gm18289,2,False
Gm18290,5,True
Gm18291,0,False
Gm18294,1,False
Gm18296,0,False
Gm18299,0,False
Gm18300,3,True
Gm18301,2,False
Gm18303,1,False
Gm18304,2,False
Gm18306,0,False
Gm18307,0,False
Gm18310,6,True
Gm18325,1,False
Gm18326,6,True
Gm18327,0,False
Gm1833,6,True
Gm18330,0,False
Gm18336,0,False
Gm18340,0,False
Gm18341,0,False
Gm18342,2,False
Gm18343,6,True
Gm18345,1,False
Gm18348,2,False
Gm18349,0,False
Gm18350,1,False
Gm18351,0,False
Gm18352,0,False
Gm18353,0,False
Gm18354,0,False
Gm18356,0,False
Gm18357,0,False
Gm18358,0,False
Gm18359,0,False
Gm18360,1,False
Gm18367,6,True
Gm18382,6,True
Gm18384,0,False
Gm18393,1,False
Gm18396,1,False
Gm18397,0,False
Gm1840,6,True
Gm18402,0,False
Gm18403,1,False
Gm18406,0,False
Gm18407,0,False
Gm18410,0,False
Gm18415,1,False
Gm18416,0,False
Gm18417,0,False
Gm18421,5,True
Gm18422,3,True
Gm18423,0,False
Gm18426,0,False
Gm18427,0,False
Gm18428,0,False
Gm18429,2,False
Gm18430,0,False
Gm18432,6,True
Gm18433,0,False
Gm18443,0,False
Gm18444,0,False
Gm18445,2,False
Gm18447,0,False
Gm18448,0,False
Gm18451,0,False
Gm18452,1,False
Gm18453,1,False
Gm18455,0,False
Gm18458,0,False
Gm18460,0,False
Gm18461,0,False
Gm18462,0,False
Gm18463,0,False
Gm18464,0,False
Gm18465,0,False
Gm18466,0,False
Gm18467,0,False
Gm18468,0,False
Gm18469,0,False
Gm18470,0,False
Gm18471,0,False
Gm1848,6,True
Gm18482,0,False
Gm18484,0,False
Gm18485,0,False
Gm18486,0,False
Gm18489,0,False
Gm18491,1,False
Gm18492,2,False
Gm18493,1,False
Gm18501,1,False
Gm18505,3,True
Gm18513,0,False
Gm18520,1,False
Gm18522,0,False
Gm18529,5,True
Gm18537,6,True
Gm18538,0,False
Gm18539,0,False
Gm18540,0,False
Gm18546,0,False
Gm18547,0,False
Gm18551,1,False
Gm18552,1,False
Gm18553,0,False
Gm18555,1,False
Gm18558,1,False
Gm18559,0,False
Gm18560,2,False
Gm18561,6,True
Gm18584,6,True
Gm18588,6,True
Gm18593,0,False
Gm18594,3,True
Gm18595,2,False
Gm18598,0,False
Gm18599,5,True
Gm18600,0,False
Gm18604,0,False
Gm18609,2,False
Gm18611,2,False
Gm1862,6,True
Gm18635,0,False
Gm18642,6,True
Gm18658,1,False
Gm1866,6,True
Gm18660,0,False
Gm18665,0,False
Gm18666,6,True
Gm18667,0,False
Gm18672,0,False
Gm18688,3,True
Gm18689,0,False
Gm18690,0,False
Gm18691,0,False
Gm18692,6,True
Gm18697,2,False
Gm18698,1,False
Gm18699,5,True
Gm18700,2,False
Gm18701,0,False
Gm18702,0,False
Gm18709,6,True
Gm18711,2,False
Gm18716,0,False
Gm18717,0,False
Gm18719,0,False
Gm18727,0,False
Gm18728,1,False
Gm18733,6,True
Gm18734,6,True
Gm18737,6,True
Gm18747,0,False
Gm18748,6,True
Gm18751,0,False
Gm18752,0,False
Gm18753,6,True
Gm18757,1,False
Gm18765,3,True
Gm18766,1,False
Gm18775,0,False
Gm18776,0,False
Gm18779,0,False
Gm18782,0,False
Gm18791,1,False
Gm18796,0,False
Gm18797,0,False
Gm18798,0,False
Gm18799,0,False
Gm18800,0,False
Gm18801,0,False
Gm18802,0,False
Gm18805,0,False
Gm18806,0,False
Gm18808,0,False
Gm18821,6,True
Gm18822,0,False
Gm18827,5,True
Gm18828,0,False
Gm18829,2,False
Gm18830,0,False
Gm18833,0,False
Gm18838,0,False
Gm18839,0,False
Gm18840,0,False
Gm18843,1,False
Gm18848,0,False
Gm18849,3,True
Gm18852,1,False
Gm18853,0,False
Gm18855,0,False
Gm18856,1,False
Gm18859,6,True
Gm18861,1,False
Gm18862,0,False
Gm18864,0,False
Gm18865,0,False
Gm18867,6,True
Gm18875,0,False
Gm18877,0,False
Gm18889,6,True
Gm18893,1,False
Gm18894,1,False
Gm18900,0,False
Gm18901,0,False
Gm18905,1,False
Gm18908,6,True
Gm18913,6,True
Gm18916,6,True
Gm18943,6,True
Gm18944,6,True
Gm18952,0,False
Gm18953,0,False
Gm18956,0,False
Gm18957,5,True
Gm18958,0,False
Gm18959,6,True
Gm18964,6,True
Gm18969,6,True
Gm18970,0,False
Gm18971,1,False
Gm18973,1,False
Gm18980,6,True
Gm18981,0,False
Gm18982,1,False
Gm18984,0,False
Gm18985,0,False
Gm18988,1,False
Gm18995,1,False
Gm19002,0,False
Gm19013,0,False
Gm19014,0,False
Gm19015,0,False
Gm19024,0,False
Gm19026,6,True
Gm19027,0,False
Gm19028,6,True
Gm19029,0,False
Gm19030,0,False
Gm19031,6,True
Gm19032,2,False
Gm19033,0,False
Gm19035,0,False
Gm19039,0,False
Gm19040,6,True
Gm19057,0,False
Gm19058,1,False
Gm19060,0,False
Gm19065,2,False
Gm19066,0,False
Gm19078,0,False
Gm19080,0,False
Gm19085,2,False
Gm19086,6,True
Gm19087,6,True
Gm19088,0,False
Gm19089,0,False
Gm19091,3,True
Gm19092,5,True
Gm19102,0,False
Gm19104,1,False
Gm19114,5,True
Gm19123,0,False
Gm19124,0,False
Gm19125,0,False
Gm19126,1,False
Gm19127,2,False
Gm19131,0,False
Gm19136,0,False
Gm19147,0,False
Gm19148,1,False
Gm19165,0,False
Gm19166,0,False
Gm19172,0,False
Gm19173,0,False
Gm19175,0,False
Gm19177,0,False
Gm19182,1,False
Gm19184,0,False
Gm19185,0,False
Gm19187,0,False
Gm19193,1,False
Gm19194,1,False
Gm19200,0,False
Gm19202,6,True
Gm19203,5,True
Gm19206,6,True
Gm19210,0,False
Gm19211,0,False
Gm19214,0,False
Gm19224,0,False
Gm19231,0,False
Gm19237,1,False
Gm19243,6,True
Gm19244,1,False
Gm19246,6,True
Gm19252,6,True
Gm19253,6,True
Gm19254,0,False
Gm19257,0,False
Gm19261,0,False
Gm19265,5,True
Gm19272,1,False
Gm19280,1,False
Gm19287,5,True
Gm19301,0,False
Gm19325,5,True
Gm19331,0,False
Gm19335,4,True
Gm19345,2,False
Gm19353,6,True
Gm19366,6,True
Gm19402,1,False
Gm19409,6,True
Gm19410,3,True
Gm19412,6,True
Gm19418,1,False
Gm19426,5,True
Gm19427,5,True
Gm19430,4,True
Gm19434,0,False
Gm19445,2,False
Gm19457,0,False
Gm19459,2,False
Gm19461,2,False
Gm1947,6,True
Gm19480,0,False
Gm19498,3,True
Gm19503,6,True
Gm19514,5,True
Gm19541,1,False
Gm19552,0,False
Gm19553,0,False
Gm19557,5,True
Gm19560,0,False
Gm19566,6,True
Gm19569,6,True
Gm19582,0,False
Gm19583,0,False
Gm19585,0,False
Gm19587,6,True
Gm19589,0,False
Gm19590,1,False
Gm19596,0,False
Gm19617,6,True
Gm19619,2,False
Gm19620,6,True
Gm19637,3,True
Gm19641,0,False
Gm19649,0,False
Gm1965,1,False
Gm19653,4,True
Gm19658,0,False
Gm1966,1,False
Gm19666,2,False
Gm19667,1,False
Gm19668,0,False
Gm1968,0,False
Gm19680,6,True
Gm19684,0,False
Gm1969,6,True
Gm19692,1,False
Gm19694,1,False
Gm19705,5,True
Gm19708,0,False
Gm19710,4,True
Gm19719,1,False
Gm1972,0,False
Gm19721,2,False
Gm19726,0,False
Gm19739,6,True
Gm19744,0,False
Gm19757,1,False
Gm1976,6,True
Gm19761,6,True
Gm19764,1,False
Gm19774,6,True
Gm19777,6,True
Gm1979,5,True
Gm19791,0,False
Gm19798,6,True
Gm1980,6,True
Gm19807,6,True
Gm19815,4,True
Gm19817,3,True
Gm1982,0,False
Gm19840,6,True
Gm19843,5,True
Gm19863,1,False
Gm19872,1,False
Gm1988,1,False
Gm19880,6,True
Gm1989,0,False
Gm19891,0,False
Gm19898,6,True
Gm19900,0,False
Gm19901,0,False
Gm19908,0,False
Gm19918,0,False
Gm1992,0,False
Gm19927,0,False
Gm1993,0,False
Gm19931,1,False
Gm19932,4,True
Gm19938,6,True
Gm19950,2,False
Gm19961,6,True
Gm19963,5,True
Gm19965,0,False
Gm19967,5,True
Gm2000,6,True
Gm2001,6,True
Gm2003,0,False
Gm20033,5,True
Gm20036,0,False
Gm2004,6,True
Gm20045,5,True
Gm2005,0,False
Gm20052,1,False
Gm20056,6,True
Gm20058,0,False
Gm20069,0,False
Gm2007,6,True
Gm20072,4,True
Gm20074,0,False
Gm20089,0,False
Gm20091,6,True
Gm20109,1,False
Gm2011,6,True
Gm20111,1,False
Gm20118,0,False
Gm2012,1,False
Gm20121,0,False
Gm20125,2,False
Gm20128,0,False
Gm20136,0,False
Gm20144,0,False
Gm20156,6,True
Gm20159,6,True
Gm2016,4,True
Gm20162,0,False
Gm20172,6,True
Gm20177,0,False
Gm2018,0,False
Gm20186,6,True
Gm2020,0,False
Gm20203,0,False
Gm2021,0,False
Gm2022,5,True
Gm20223,6,True
Gm20236,1,False
Gm20239,0,False
Gm20257,6,True
Gm2026,6,True
Gm20268,1,False
Gm20274,5,True
Gm20281,6,True
Gm20287,1,False
Gm2030,0,False
Gm20302,6,True
Gm20305,6,True
Gm20319,4,True
Gm20324,2,False
Gm20342,6,True
Gm20345,1,False
Gm2035,2,False
Gm20356,0,False
Gm20362,0,False
Gm20371,4,True
Gm20379,6,True
Gm20383,6,True
Gm20386,1,False
Gm20387,2,False
Gm20388,0,False
Gm20389,1,False
Gm20390,0,False
Gm20391,0,False
Gm20392,0,False
Gm20394,0,False
Gm20395,0,False
Gm20396,1,False
Gm20397,0,False
Gm20399,0,False
Gm2040,3,True
Gm20400,0,False
Gm20401,0,False
Gm20402,0,False
Gm20403,0,False
Gm20404,4,True
Gm20405,2,False
Gm20406,3,True
Gm20407,4,True
Gm20409,0,False
Gm20412,0,False
Gm20414,0,False
Gm20415,0,False
Gm20416,2,False
Gm20417,0,False
Gm2042,0,False
Gm20420,0,False
Gm20421,6,True
Gm20422,0,False
Gm20425,0,False
Gm20426,6,True
Gm20427,6,True
Gm20428,0,False
Gm20429,0,False
Gm20430,6,True
Gm20431,0,False
Gm20432,5,True
Gm20438,0,False
Gm2044,1,False
Gm20441,0,False
Gm20442,1,False
Gm20443,1,False
Gm20444,0,False
Gm20445,3,True
Gm20447,0,False
Gm20449,6,True
Gm20450,0,False
Gm20451,0,False
Gm20452,0,False
Gm20453,0,False
Gm20454,0,False
Gm20455,0,False
Gm20456,0,False
Gm20457,5,True
Gm20458,0,False
Gm2046,1,False
Gm20460,0,False
Gm20461,0,False
Gm20462,0,False
Gm20463,0,False
Gm20465,0,False
Gm20467,0,False
Gm20468,2,False
Gm20470,5,True
Gm20471,2,False
Gm20472,0,False
Gm20473,0,False
Gm20474,1,False
Gm20475,0,False
Gm20476,0,False
Gm20477,0,False
Gm20478,0,False
Gm20479,0,False
Gm20480,0,False
Gm20481,0,False
Gm20482,4,True
Gm20483,0,False
Gm20484,0,False
Gm20485,0,False
Gm20486,0,False
Gm20488,1,False
Gm20489,0,False
Gm20490,0,False
Gm20491,6,True
Gm20492,3,True
Gm20493,0,False
Gm20495,0,False
Gm20496,3,True
Gm20497,0,False
Gm20498,6,True
Gm20499,0,False
Gm20500,1,False
Gm20501,6,True
Gm20503,0,False
Gm20506,0,False
Gm20507,6,True
Gm20508,0,False
Gm20509,0,False
Gm20511,1,False
Gm20512,1,False
Gm20513,0,False
Gm20515,6,True
Gm20517,5,True
Gm20518,3,True
Gm20519,6,True
Gm20521,0,False
Gm20522,4,True
Gm20523,1,False
Gm20524,0,False
Gm20525,0,False
Gm20526,0,False
Gm20528,0,False
Gm20529,2,False
Gm2053,3,True
Gm20530,1,False
Gm20531,3,True
Gm20532,0,False
Gm20534,0,False
Gm20535,3,True
Gm20536,0,False
Gm20537,6,True
Gm20538,0,False
Gm20539,1,False
Gm20540,4,True
Gm20541,5,True
Gm20542,0,False
Gm20543,1,False
Gm20544,1,False
Gm20545,6,True
Gm20546,1,False
Gm20547,0,False
Gm20548,3,True
Gm20549,1,False
Gm20553,0,False
Gm20554,0,False
Gm20557,1,False
Gm20559,4,True
Gm2056,0,False
Gm20561,1,False
Gm20563,6,True
Gm20568,6,True
Gm20574,0,False
Gm2058,0,False
Gm20587,5,True
Gm20589,6,True
Gm20594,6,True
Gm20604,6,True
Gm20605,6,True
Gm20609,0,False
Gm2061,2,False
Gm20610,0,False
Gm20611,0,False
Gm20612,0,False
Gm20613,0,False
Gm20614,0,False
Gm20615,1,False
Gm20616,1,False
Gm20617,0,False
Gm20618,0,False
Gm20619,1,False
Gm20620,6,True
Gm20621,5,True
Gm20625,1,False
Gm20627,4,True
Gm20628,5,True
Gm20629,0,False
Gm20630,0,False
Gm20631,2,False
Gm20632,6,True
Gm20633,4,True
Gm20634,2,False
Gm20635,3,True
Gm20636,5,True
Gm20637,0,False
Gm20638,0,False
Gm20641,1,False
Gm20642,5,True
Gm20643,0,False
Gm20644,0,False
Gm20646,6,True
Gm20647,0,False
Gm20648,0,False
Gm20649,0,False
Gm2065,4,True
Gm20650,0,False
Gm20651,0,False
Gm20652,0,False
Gm20654,0,False
Gm20655,3,True
Gm20656,6,True
Gm20657,6,True
Gm20658,1,False
Gm20659,0,False
Gm2066,0,False
Gm20660,0,False
Gm20661,1,False
Gm20662,0,False
Gm20663,1,False
Gm20667,1,False
Gm20670,0,False
Gm20671,0,False
Gm20672,0,False
Gm20673,0,False
Gm20674,0,False
Gm20675,1,False
Gm20677,3,True
Gm20678,6,True
Gm20679,0,False
Gm20680,0,False
Gm20681,4,True
Gm20682,2,False
Gm20683,6,True
Gm20684,4,True
Gm20685,0,False
Gm20686,0,False
Gm20687,0,False
Gm20688,1,False
Gm20689,6,True
Gm20690,0,False
Gm20691,6,True
Gm20692,5,True
Gm20693,0,False
Gm20694,0,False
Gm20695,1,False
Gm20696,5,True
Gm20698,0,False
Gm20699,5,True
Gm20700,2,False
Gm20701,0,False
Gm20702,2,False
Gm20703,0,False
Gm20705,1,False
Gm20706,0,False
Gm20707,4,True
Gm20708,0,False
Gm2071,0,False
Gm20711,0,False
Gm20712,4,True
Gm20713,6,True
Gm20714,0,False
Gm20715,2,False
Gm20716,0,False
Gm20717,2,False
Gm20718,1,False
Gm20721,6,True
Gm20726,0,False
Gm20730,0,False
Gm20731,6,True
Gm20732,1,False
Gm20736,0,False
Gm20737,0,False
Gm20738,0,False
Gm20743,6,True
Gm20744,1,False
Gm20746,6,True
Gm20747,2,False
Gm20749,6,True
Gm2075,2,False
Gm20750,1,False
Gm20752,1,False
Gm20753,0,False
Gm20754,6,True
Gm20755,1,False
Gm20756,1,False
Gm20757,0,False
Gm2076,6,True
Gm20760,1,False
Gm20765,0,False
Gm20767,0,False
Gm20768,6,True
Gm2077,6,True
Gm20770,0,False
Gm20772,0,False
Gm20773,0,False
Gm20775,6,True
Gm20776,0,False
Gm20777,0,False
Gm20781,0,False
Gm20784,5,True
Gm20788,0,False
Gm20791,0,False
Gm20792,0,False
Gm20793,0,False
Gm20794,0,False
Gm20795,0,False
Gm20796,6,True
Gm20797,3,True
Gm20798,0,False
Gm20799,0,False
Gm20800,0,False
Gm20801,0,False
Gm20802,0,False
Gm20803,0,False
Gm20804,0,False
Gm20805,1,False
Gm20806,0,False
Gm20807,0,False
Gm20808,0,False
Gm20809,0,False
Gm20810,0,False
Gm20811,0,False
Gm20812,0,False
Gm20813,0,False
Gm20814,0,False
Gm20815,0,False
Gm20816,0,False
Gm20817,0,False
Gm20818,1,False
Gm20819,0,False
Gm20820,0,False
Gm20821,0,False
Gm20822,0,False
Gm20823,0,False
Gm20824,1,False
Gm20825,1,False
Gm20826,3,True
Gm20827,0,False
Gm20828,0,False
Gm20830,0,False
Gm20831,0,False
Gm20832,0,False
Gm20833,0,False
Gm20834,0,False
Gm20835,0,False
Gm20836,0,False
Gm20837,0,False
Gm20838,0,False
Gm20840,0,False
Gm20841,0,False
Gm20842,0,False
Gm20843,0,False
Gm20844,0,False
Gm20846,0,False
Gm20847,0,False
Gm20848,0,False
Gm20849,0,False
Gm20850,0,False
Gm20851,0,False
Gm20852,0,False
Gm20853,0,False
Gm20854,1,False
Gm20855,0,False
Gm20856,1,False
Gm20857,0,False
Gm20858,0,False
Gm20859,1,False
Gm20860,0,False
Gm20861,0,False
Gm20862,0,False
Gm20863,0,False
Gm20864,1,False
Gm20865,0,False
Gm20866,0,False
Gm20867,0,False
Gm20868,0,False
Gm20869,0,False
Gm2087,0,False
Gm20870,0,False
Gm20871,0,False
Gm20873,0,False
Gm20874,0,False
Gm20877,0,False
Gm20878,6,True
Gm20879,0,False
Gm20880,0,False
Gm20881,0,False
Gm20882,0,False
Gm20883,0,False
Gm20884,0,False
Gm20885,0,False
Gm20886,0,False
Gm20887,0,False
Gm20888,0,False
Gm20889,0,False
Gm20890,0,False
Gm20891,1,False
Gm20892,0,False
Gm20893,0,False
Gm20894,0,False
Gm20895,0,False
Gm20896,0,False
Gm20897,0,False
Gm20898,0,False
Gm20900,6,True
Gm20901,0,False
Gm20902,1,False
Gm20903,0,False
Gm20904,0,False
Gm20905,0,False
Gm20906,0,False
Gm20907,1,False
Gm20908,0,False
Gm20909,0,False
Gm20910,0,False
Gm20911,0,False
Gm20912,0,False
Gm20913,1,False
Gm20914,0,False
Gm20915,0,False
Gm20916,0,False
Gm20917,1,False
Gm20918,0,False
Gm20919,0,False
Gm2092,0,False
Gm20920,0,False
Gm20921,0,False
Gm20922,0,False
Gm20923,0,False
Gm20924,0,False
Gm20925,0,False
Gm20926,0,False
Gm20927,0,False
Gm20928,0,False
Gm20929,0,False
Gm2093,2,False
Gm20930,1,False
Gm20931,0,False
Gm20932,0,False
Gm20933,0,False
Gm20934,0,False
Gm20935,0,False
Gm20936,0,False
Gm20937,0,False
Gm20939,6,True
Gm20940,0,False
Gm20945,4,True
Gm20946,4,True
Gm20949,6,True
Gm20954,0,False
Gm20963,0,False
Gm20978,0,False
Gm2098,1,False
Gm20987,0,False
Gm20997,0,False
Gm21002,0,False
Gm21006,0,False
Gm21009,6,True
Gm2101,0,False
Gm21013,0,False
Gm21028,1,False
Gm21032,2,False
Gm21033,1,False
Gm21034,1,False
Gm21035,2,False
Gm21036,3,True
Gm21037,2,False
Gm21040,6,True
Gm21043,1,False
Gm21045,1,False
Gm21048,0,False
Gm21049,1,False
Gm21054,0,False
Gm21057,1,False
Gm21060,0,False
Gm21064,0,False
Gm21065,0,False
Gm21070,0,False
Gm21076,0,False
Gm2108,1,False
Gm21083,4,True
Gm21088,0,False
Gm2109,5,True
Gm21092,6,True
Gm21093,3,True
Gm21094,0,False
Gm21095,0,False
Gm21103,2,False
Gm21111,1,False
Gm21114,0,False
Gm21115,2,False
Gm21117,0,False
Gm21118,0,False
Gm21119,6,True
Gm21122,6,True
Gm21127,0,False
Gm21129,1,False
Gm21135,0,False
Gm21136,1,False
Gm21139,0,False
Gm21142,0,False
Gm21147,0,False
Gm21149,3,True
Gm2115,6,True
Gm21151,0,False
Gm21152,6,True
Gm21155,0,False
Gm21156,0,False
Gm21160,0,False
Gm21163,1,False
Gm21168,6,True
Gm2117,0,False
Gm21170,0,False
Gm21171,0,False
Gm21173,0,False
Gm21180,0,False
Gm21181,6,True
Gm21182,6,True
Gm21184,1,False
Gm21188,0,False
Gm21190,3,True
Gm21191,0,False
Gm21198,0,False
Gm21201,0,False
Gm21209,0,False
Gm21221,0,False
Gm21232,0,False
Gm21241,0,False
Gm21242,0,False
Gm21244,3,True
Gm21245,0,False
Gm21247,1,False
Gm21248,0,False
Gm21249,0,False
Gm21256,0,False
Gm21257,0,False
Gm21258,0,False
Gm21268,0,False
Gm21269,5,True
Gm21271,0,False
Gm21275,0,False
Gm21276,0,False
Gm2128,1,False
Gm21281,0,False
Gm21282,0,False
Gm21284,3,True
Gm21285,0,False
Gm21286,0,False
Gm21287,0,False
Gm21292,0,False
Gm21293,0,False
Gm21294,0,False
Gm21301,0,False
Gm21302,0,False
Gm21304,0,False
Gm21308,0,False
Gm21310,0,False
Gm21312,0,False
Gm21316,0,False
Gm21317,0,False
Gm21319,2,False
Gm21330,1,False
Gm21333,0,False
Gm21340,0,False
Gm21344,0,False
Gm21350,0,False
Gm21358,4,True
Gm2136,4,True
Gm21362,2,False
Gm21364,0,False
Gm21366,0,False
Gm21370,0,False
Gm21378,5,True
Gm21379,0,False
Gm21380,1,False
Gm21387,0,False
Gm21392,0,False
Gm21394,0,False
Gm21396,0,False
Gm21399,6,True
Gm21405,0,False
Gm21409,0,False
Gm21411,1,False
Gm21412,0,False
Gm21413,0,False
Gm21419,0,False
Gm2142,1,False
Gm21425,0,False
Gm21427,0,False
Gm21428,0,False
Gm21430,1,False
Gm21435,0,False
Gm21440,0,False
Gm21443,0,False
Gm21447,0,False
Gm21450,0,False
Gm21451,2,False
Gm21454,0,False
Gm21461,0,False
Gm21462,0,False
Gm21469,0,False
Gm2147,6,True
Gm21470,0,False
Gm21476,0,False
Gm21477,0,False
Gm21488,0,False
Gm21489,0,False
Gm21497,0,False
Gm21498,1,False
Gm21505,6,True
Gm21506,0,False
Gm21518,0,False
Gm21524,0,False
Gm21529,1,False
Gm21530,0,False
Gm21539,1,False
Gm21541,6,True
Gm21542,0,False
Gm2155,3,True
Gm21560,2,False
Gm21562,1,False
Gm21572,1,False
Gm21573,0,False
Gm21577,0,False
Gm21586,6,True
Gm21588,1,False
Gm21596,6,True
Gm21599,2,False
Gm21608,1,False
Gm21614,0,False
Gm21616,0,False
Gm21617,0,False
Gm21626,2,False
Gm21627,0,False
Gm2163,4,True
Gm21631,0,False
Gm21633,1,False
Gm21634,0,False
Gm21637,1,False
Gm21638,0,False
Gm21642,1,False
Gm21645,1,False
Gm21647,0,False
Gm2165,0,False
Gm21650,0,False
Gm21654,0,False
Gm21655,6,True
Gm21657,0,False
Gm21658,0,False
Gm21660,0,False
Gm21661,0,False
Gm21663,6,True
Gm21671,6,True
Gm21672,0,False
Gm21673,0,False
Gm21677,0,False
Gm21678,0,False
Gm21679,0,False
Gm21680,6,True
Gm21681,0,False
Gm21683,0,False
Gm21685,6,True
Gm21693,0,False
Gm21698,6,True
Gm21699,0,False
Gm21704,0,False
Gm21708,0,False
Gm21715,1,False
Gm21717,0,False
Gm21718,0,False
Gm21719,0,False
Gm21720,0,False
Gm21721,0,False
Gm21722,0,False
Gm21723,0,False
Gm21724,1,False
Gm21725,0,False
Gm21726,0,False
Gm21728,0,False
Gm21729,0,False
Gm21731,1,False
Gm21732,0,False
Gm21733,0,False
Gm21734,0,False
Gm21735,0,False
Gm21736,0,False
Gm21737,0,False
Gm21738,6,True
Gm21739,0,False
Gm2174,0,False
Gm21740,0,False
Gm21741,0,False
Gm21742,5,True
Gm21744,0,False
Gm21745,0,False
Gm21746,0,False
Gm21748,6,True
Gm21749,0,False
Gm21750,0,False
Gm21751,0,False
Gm21752,0,False
Gm21753,0,False
Gm21754,1,False
Gm21755,0,False
Gm21756,0,False
Gm21757,0,False
Gm21758,0,False
Gm21759,0,False
Gm21760,0,False
Gm21761,0,False
Gm21762,0,False
Gm21763,0,False
Gm21764,0,False
Gm21765,0,False
Gm21766,0,False
Gm21767,0,False
Gm21768,0,False
Gm21769,6,True
Gm21771,0,False
Gm21772,0,False
Gm21773,0,False
Gm21774,1,False
Gm21775,0,False
Gm21776,0,False
Gm21777,0,False
Gm21778,0,False
Gm21779,0,False
Gm2178,0,False
Gm21780,1,False
Gm21781,6,True
Gm21782,0,False
Gm21783,0,False
Gm21784,0,False
Gm21785,0,False
Gm21787,0,False
Gm21788,0,False
Gm21789,0,False
Gm21790,0,False
Gm21791,0,False
Gm21792,0,False
Gm21794,0,False
Gm21795,0,False
Gm21796,0,False
Gm21797,0,False
Gm21798,1,False
Gm21799,0,False
Gm21800,0,False
Gm21801,1,False
Gm21802,0,False
Gm21803,0,False
Gm21804,0,False
Gm21805,0,False
Gm21806,0,False
Gm21807,3,True
Gm21808,1,False
Gm21809,0,False
Gm21810,0,False
Gm21811,6,True
Gm21812,0,False
Gm21813,0,False
Gm21814,4,True
Gm21815,0,False
Gm21816,5,True
Gm21817,0,False
Gm21818,0,False
Gm21819,0,False
Gm2182,1,False
Gm21820,0,False
Gm21821,0,False
Gm21822,0,False
Gm21823,0,False
Gm21824,0,False
Gm21825,0,False
Gm21826,0,False
Gm21827,6,True
Gm21828,0,False
Gm21829,0,False
Gm21830,0,False
Gm21832,0,False
Gm21833,0,False
Gm21834,0,False
Gm21835,0,False
Gm21836,0,False
Gm21837,0,False
Gm21838,0,False
Gm21839,0,False
Gm21840,0,False
Gm21841,0,False
Gm21842,1,False
Gm21843,0,False
Gm21844,0,False
Gm21845,0,False
Gm21846,6,True
Gm21847,3,True
Gm21848,0,False
Gm21849,0,False
Gm21850,0,False
Gm21851,0,False
Gm21852,0,False
Gm21853,0,False
Gm21854,0,False
Gm21855,0,False
Gm21856,0,False
Gm21857,5,True
Gm21858,1,False
Gm21859,1,False
Gm21860,6,True
Gm21861,0,False
Gm21862,0,False
Gm21863,0,False
Gm21864,0,False
Gm21865,0,False
Gm21866,0,False
Gm21867,0,False
Gm21868,0,False
Gm21869,0,False
Gm21870,0,False
Gm21871,0,False
Gm21872,0,False
Gm21873,0,False
Gm21874,0,False
Gm21875,0,False
Gm21876,0,False
Gm21877,1,False
Gm21878,0,False
Gm21879,0,False
Gm21880,0,False
Gm21881,0,False
Gm21882,1,False
Gm21883,0,False
Gm21885,1,False
Gm21886,3,True
Gm21887,6,True
Gm21889,0,False
Gm2189,0,False
Gm21890,0,False
Gm21891,0,False
Gm21892,0,False
Gm21893,0,False
Gm21894,0,False
Gm21895,0,False
Gm21896,0,False
Gm21897,0,False
Gm21898,0,False
Gm21899,0,False
Gm21900,0,False
Gm21901,0,False
Gm21902,0,False
Gm21903,0,False
Gm21904,0,False
Gm21905,0,False
Gm21906,0,False
Gm21907,0,False
Gm21908,0,False
Gm21909,0,False
Gm21910,0,False
Gm21912,0,False
Gm21913,0,False
Gm21914,1,False
Gm21915,0,False
Gm21916,2,False
Gm21917,2,False
Gm21918,0,False
Gm21919,0,False
Gm21920,0,False
Gm21921,0,False
Gm21922,0,False
Gm21923,1,False
Gm21924,0,False
Gm21936,4,True
Gm21940,0,False
Gm21943,1,False
Gm21949,0,False
Gm21950,0,False
Gm21951,1,False
Gm21953,6,True
Gm21954,2,False
Gm21955,5,True
Gm21956,6,True
Gm21957,0,False
Gm21958,0,False
Gm21959,0,False
Gm21960,1,False
Gm21961,0,False
Gm21962,0,False
Gm21963,6,True
Gm21964,1,False
Gm21965,0,False
Gm21967,6,True
Gm21969,3,True
Gm21970,0,False
Gm21971,0,False
Gm21972,0,False
Gm21973,0,False
Gm21974,0,False
Gm21975,4,True
Gm21976,2,False
Gm21977,1,False
Gm21978,0,False
Gm21979,0,False
Gm21980,0,False
Gm21981,5,True
Gm21982,5,True
Gm21983,0,False
Gm21984,6,True
Gm21985,0,False
Gm21986,4,True
Gm21987,0,False
Gm21988,6,True
Gm21989,3,True
Gm2199,6,True
Gm21990,0,False
Gm21991,0,False
Gm21992,6,True
Gm21994,4,True
Gm21996,0,False
Gm21998,1,False
Gm21999,0,False
Gm22,6,True
Gm2200,0,False
Gm22000,0,False
Gm22002,0,False
Gm22003,0,False
Gm22004,0,False
Gm22005,2,False
Gm22006,0,False
Gm22008,0,False
Gm22009,2,False
Gm22010,0,False
Gm22011,1,False
Gm22013,0,False
Gm22014,1,False
Gm22015,0,False
Gm22016,0,False
Gm22018,2,False
Gm22019,0,False
Gm22020,0,False
Gm22021,0,False
Gm22022,0,False
Gm22023,1,False
Gm22024,0,False
Gm22025,0,False
Gm22026,0,False
Gm22027,2,False
Gm22029,0,False
Gm22030,0,False
Gm22031,0,False
Gm22032,0,False
Gm22033,0,False
Gm22034,0,False
Gm22035,0,False
Gm22036,0,False
Gm22037,0,False
Gm22038,0,False
Gm22039,0,False
Gm22042,0,False
Gm22043,1,False
Gm22044,0,False
Gm22045,0,False
Gm22046,0,False
Gm22047,0,False
Gm22048,0,False
Gm22050,0,False
Gm22051,0,False
Gm22053,0,False
Gm22054,0,False
Gm22055,0,False
Gm22056,0,False
Gm22057,1,False
Gm22058,6,True
Gm22059,0,False
Gm22060,0,False
Gm22061,0,False
Gm22062,0,False
Gm22063,0,False
Gm22064,0,False
Gm22065,0,False
Gm22066,0,False
Gm22067,0,False
Gm22068,1,False
Gm22069,0,False
Gm22070,0,False
Gm22071,0,False
Gm22072,0,False
Gm22073,0,False
Gm22074,0,False
Gm22075,0,False
Gm22076,0,False
Gm22077,0,False
Gm22078,0,False
Gm22079,1,False
Gm22080,0,False
Gm22082,0,False
Gm22083,0,False
Gm22084,0,False
Gm22085,0,False
Gm22087,0,False
Gm22088,0,False
Gm22089,0,False
Gm22090,0,False
Gm22091,0,False
Gm22092,1,False
Gm22093,0,False
Gm22094,0,False
Gm22095,0,False
Gm22097,0,False
Gm22098,1,False
Gm22099,0,False
Gm22100,0,False
Gm22101,0,False
Gm22102,0,False
Gm22103,0,False
Gm22105,0,False
Gm22106,0,False
Gm22107,5,True
Gm22108,0,False
Gm22109,0,False
Gm22111,0,False
Gm22112,0,False
Gm22113,0,False
Gm22114,0,False
Gm22115,0,False
Gm22116,0,False
Gm22117,0,False
Gm22118,0,False
Gm22119,0,False
Gm22120,0,False
Gm22121,2,False
Gm22122,0,False
Gm22123,0,False
Gm22126,0,False
Gm22127,0,False
Gm22128,0,False
Gm22129,0,False
Gm2213,3,True
Gm22130,0,False
Gm22131,0,False
Gm22132,0,False
Gm22133,0,False
Gm22135,5,True
Gm22136,1,False
Gm22137,0,False
Gm22138,0,False
Gm22139,1,False
Gm2214,5,True
Gm22140,0,False
Gm22141,0,False
Gm22143,0,False
Gm22144,0,False
Gm22145,0,False
Gm22146,0,False
Gm22148,0,False
Gm22149,0,False
Gm22150,0,False
Gm22151,0,False
Gm22152,0,False
Gm22154,0,False
Gm22155,0,False
Gm22156,0,False
Gm22157,0,False
Gm22158,0,False
Gm22159,0,False
Gm22160,1,False
Gm22163,0,False
Gm22164,0,False
Gm22165,0,False
Gm22166,0,False
Gm22169,0,False
Gm22170,0,False
Gm22171,0,False
Gm22174,0,False
Gm22175,0,False
Gm22177,0,False
Gm22180,0,False
Gm22183,1,False
Gm22184,0,False
Gm22186,0,False
Gm22187,0,False
Gm22189,0,False
Gm22190,0,False
Gm22191,0,False
Gm22192,1,False
Gm22193,0,False
Gm22194,0,False
Gm22195,0,False
Gm22196,0,False
Gm22197,0,False
Gm22198,0,False
Gm22199,0,False
Gm22200,0,False
Gm22201,0,False
Gm22202,0,False
Gm22203,0,False
Gm22204,2,False
Gm22205,1,False
Gm22206,0,False
Gm22207,0,False
Gm22208,0,False
Gm22210,0,False
Gm22211,0,False
Gm22212,0,False
Gm22213,2,False
Gm22214,0,False
Gm22215,0,False
Gm22216,0,False
Gm22217,0,False
Gm22218,0,False
Gm22219,0,False
Gm22220,0,False
Gm22221,0,False
Gm22223,0,False
Gm22224,0,False
Gm22225,0,False
Gm22226,0,False
Gm22227,0,False
Gm22228,4,True
Gm22229,0,False
Gm2223,6,True
Gm22231,0,False
Gm22232,0,False
Gm22233,0,False
Gm22234,0,False
Gm22235,0,False
Gm22236,0,False
Gm22238,0,False
Gm22239,0,False
Gm22240,0,False
Gm22242,0,False
Gm22243,0,False
Gm22245,0,False
Gm22246,3,True
Gm22247,0,False
Gm22248,2,False
Gm22249,0,False
Gm22251,0,False
Gm22252,0,False
Gm22253,0,False
Gm22254,0,False
Gm22255,0,False
Gm22256,0,False
Gm22257,1,False
Gm22258,0,False
Gm22259,0,False
Gm22260,0,False
Gm22261,0,False
Gm22262,0,False
Gm22263,0,False
Gm22264,0,False
Gm22265,0,False
Gm22266,0,False
Gm22267,0,False
Gm22268,0,False
Gm22269,0,False
Gm22270,6,True
Gm22271,0,False
Gm22272,0,False
Gm22273,0,False
Gm22274,0,False
Gm22275,1,False
Gm22276,0,False
Gm22277,0,False
Gm22279,0,False
Gm22281,0,False
Gm22282,0,False
Gm22283,0,False
Gm22284,0,False
Gm22285,0,False
Gm22286,0,False
Gm22287,0,False
Gm22288,1,False
Gm2229,0,False
Gm22290,0,False
Gm22291,0,False
Gm22293,0,False
Gm22294,0,False
Gm22295,0,False
Gm22296,0,False
Gm22297,0,False
Gm22298,0,False
Gm22299,2,False
Gm22300,0,False
Gm22301,1,False
Gm22302,0,False
Gm22303,1,False
Gm22304,2,False
Gm22305,0,False
Gm22306,0,False
Gm22307,0,False
Gm22308,0,False
Gm2231,1,False
Gm22310,0,False
Gm22311,0,False
Gm22312,0,False
Gm22313,1,False
Gm22314,2,False
Gm22315,0,False
Gm22316,0,False
Gm22317,1,False
Gm22319,0,False
Gm22320,0,False
Gm22321,0,False
Gm22322,0,False
Gm22323,0,False
Gm22324,0,False
Gm22325,0,False
Gm22326,0,False
Gm22327,0,False
Gm22328,0,False
Gm22330,0,False
Gm22331,0,False
Gm22332,0,False
Gm22333,0,False
Gm22334,0,False
Gm22335,0,False
Gm22336,0,False
Gm22337,0,False
Gm22338,0,False
Gm22339,0,False
Gm22340,2,False
Gm22341,0,False
Gm22342,0,False
Gm22343,0,False
Gm22344,0,False
Gm22345,1,False
Gm22346,0,False
Gm22347,0,False
Gm22348,0,False
Gm22349,0,False
Gm22350,0,False
Gm22351,0,False
Gm22352,1,False
Gm22353,0,False
Gm22354,1,False
Gm22355,0,False
Gm22357,0,False
Gm22358,0,False
Gm22359,0,False
Gm22360,0,False
Gm22361,0,False
Gm22362,1,False
Gm22363,0,False
Gm22364,0,False
Gm22365,0,False
Gm22367,0,False
Gm22368,0,False
Gm22369,6,True
Gm2237,6,True
Gm22370,0,False
Gm22371,1,False
Gm22372,0,False
Gm22373,0,False
Gm22374,0,False
Gm22378,0,False
Gm22379,1,False
Gm2238,6,True
Gm22380,0,False
Gm22381,0,False
Gm22382,0,False
Gm22383,0,False
Gm22384,0,False
Gm22385,0,False
Gm22386,0,False
Gm22387,0,False
Gm22388,1,False
Gm22389,0,False
Gm22390,1,False
Gm22391,0,False
Gm22392,5,True
Gm22393,0,False
Gm22394,0,False
Gm22395,0,False
Gm22396,0,False
Gm22398,6,True
Gm22401,0,False
Gm22402,0,False
Gm22403,2,False
Gm22406,0,False
Gm22408,0,False
Gm22411,0,False
Gm22413,0,False
Gm22414,0,False
Gm22416,0,False
Gm22417,0,False
Gm22418,5,True
Gm22419,0,False
Gm22420,0,False
Gm22421,0,False
Gm22422,0,False
Gm22423,0,False
Gm22424,0,False
Gm22425,0,False
Gm22426,0,False
Gm22427,1,False
Gm22428,0,False
Gm22429,0,False
Gm22430,0,False
Gm22431,0,False
Gm22433,0,False
Gm22434,0,False
Gm22435,2,False
Gm22438,0,False
Gm22439,0,False
Gm2244,3,True
Gm22442,1,False
Gm22443,0,False
Gm22444,0,False
Gm22446,0,False
Gm22447,0,False
Gm22448,0,False
Gm22449,0,False
Gm2245,1,False
Gm22450,0,False
Gm22451,0,False
Gm22452,0,False
Gm22453,0,False
Gm22454,0,False
Gm22455,5,True
Gm22456,0,False
Gm22458,0,False
Gm22459,0,False
Gm22460,0,False
Gm22461,0,False
Gm22463,0,False
Gm22464,1,False
Gm22466,0,False
Gm22468,0,False
Gm22469,0,False
Gm22470,0,False
Gm22471,0,False
Gm22472,0,False
Gm22473,0,False
Gm22474,0,False
Gm22475,0,False
Gm22476,0,False
Gm22477,0,False
Gm22478,0,False
Gm22479,0,False
Gm22480,0,False
Gm22481,0,False
Gm22482,1,False
Gm22483,1,False
Gm22484,0,False
Gm22485,0,False
Gm22486,2,False
Gm22488,0,False
Gm22489,0,False
Gm22490,0,False
Gm22491,1,False
Gm22492,0,False
Gm22493,0,False
Gm22494,0,False
Gm22495,0,False
Gm22496,0,False
Gm22497,0,False
Gm22498,4,True
Gm22499,6,True
Gm22500,4,True
Gm22501,0,False
Gm22502,0,False
Gm22503,0,False
Gm22504,0,False
Gm22505,0,False
Gm22506,0,False
Gm22507,0,False
Gm22508,0,False
Gm22509,0,False
Gm22510,0,False
Gm22511,0,False
Gm22513,0,False
Gm22514,0,False
Gm22515,0,False
Gm22516,0,False
Gm22517,0,False
Gm22518,0,False
Gm22519,0,False
Gm22520,0,False
Gm22521,0,False
Gm22522,0,False
Gm22523,0,False
Gm22524,0,False
Gm22527,0,False
Gm22528,0,False
Gm22529,0,False
Gm22530,0,False
Gm22531,0,False
Gm22532,0,False
Gm22533,0,False
Gm22534,0,False
Gm22535,0,False
Gm22536,0,False
Gm22537,0,False
Gm22538,0,False
Gm22539,0,False
Gm22540,1,False
Gm22541,0,False
Gm22542,0,False
Gm22543,3,True
Gm22544,0,False
Gm22545,0,False
Gm22546,0,False
Gm22547,0,False
Gm22548,0,False
Gm22549,1,False
Gm22550,0,False
Gm22551,0,False
Gm22552,1,False
Gm22553,0,False
Gm22554,0,False
Gm22555,0,False
Gm22556,2,False
Gm22557,0,False
Gm22558,0,False
Gm22559,0,False
Gm22560,0,False
Gm22561,0,False
Gm22562,0,False
Gm22563,0,False
Gm22565,0,False
Gm22566,6,True
Gm22567,0,False
Gm22569,0,False
Gm22571,2,False
Gm22572,0,False
Gm22573,0,False
Gm22574,6,True
Gm22575,0,False
Gm22576,0,False
Gm22577,0,False
Gm22578,0,False
Gm22579,6,True
Gm22580,4,True
Gm22581,0,False
Gm22582,0,False
Gm22583,0,False
Gm22584,0,False
Gm22586,0,False
Gm22587,0,False
Gm22588,0,False
Gm22589,0,False
Gm22590,0,False
Gm22591,0,False
Gm22592,0,False
Gm22593,0,False
Gm22594,0,False
Gm22595,0,False
Gm22596,0,False
Gm22597,0,False
Gm22598,5,True
Gm22599,0,False
Gm2260,1,False
Gm22600,0,False
Gm22601,0,False
Gm22602,0,False
Gm22603,0,False
Gm22604,1,False
Gm22605,0,False
Gm22606,0,False
Gm22607,0,False
Gm22608,0,False
Gm22609,0,False
Gm22611,0,False
Gm22612,0,False
Gm22613,6,True
Gm22614,0,False
Gm22615,3,True
Gm22616,0,False
Gm22617,0,False
Gm22618,0,False
Gm22619,0,False
Gm22620,0,False
Gm22621,0,False
Gm22622,0,False
Gm22623,0,False
Gm22624,0,False
Gm22625,1,False
Gm22626,0,False
Gm22627,0,False
Gm22628,0,False
Gm22629,0,False
Gm22630,0,False
Gm22631,0,False
Gm22632,0,False
Gm22633,0,False
Gm22634,1,False
Gm22635,0,False
Gm22636,0,False
Gm22637,4,True
Gm22638,0,False
Gm22639,1,False
Gm22640,0,False
Gm22642,0,False
Gm22643,0,False
Gm22645,0,False
Gm22646,0,False
Gm22649,0,False
Gm22650,0,False
Gm22651,0,False
Gm22652,1,False
Gm22654,0,False
Gm22655,0,False
Gm22656,0,False
Gm22657,1,False
Gm22658,0,False
Gm22659,1,False
Gm22660,0,False
Gm22661,0,False
Gm22662,0,False
Gm22663,0,False
Gm22664,0,False
Gm22665,0,False
Gm22666,0,False
Gm22667,0,False
Gm22668,0,False
Gm22669,0,False
Gm22670,0,False
Gm22671,0,False
Gm22672,1,False
Gm22673,0,False
Gm22674,0,False
Gm22675,0,False
Gm22676,0,False
Gm22677,0,False
Gm22678,0,False
Gm22679,0,False
Gm22680,0,False
Gm22681,0,False
Gm22682,0,False
Gm22683,0,False
Gm22684,0,False
Gm22685,0,False
Gm22686,0,False
Gm22687,0,False
Gm22689,0,False
Gm22690,0,False
Gm22692,6,True
Gm22693,0,False
Gm22694,0,False
Gm22696,0,False
Gm22697,0,False
Gm22698,0,False
Gm22699,0,False
Gm22701,0,False
Gm22702,0,False
Gm22704,0,False
Gm22706,0,False
Gm22707,0,False
Gm22708,0,False
Gm22709,0,False
Gm22710,0,False
Gm22711,0,False
Gm22713,0,False
Gm22714,6,True
Gm22715,0,False
Gm22716,1,False
Gm22717,0,False
Gm22718,0,False
Gm2272,6,True
Gm22720,0,False
Gm22721,0,False
Gm22722,0,False
Gm22723,0,False
Gm22724,0,False
Gm22725,0,False
Gm22726,0,False
Gm22727,0,False
Gm22728,1,False
Gm22729,0,False
Gm22730,0,False
Gm22731,0,False
Gm22732,1,False
Gm22733,0,False
Gm22738,1,False
Gm22739,0,False
Gm2274,2,False
Gm22740,1,False
Gm22741,0,False
Gm22743,4,True
Gm22744,0,False
Gm22745,1,False
Gm22746,0,False
Gm22747,0,False
Gm22748,2,False
Gm22749,0,False
Gm22750,0,False
Gm22751,6,True
Gm22752,0,False
Gm22753,1,False
Gm22755,1,False
Gm22756,0,False
Gm22757,0,False
Gm22758,0,False
Gm22759,0,False
Gm22760,0,False
Gm22761,0,False
Gm22762,0,False
Gm22763,0,False
Gm22764,0,False
Gm22765,0,False
Gm22766,1,False
Gm22767,0,False
Gm22768,0,False
Gm22769,0,False
Gm22770,0,False
Gm22771,4,True
Gm22772,0,False
Gm22773,0,False
Gm22774,6,True
Gm22775,0,False
Gm22776,0,False
Gm22777,0,False
Gm22778,0,False
Gm22779,0,False
Gm22780,0,False
Gm22781,0,False
Gm22782,0,False
Gm22783,0,False
Gm22784,0,False
Gm22785,0,False
Gm22786,1,False
Gm22787,0,False
Gm22788,0,False
Gm22789,0,False
Gm22790,0,False
Gm22791,0,False
Gm22792,0,False
Gm22793,0,False
Gm22794,0,False
Gm22795,0,False
Gm22796,0,False
Gm22797,0,False
Gm22798,0,False
Gm22800,0,False
Gm22801,0,False
Gm22802,0,False
Gm22803,0,False
Gm22804,0,False
Gm22805,0,False
Gm22806,0,False
Gm22807,0,False
Gm22808,0,False
Gm22809,0,False
Gm22810,1,False
Gm22811,0,False
Gm22812,1,False
Gm22813,4,True
Gm22814,0,False
Gm22815,0,False
Gm22816,0,False
Gm22817,0,False
Gm22818,0,False
Gm22819,0,False
Gm22820,0,False
Gm22821,0,False
Gm22822,0,False
Gm22823,0,False
Gm22824,0,False
Gm22825,0,False
Gm22826,0,False
Gm22827,0,False
Gm22828,0,False
Gm22829,0,False
Gm22830,0,False
Gm22831,0,False
Gm22832,0,False
Gm22833,0,False
Gm22834,0,False
Gm22836,0,False
Gm22838,0,False
Gm22839,0,False
Gm22840,0,False
Gm22841,0,False
Gm22842,0,False
Gm22843,0,False
Gm22845,0,False
Gm22846,1,False
Gm22847,0,False
Gm22849,1,False
Gm22850,0,False
Gm22851,0,False
Gm22852,0,False
Gm22853,0,False
Gm22854,0,False
Gm22857,0,False
Gm22858,2,False
Gm22859,0,False
Gm22860,0,False
Gm22862,0,False
Gm22863,1,False
Gm22864,0,False
Gm22865,2,False
Gm22866,0,False
Gm22867,0,False
Gm22868,0,False
Gm2287,2,False
Gm22870,0,False
Gm22871,0,False
Gm22875,0,False
Gm22876,0,False
Gm22877,0,False
Gm22879,0,False
Gm2288,0,False
Gm22880,0,False
Gm22881,0,False
Gm22882,0,False
Gm22883,2,False
Gm22884,0,False
Gm22885,0,False
Gm22886,0,False
Gm22887,0,False
Gm22888,0,False
Gm22889,0,False
Gm22890,1,False
Gm22891,0,False
Gm22892,0,False
Gm22893,0,False
Gm22894,0,False
Gm22895,0,False
Gm22897,2,False
Gm22899,0,False
Gm22900,0,False
Gm22901,0,False
Gm22902,0,False
Gm22903,0,False
Gm22904,0,False
Gm22906,0,False
Gm22907,4,True
Gm22908,0,False
Gm22909,0,False
Gm22910,1,False
Gm22911,0,False
Gm22912,0,False
Gm22913,0,False
Gm22914,0,False
Gm22915,0,False
Gm22916,0,False
Gm22917,0,False
Gm22918,0,False
Gm22920,0,False
Gm22923,0,False
Gm22925,0,False
Gm22926,0,False
Gm22927,0,False
Gm22929,0,False
Gm22932,0,False
Gm22933,1,False
Gm22934,0,False
Gm22935,2,False
Gm22936,0,False
Gm22937,0,False
Gm22938,0,False
Gm22939,0,False
Gm22940,0,False
Gm22941,0,False
Gm22942,0,False
Gm22943,0,False
Gm22944,0,False
Gm22945,0,False
Gm22946,0,False
Gm22947,0,False
Gm22948,0,False
Gm22949,0,False
Gm22950,0,False
Gm22951,1,False
Gm22952,1,False
Gm22953,0,False
Gm22955,0,False
Gm22956,0,False
Gm22957,0,False
Gm22958,0,False
Gm22959,0,False
Gm22960,1,False
Gm22961,0,False
Gm22962,0,False
Gm22963,0,False
Gm22965,0,False
Gm22966,0,False
Gm22967,0,False
Gm22968,0,False
Gm22969,0,False
Gm22970,0,False
Gm22971,0,False
Gm22972,0,False
Gm22973,4,True
Gm22974,0,False
Gm22975,0,False
Gm22977,0,False
Gm22978,0,False
Gm22979,0,False
Gm22980,0,False
Gm22981,0,False
Gm22982,1,False
Gm22983,0,False
Gm22984,0,False
Gm22985,0,False
Gm22986,0,False
Gm22987,1,False
Gm22988,0,False
Gm22989,0,False
Gm22990,0,False
Gm22991,0,False
Gm22992,0,False
Gm22993,0,False
Gm22994,0,False
Gm22995,0,False
Gm22996,0,False
Gm22997,0,False
Gm22999,0,False
Gm23000,0,False
Gm23002,0,False
Gm23003,0,False
Gm23005,1,False
Gm23007,0,False
Gm23008,1,False
Gm23010,0,False
Gm23011,6,True
Gm23012,0,False
Gm23013,0,False
Gm23014,0,False
Gm23015,0,False
Gm23016,0,False
Gm23017,0,False
Gm23018,0,False
Gm23020,0,False
Gm23021,0,False
Gm23022,0,False
Gm23023,0,False
Gm23024,1,False
Gm23025,0,False
Gm23026,0,False
Gm23027,0,False
Gm23028,0,False
Gm23030,0,False
Gm23031,0,False
Gm23032,0,False
Gm23033,0,False
Gm23034,0,False
Gm23035,0,False
Gm23036,0,False
Gm23037,5,True
Gm23038,0,False
Gm23039,1,False
Gm23040,0,False
Gm23041,0,False
Gm23042,0,False
Gm23043,0,False
Gm23044,0,False
Gm23045,0,False
Gm23046,0,False
Gm23047,0,False
Gm23048,0,False
Gm23049,0,False
Gm23050,1,False
Gm23052,0,False
Gm23053,0,False
Gm23054,0,False
Gm23055,0,False
Gm23056,0,False
Gm23057,0,False
Gm23058,0,False
Gm23059,0,False
Gm23060,1,False
Gm23061,0,False
Gm23062,1,False
Gm23063,0,False
Gm23064,0,False
Gm23065,0,False
Gm23066,0,False
Gm23067,0,False
Gm23068,0,False
Gm23069,0,False
Gm23071,0,False
Gm23072,0,False
Gm23075,0,False
Gm23076,0,False
Gm23077,1,False
Gm23078,0,False
Gm23079,0,False
Gm2308,6,True
Gm23080,0,False
Gm23081,0,False
Gm23082,0,False
Gm23083,0,False
Gm23084,0,False
Gm23085,1,False
Gm23086,0,False
Gm23087,0,False
Gm23089,0,False
Gm2309,0,False
Gm23090,0,False
Gm23092,0,False
Gm23093,0,False
Gm23094,1,False
Gm23095,0,False
Gm23096,0,False
Gm23097,0,False
Gm23098,0,False
Gm23099,0,False
Gm2310,1,False
Gm23100,0,False
Gm23101,0,False
Gm23102,0,False
Gm23103,0,False
Gm23104,0,False
Gm23105,0,False
Gm23106,0,False
Gm23108,0,False
Gm23109,0,False
Gm23111,0,False
Gm23112,0,False
Gm23113,0,False
Gm23114,1,False
Gm23115,0,False
Gm23116,0,False
Gm23117,0,False
Gm23118,0,False
Gm23119,4,True
Gm23120,0,False
Gm23121,0,False
Gm23122,0,False
Gm23123,0,False
Gm23124,0,False
Gm23125,0,False
Gm23126,0,False
Gm23127,0,False
Gm23128,0,False
Gm23129,1,False
Gm23130,3,True
Gm23131,0,False
Gm23132,0,False
Gm23133,0,False
Gm23134,0,False
Gm23136,1,False
Gm23137,0,False
Gm23138,0,False
Gm23139,0,False
Gm2314,0,False
Gm23140,0,False
Gm23141,0,False
Gm23142,0,False
Gm23143,0,False
Gm23144,0,False
Gm23145,0,False
Gm23147,0,False
Gm23148,0,False
Gm23149,0,False
Gm23151,0,False
Gm23152,0,False
Gm23153,0,False
Gm23154,0,False
Gm23156,1,False
Gm23158,0,False
Gm23159,0,False
Gm2316,0,False
Gm23162,0,False
Gm23163,0,False
Gm23164,0,False
Gm23166,0,False
Gm23167,0,False
Gm23168,0,False
Gm23169,0,False
Gm23170,0,False
Gm23171,0,False
Gm23172,6,True
Gm23173,0,False
Gm23175,0,False
Gm23176,0,False
Gm23177,0,False
Gm23178,0,False
Gm23179,0,False
Gm2318,0,False
Gm23180,1,False
Gm23181,0,False
Gm23182,0,False
Gm23183,0,False
Gm23184,0,False
Gm23185,1,False
Gm23186,0,False
Gm23187,0,False
Gm23189,0,False
Gm23190,0,False
Gm23191,0,False
Gm23192,0,False
Gm23193,0,False
Gm23194,0,False
Gm23195,0,False
Gm23196,0,False
Gm23197,0,False
Gm23198,0,False
Gm23199,0,False
Gm23200,1,False
Gm23201,0,False
Gm23202,0,False
Gm23203,0,False
Gm23205,0,False
Gm23206,0,False
Gm23207,0,False
Gm23208,0,False
Gm23209,1,False
Gm23210,0,False
Gm23211,0,False
Gm23212,0,False
Gm23213,0,False
Gm23214,0,False
Gm23215,0,False
Gm23216,0,False
Gm23217,4,True
Gm23218,0,False
Gm23219,0,False
Gm23220,0,False
Gm23221,0,False
Gm23222,0,False
Gm23223,0,False
Gm23224,0,False
Gm23225,0,False
Gm23226,1,False
Gm23228,0,False
Gm23229,0,False
Gm23230,0,False
Gm23231,0,False
Gm23232,0,False
Gm23233,1,False
Gm23234,0,False
Gm23237,0,False
Gm23238,0,False
Gm23239,0,False
Gm2324,0,False
Gm23240,0,False
Gm23241,0,False
Gm23242,0,False
Gm23243,0,False
Gm23244,0,False
Gm23245,2,False
Gm23246,0,False
Gm23247,0,False
Gm23248,1,False
Gm23249,0,False
Gm2325,5,True
Gm23250,0,False
Gm23251,0,False
Gm23252,0,False
Gm23253,0,False
Gm23254,0,False
Gm23255,0,False
Gm23256,0,False
Gm23257,0,False
Gm23258,0,False
Gm23259,1,False
Gm23260,2,False
Gm23261,0,False
Gm23262,0,False
Gm23263,0,False
Gm23264,5,True
Gm23265,1,False
Gm23266,0,False
Gm23267,0,False
Gm23268,0,False
Gm23269,0,False
Gm23270,0,False
Gm23271,0,False
Gm23272,0,False
Gm23273,0,False
Gm23274,0,False
Gm23275,0,False
Gm23276,0,False
Gm23277,0,False
Gm23278,0,False
Gm23279,1,False
Gm2328,0,False
Gm23280,1,False
Gm23282,0,False
Gm23283,0,False
Gm23284,0,False
Gm23286,0,False
Gm23287,0,False
Gm23288,0,False
Gm23289,0,False
Gm23291,0,False
Gm23292,0,False
Gm23293,0,False
Gm23294,1,False
Gm23296,1,False
Gm23297,3,True
Gm23298,1,False
Gm23299,0,False
Gm23300,0,False
Gm23301,3,True
Gm23302,0,False
Gm23303,1,False
Gm23304,0,False
Gm23305,0,False
Gm23306,0,False
Gm23307,0,False
Gm23308,0,False
Gm23310,0,False
Gm23311,0,False
Gm23312,0,False
Gm23313,0,False
Gm23314,0,False
Gm23315,0,False
Gm23316,0,False
Gm23317,2,False
Gm23318,2,False
Gm23319,0,False
Gm23320,0,False
Gm23321,0,False
Gm23322,0,False
Gm23323,0,False
Gm23324,0,False
Gm23325,0,False
Gm23326,0,False
Gm23327,0,False
Gm23328,0,False
Gm23329,1,False
Gm23330,0,False
Gm23331,0,False
Gm23332,1,False
Gm23334,0,False
Gm23335,0,False
Gm23336,0,False
Gm23337,0,False
Gm23338,0,False
Gm23339,0,False
Gm23340,0,False
Gm23341,0,False
Gm23342,0,False
Gm23343,0,False
Gm23344,0,False
Gm23345,0,False
Gm23346,0,False
Gm23347,0,False
Gm23349,0,False
Gm23350,0,False
Gm23351,0,False
Gm23352,0,False
Gm23353,2,False
Gm23354,0,False
Gm23355,0,False
Gm23356,0,False
Gm23358,0,False
Gm23362,0,False
Gm23363,0,False
Gm23364,0,False
Gm23365,0,False
Gm23366,0,False
Gm23368,1,False
Gm23369,2,False
Gm23370,0,False
Gm23374,6,True
Gm23375,0,False
Gm23376,0,False
Gm23377,0,False
Gm23378,0,False
Gm23379,0,False
Gm23380,0,False
Gm23381,0,False
Gm23382,0,False
Gm23384,0,False
Gm23385,0,False
Gm23386,0,False
Gm23387,0,False
Gm23388,0,False
Gm23389,0,False
Gm23390,0,False
Gm23391,0,False
Gm23392,0,False
Gm23393,0,False
Gm23394,0,False
Gm23400,0,False
Gm23402,0,False
Gm23403,0,False
Gm23404,0,False
Gm23405,0,False
Gm23406,0,False
Gm23407,0,False
Gm23408,0,False
Gm23409,0,False
Gm23410,0,False
Gm23411,0,False
Gm23412,0,False
Gm23413,1,False
Gm23415,0,False
Gm23416,0,False
Gm23417,0,False
Gm23419,6,True
Gm23421,0,False
Gm23422,0,False
Gm23423,0,False
Gm23424,0,False
Gm23426,0,False
Gm23428,0,False
Gm23429,0,False
Gm2343,0,False
Gm23430,0,False
Gm23431,0,False
Gm23432,0,False
Gm23434,0,False
Gm23435,1,False
Gm23437,0,False
Gm23438,0,False
Gm23439,0,False
Gm23440,0,False
Gm23441,0,False
Gm23442,2,False
Gm23443,0,False
Gm23444,1,False
Gm23445,0,False
Gm23446,0,False
Gm23447,0,False
Gm23448,0,False
Gm23449,0,False
Gm2345,0,False
Gm23450,0,False
Gm23451,0,False
Gm23452,0,False
Gm23453,0,False
Gm23454,0,False
Gm23455,3,True
Gm23456,0,False
Gm23458,2,False
Gm23459,0,False
Gm23460,0,False
Gm23461,1,False
Gm23462,1,False
Gm23463,0,False
Gm23464,5,True
Gm23465,0,False
Gm23466,0,False
Gm23467,0,False
Gm23468,0,False
Gm23469,0,False
Gm23470,0,False
Gm23471,0,False
Gm23472,3,True
Gm23473,0,False
Gm23474,0,False
Gm23475,0,False
Gm23476,0,False
Gm23477,0,False
Gm23479,0,False
Gm2348,5,True
Gm23481,1,False
Gm23482,2,False
Gm23483,0,False
Gm23484,0,False
Gm23485,0,False
Gm23490,0,False
Gm23492,0,False
Gm23493,6,True
Gm23494,0,False
Gm23496,0,False
Gm23497,0,False
Gm23498,0,False
Gm23499,0,False
Gm23500,0,False
Gm23501,1,False
Gm23502,0,False
Gm23503,0,False
Gm23504,2,False
Gm23505,0,False
Gm23506,0,False
Gm23507,0,False
Gm23508,0,False
Gm23509,0,False
Gm23510,0,False
Gm23511,0,False
Gm23512,5,True
Gm23513,1,False
Gm23514,0,False
Gm23515,0,False
Gm23516,0,False
Gm23517,0,False
Gm23518,0,False
Gm23520,0,False
Gm23521,0,False
Gm23523,0,False
Gm23527,2,False
Gm23528,0,False
Gm23529,0,False
Gm23530,0,False
Gm23531,0,False
Gm23532,0,False
Gm23533,0,False
Gm23534,0,False
Gm23535,0,False
Gm23536,0,False
Gm23537,0,False
Gm23538,0,False
Gm23539,0,False
Gm23540,0,False
Gm23542,0,False
Gm23543,0,False
Gm23545,0,False
Gm23546,0,False
Gm23547,1,False
Gm23548,0,False
Gm23550,0,False
Gm23551,0,False
Gm23552,0,False
Gm23553,0,False
Gm23554,0,False
Gm23555,0,False
Gm23556,0,False
Gm23557,0,False
Gm23558,0,False
Gm23559,0,False
Gm23560,0,False
Gm23561,0,False
Gm23562,0,False
Gm23563,0,False
Gm23564,0,False
Gm23566,0,False
Gm23567,0,False
Gm23568,0,False
Gm23569,0,False
Gm23570,1,False
Gm23571,0,False
Gm23573,0,False
Gm23575,0,False
Gm23576,0,False
Gm23577,0,False
Gm23578,0,False
Gm23579,0,False
Gm23581,0,False
Gm23582,1,False
Gm23583,0,False
Gm23584,0,False
Gm23585,0,False
Gm23586,0,False
Gm23587,0,False
Gm23588,0,False
Gm23589,0,False
Gm23590,0,False
Gm23591,0,False
Gm23592,0,False
Gm23593,1,False
Gm23594,0,False
Gm23595,0,False
Gm23596,0,False
Gm23598,0,False
Gm23599,1,False
Gm23600,0,False
Gm23601,0,False
Gm23602,0,False
Gm23604,0,False
Gm23605,0,False
Gm23606,0,False
Gm23607,0,False
Gm23608,1,False
Gm23609,0,False
Gm23610,0,False
Gm23612,0,False
Gm23613,0,False
Gm23614,0,False
Gm23615,0,False
Gm23616,0,False
Gm23617,0,False
Gm23618,0,False
Gm23619,0,False
Gm23620,0,False
Gm23622,0,False
Gm23623,0,False
Gm23624,6,True
Gm23625,0,False
Gm23626,0,False
Gm23627,0,False
Gm23628,1,False
Gm23629,0,False
Gm23630,0,False
Gm23631,0,False
Gm23632,0,False
Gm23633,0,False
Gm23634,5,True
Gm23636,0,False
Gm23637,0,False
Gm23638,5,True
Gm23639,1,False
Gm23640,0,False
Gm23641,0,False
Gm23642,0,False
Gm23643,0,False
Gm23644,0,False
Gm23645,1,False
Gm23646,0,False
Gm23647,0,False
Gm23648,0,False
Gm23649,0,False
Gm23650,0,False
Gm23651,0,False
Gm23652,0,False
Gm23653,0,False
Gm23654,1,False
Gm23655,0,False
Gm23656,1,False
Gm23657,0,False
Gm23658,0,False
Gm23659,0,False
Gm2366,2,False
Gm23660,0,False
Gm23661,0,False
Gm23662,0,False
Gm23663,1,False
Gm23664,0,False
Gm23665,0,False
Gm23666,0,False
Gm23667,0,False
Gm23668,0,False
Gm23669,0,False
Gm2367,6,True
Gm23670,0,False
Gm23671,0,False
Gm23672,0,False
Gm23673,0,False
Gm23674,1,False
Gm23675,0,False
Gm23676,0,False
Gm23677,0,False
Gm23678,0,False
Gm23679,1,False
Gm23680,0,False
Gm23681,3,True
Gm23682,0,False
Gm23686,1,False
Gm23687,0,False
Gm23688,0,False
Gm23689,0,False
Gm23690,0,False
Gm23691,2,False
Gm23692,0,False
Gm23694,0,False
Gm23697,0,False
Gm23698,1,False
Gm23699,0,False
Gm23700,0,False
Gm23701,0,False
Gm23702,1,False
Gm23703,0,False
Gm23704,0,False
Gm23705,1,False
Gm23706,4,True
Gm23707,0,False
Gm23708,0,False
Gm23709,0,False
Gm23711,0,False
Gm23712,0,False
Gm23713,4,True
Gm23714,1,False
Gm23715,0,False
Gm23716,0,False
Gm23718,0,False
Gm23721,0,False
Gm23722,1,False
Gm23723,0,False
Gm23725,1,False
Gm23726,0,False
Gm23727,0,False
Gm23730,0,False
Gm23731,0,False
Gm23732,0,False
Gm23733,0,False
Gm23734,0,False
Gm23735,0,False
Gm23736,0,False
Gm23737,0,False
Gm23738,0,False
Gm23739,0,False
Gm23740,0,False
Gm23741,3,True
Gm23743,0,False
Gm23744,0,False
Gm23745,0,False
Gm23746,0,False
Gm23747,0,False
Gm23748,0,False
Gm23749,0,False
Gm23750,0,False
Gm23751,0,False
Gm23752,0,False
Gm23753,0,False
Gm23754,0,False
Gm23755,0,False
Gm23756,1,False
Gm23757,0,False
Gm23758,0,False
Gm23759,0,False
Gm23760,0,False
Gm23761,0,False
Gm23762,0,False
Gm23763,0,False
Gm23764,0,False
Gm23765,0,False
Gm23766,0,False
Gm23767,0,False
Gm23768,0,False
Gm23769,0,False
Gm23770,0,False
Gm23771,0,False
Gm23772,0,False
Gm23773,0,False
Gm23774,0,False
Gm23775,0,False
Gm23776,0,False
Gm23777,0,False
Gm23779,0,False
Gm23780,0,False
Gm23781,0,False
Gm23782,0,False
Gm23783,0,False
Gm23785,0,False
Gm23786,0,False
Gm23787,0,False
Gm23788,0,False
Gm23789,1,False
Gm23790,0,False
Gm23791,0,False
Gm23792,0,False
Gm23793,0,False
Gm23794,0,False
Gm23795,0,False
Gm23796,0,False
Gm23798,0,False
Gm23799,0,False
Gm23800,0,False
Gm23801,0,False
Gm23802,0,False
Gm23803,2,False
Gm23804,1,False
Gm23805,0,False
Gm23806,0,False
Gm2381,5,True
Gm23810,0,False
Gm23811,0,False
Gm23812,0,False
Gm23813,0,False
Gm23814,0,False
Gm23815,0,False
Gm23816,0,False
Gm23817,0,False
Gm23819,0,False
Gm23820,0,False
Gm23821,0,False
Gm23822,0,False
Gm23823,3,True
Gm23824,1,False
Gm23826,0,False
Gm23827,0,False
Gm23829,0,False
Gm2383,6,True
Gm23830,0,False
Gm23831,0,False
Gm23833,0,False
Gm23834,1,False
Gm23835,0,False
Gm23836,0,False
Gm23837,0,False
Gm23838,0,False
Gm23839,0,False
Gm23840,3,True
Gm23841,1,False
Gm23844,0,False
Gm23845,0,False
Gm23846,0,False
Gm23847,0,False
Gm23848,0,False
Gm23849,5,True
Gm23850,0,False
Gm23851,1,False
Gm23852,0,False
Gm23853,0,False
Gm23854,0,False
Gm23855,0,False
Gm23856,0,False
Gm23857,0,False
Gm23858,0,False
Gm23859,0,False
Gm23860,0,False
Gm23862,0,False
Gm23863,0,False
Gm23864,2,False
Gm23865,0,False
Gm23867,0,False
Gm23872,0,False
Gm23873,0,False
Gm23875,0,False
Gm23876,0,False
Gm23877,0,False
Gm23879,0,False
Gm23880,0,False
Gm23881,0,False
Gm23882,0,False
Gm23883,0,False
Gm23884,0,False
Gm23885,0,False
Gm23886,0,False
Gm23887,5,True
Gm23888,0,False
Gm23889,0,False
Gm2389,0,False
Gm23891,0,False
Gm23892,0,False
Gm23893,0,False
Gm23894,0,False
Gm23895,0,False
Gm23896,0,False
Gm23897,0,False
Gm23898,0,False
Gm23899,0,False
Gm23900,0,False
Gm23901,0,False
Gm23902,1,False
Gm23903,0,False
Gm23904,0,False
Gm23905,0,False
Gm23906,0,False
Gm23907,0,False
Gm23908,0,False
Gm23909,0,False
Gm23910,1,False
Gm23911,0,False
Gm23912,0,False
Gm23916,1,False
Gm23917,0,False
Gm23918,4,True
Gm23921,0,False
Gm23922,0,False
Gm23923,0,False
Gm23924,0,False
Gm23925,0,False
Gm23926,0,False
Gm23927,1,False
Gm23928,1,False
Gm23931,0,False
Gm23932,0,False
Gm23933,0,False
Gm23934,3,True
Gm23935,6,True
Gm23936,0,False
Gm23939,0,False
Gm23940,0,False
Gm23941,0,False
Gm23942,0,False
Gm23943,0,False
Gm23944,0,False
Gm23945,0,False
Gm23946,4,True
Gm23947,1,False
Gm23948,0,False
Gm23949,0,False
Gm23950,0,False
Gm23951,0,False
Gm23952,0,False
Gm23953,1,False
Gm23954,1,False
Gm23955,0,False
Gm23956,0,False
Gm23957,0,False
Gm23958,0,False
Gm23959,0,False
Gm2396,2,False
Gm23960,0,False
Gm23961,0,False
Gm23962,0,False
Gm23963,0,False
Gm23964,1,False
Gm23965,1,False
Gm23966,0,False
Gm23967,0,False
Gm23968,0,False
Gm23969,2,False
Gm23970,0,False
Gm23971,5,True
Gm23972,0,False
Gm23973,6,True
Gm23974,1,False
Gm23975,0,False
Gm23976,0,False
Gm23977,0,False
Gm23979,1,False
Gm23980,0,False
Gm23981,0,False
Gm23982,0,False
Gm23983,0,False
Gm23984,0,False
Gm23985,0,False
Gm23986,0,False
Gm23987,0,False
Gm23988,0,False
Gm23989,0,False
Gm2399,0,False
Gm23990,0,False
Gm23991,0,False
Gm23992,0,False
Gm23993,0,False
Gm23994,0,False
Gm23995,0,False
Gm23996,0,False
Gm23997,0,False
Gm23999,0,False
Gm24000,0,False
Gm24001,0,False
Gm24002,1,False
Gm24003,0,False
Gm24004,0,False
Gm24005,0,False
Gm24006,0,False
Gm24008,0,False
Gm24009,2,False
Gm24010,0,False
Gm24011,1,False
Gm24013,1,False
Gm24014,0,False
Gm24015,0,False
Gm24016,0,False
Gm24017,0,False
Gm24018,2,False
Gm24019,1,False
Gm24020,0,False
Gm24021,0,False
Gm24022,0,False
Gm24025,0,False
Gm24026,0,False
Gm24027,0,False
Gm24028,2,False
Gm24029,0,False
Gm24030,1,False
Gm24031,1,False
Gm24032,0,False
Gm24035,0,False
Gm24036,0,False
Gm24037,0,False
Gm24038,0,False
Gm24039,0,False
Gm2404,0,False
Gm24040,0,False
Gm24041,0,False
Gm24042,0,False
Gm24043,0,False
Gm24044,1,False
Gm24045,0,False
Gm24046,0,False
Gm24047,0,False
Gm24048,0,False
Gm24049,0,False
Gm24050,0,False
Gm24051,0,False
Gm24053,0,False
Gm24054,0,False
Gm24056,3,True
Gm24057,0,False
Gm24059,1,False
Gm24060,2,False
Gm24061,0,False
Gm24062,0,False
Gm24063,0,False
Gm24064,0,False
Gm24065,1,False
Gm24066,0,False
Gm24067,0,False
Gm24068,0,False
Gm24069,0,False
Gm24070,0,False
Gm24071,0,False
Gm24072,0,False
Gm24073,0,False
Gm24074,0,False
Gm24075,0,False
Gm24076,0,False
Gm24077,0,False
Gm24078,0,False
Gm24079,0,False
Gm24080,0,False
Gm24081,5,True
Gm24082,0,False
Gm24083,0,False
Gm24084,0,False
Gm24085,1,False
Gm24086,0,False
Gm24088,0,False
Gm24089,1,False
Gm24091,0,False
Gm24092,0,False
Gm24095,5,True
Gm24096,0,False
Gm24097,0,False
Gm24098,0,False
Gm24099,0,False
Gm24100,0,False
Gm24103,0,False
Gm24105,0,False
Gm24106,6,True
Gm24108,0,False
Gm24109,0,False
Gm24111,0,False
Gm24112,0,False
Gm24113,0,False
Gm24115,0,False
Gm24116,3,True
Gm24117,0,False
Gm24118,0,False
Gm24119,4,True
Gm24120,0,False
Gm24121,0,False
Gm24122,0,False
Gm24123,0,False
Gm24124,0,False
Gm24125,0,False
Gm24126,0,False
Gm24127,0,False
Gm24128,0,False
Gm24129,0,False
Gm24130,1,False
Gm24131,1,False
Gm24132,0,False
Gm24133,1,False
Gm24134,0,False
Gm24135,0,False
Gm24136,0,False
Gm24137,0,False
Gm24138,0,False
Gm24139,0,False
Gm24140,0,False
Gm24141,0,False
Gm24142,0,False
Gm24143,0,False
Gm24144,0,False
Gm24145,0,False
Gm24146,6,True
Gm24147,0,False
Gm24148,0,False
Gm24149,0,False
Gm2415,5,True
Gm24150,0,False
Gm24151,1,False
Gm24152,0,False
Gm24153,0,False
Gm24154,0,False
Gm24155,0,False
Gm24157,1,False
Gm24158,0,False
Gm24159,0,False
Gm24160,0,False
Gm24161,0,False
Gm24162,0,False
Gm24163,2,False
Gm24164,0,False
Gm24165,0,False
Gm24166,3,True
Gm24167,1,False
Gm24168,0,False
Gm24169,0,False
Gm24170,0,False
Gm24171,4,True
Gm24172,0,False
Gm24173,0,False
Gm24174,0,False
Gm24175,0,False
Gm24176,0,False
Gm24177,0,False
Gm24178,0,False
Gm24179,0,False
Gm24180,0,False
Gm24182,0,False
Gm24183,0,False
Gm24184,0,False
Gm24185,0,False
Gm24186,0,False
Gm24187,6,True
Gm24188,0,False
Gm24189,1,False
Gm24190,0,False
Gm24191,1,False
Gm24192,0,False
Gm24193,0,False
Gm24194,0,False
Gm24195,1,False
Gm24196,0,False
Gm24197,0,False
Gm24198,0,False
Gm24199,1,False
Gm2420,5,True
Gm24200,0,False
Gm24201,0,False
Gm24202,0,False
Gm24203,0,False
Gm24204,1,False
Gm24205,1,False
Gm24206,0,False
Gm24207,0,False
Gm24208,0,False
Gm24210,0,False
Gm24211,0,False
Gm24212,0,False
Gm24213,0,False
Gm24216,0,False
Gm24217,0,False
Gm24218,0,False
Gm24219,0,False
Gm24220,0,False
Gm24221,0,False
Gm24222,0,False
Gm24223,0,False
Gm24224,3,True
Gm24225,0,False
Gm24226,2,False
Gm24228,0,False
Gm24229,0,False
Gm2423,6,True
Gm24230,0,False
Gm24231,0,False
Gm24232,0,False
Gm24233,0,False
Gm24234,0,False
Gm24235,0,False
Gm24236,0,False
Gm24237,0,False
Gm24238,0,False
Gm24239,0,False
Gm24240,0,False
Gm24241,1,False
Gm24242,1,False
Gm24244,0,False
Gm24245,6,True
Gm24246,1,False
Gm24248,0,False
Gm24249,0,False
Gm24250,0,False
Gm24251,0,False
Gm24252,0,False
Gm24253,0,False
Gm24254,0,False
Gm24255,0,False
Gm24256,1,False
Gm24257,1,False
Gm24258,0,False
Gm24259,0,False
Gm24260,0,False
Gm24261,0,False
Gm24262,1,False
Gm24263,0,False
Gm24264,0,False
Gm24265,4,True
Gm24267,0,False
Gm24268,0,False
Gm24269,0,False
Gm2427,4,True
Gm24270,6,True
Gm24271,0,False
Gm24272,0,False
Gm24273,0,False
Gm24274,0,False
Gm24275,0,False
Gm24276,6,True
Gm24277,1,False
Gm24278,0,False
Gm24279,0,False
Gm24280,0,False
Gm24281,0,False
Gm24282,1,False
Gm24283,0,False
Gm24284,0,False
Gm24285,0,False
Gm24286,0,False
Gm24288,0,False
Gm24289,0,False
Gm2429,6,True
Gm24290,0,False
Gm24291,0,False
Gm24292,0,False
Gm24294,0,False
Gm24295,0,False
Gm24296,0,False
Gm24297,0,False
Gm24298,1,False
Gm24299,2,False
Gm24300,0,False
Gm24302,0,False
Gm24303,5,True
Gm24304,0,False
Gm24305,0,False
Gm24306,0,False
Gm24307,0,False
Gm24308,0,False
Gm2431,0,False
Gm24310,0,False
Gm24311,0,False
Gm24312,0,False
Gm24313,0,False
Gm24314,0,False
Gm24315,0,False
Gm24316,0,False
Gm24317,0,False
Gm24318,0,False
Gm24319,0,False
Gm24321,0,False
Gm24322,0,False
Gm24323,0,False
Gm24325,0,False
Gm24326,0,False
Gm24327,0,False
Gm24328,0,False
Gm24330,0,False
Gm24331,0,False
Gm24332,0,False
Gm24333,0,False
Gm24334,0,False
Gm24335,0,False
Gm24336,1,False
Gm24337,0,False
Gm24338,0,False
Gm24339,0,False
Gm24340,0,False
Gm24341,0,False
Gm24342,0,False
Gm24343,0,False
Gm24345,0,False
Gm24346,0,False
Gm24347,3,True
Gm24348,0,False
Gm24349,0,False
Gm24350,0,False
Gm24352,0,False
Gm24355,0,False
Gm24356,0,False
Gm24357,4,True
Gm24358,0,False
Gm24359,0,False
Gm24362,2,False
Gm24363,0,False
Gm24365,0,False
Gm24366,4,True
Gm24368,0,False
Gm24369,0,False
Gm24370,0,False
Gm24371,0,False
Gm24372,0,False
Gm24373,2,False
Gm24374,0,False
Gm24375,0,False
Gm24376,0,False
Gm24377,0,False
Gm24378,0,False
Gm24379,0,False
Gm24380,0,False
Gm24381,0,False
Gm24382,0,False
Gm24383,0,False
Gm24384,0,False
Gm24385,0,False
Gm24387,0,False
Gm24388,0,False
Gm24389,0,False
Gm24390,0,False
Gm24391,1,False
Gm24392,0,False
Gm24393,0,False
Gm24394,0,False
Gm24395,0,False
Gm24396,0,False
Gm24398,1,False
Gm24399,0,False
Gm24400,0,False
Gm24401,3,True
Gm24402,0,False
Gm24403,0,False
Gm24405,1,False
Gm24406,0,False
Gm24407,3,True
Gm24409,0,False
Gm24410,0,False
Gm24411,0,False
Gm24412,1,False
Gm24414,0,False
Gm24415,1,False
Gm24416,0,False
Gm24417,0,False
Gm24418,0,False
Gm24419,0,False
Gm24420,0,False
Gm24422,0,False
Gm24423,0,False
Gm24424,0,False
Gm24427,0,False
Gm24429,0,False
Gm24430,0,False
Gm24431,0,False
Gm24432,0,False
Gm24433,0,False
Gm24434,0,False
Gm24435,0,False
Gm24436,0,False
Gm24437,0,False
Gm24438,0,False
Gm24439,0,False
Gm24440,0,False
Gm24441,0,False
Gm24442,0,False
Gm24443,0,False
Gm24444,0,False
Gm24445,0,False
Gm24446,0,False
Gm24447,6,True
Gm24448,0,False
Gm24449,1,False
Gm2445,6,True
Gm24451,1,False
Gm24452,0,False
Gm24453,0,False
Gm24454,0,False
Gm24455,3,True
Gm24456,0,False
Gm24457,0,False
Gm24458,0,False
Gm24459,0,False
Gm24460,0,False
Gm24461,0,False
Gm24462,0,False
Gm24463,5,True
Gm24464,0,False
Gm24465,0,False
Gm24466,0,False
Gm24467,0,False
Gm24468,2,False
Gm24469,0,False
Gm2447,3,True
Gm24470,0,False
Gm24471,1,False
Gm24472,0,False
Gm24473,0,False
Gm24474,0,False
Gm24475,0,False
Gm24476,0,False
Gm24477,0,False
Gm24478,0,False
Gm2448,0,False
Gm24480,0,False
Gm24481,0,False
Gm24482,0,False
Gm24484,0,False
Gm24485,0,False
Gm24486,1,False
Gm24487,0,False
Gm24488,0,False
Gm2449,4,True
Gm24490,0,False
Gm24491,0,False
Gm24492,1,False
Gm24493,0,False
Gm24494,1,False
Gm24495,0,False
Gm24496,0,False
Gm24497,4,True
Gm24498,2,False
Gm24499,0,False
Gm24500,1,False
Gm24501,0,False
Gm24502,0,False
Gm24503,1,False
Gm24504,0,False
Gm24505,1,False
Gm24507,6,True
Gm24508,0,False
Gm24509,0,False
Gm2451,6,True
Gm24510,4,True
Gm24512,0,False
Gm24513,0,False
Gm24514,6,True
Gm24515,0,False
Gm24517,1,False
Gm24518,1,False
Gm24519,0,False
Gm24520,0,False
Gm24521,0,False
Gm24522,0,False
Gm24523,0,False
Gm24524,0,False
Gm24525,0,False
Gm24526,0,False
Gm24527,0,False
Gm24528,0,False
Gm2453,0,False
Gm24530,1,False
Gm24531,0,False
Gm24532,1,False
Gm24533,0,False
Gm24534,0,False
Gm24535,0,False
Gm24536,0,False
Gm24537,0,False
Gm24538,0,False
Gm24539,6,True
Gm24540,0,False
Gm24541,0,False
Gm24542,1,False
Gm24543,0,False
Gm24544,2,False
Gm24545,0,False
Gm24546,0,False
Gm24547,0,False
Gm24548,0,False
Gm24549,0,False
Gm24550,0,False
Gm24551,0,False
Gm24552,0,False
Gm24553,0,False
Gm24554,0,False
Gm24555,0,False
Gm24556,0,False
Gm24557,0,False
Gm24559,0,False
Gm24561,0,False
Gm24563,0,False
Gm24564,0,False
Gm24565,0,False
Gm24566,0,False
Gm24567,0,False
Gm24568,0,False
Gm24569,0,False
Gm24570,0,False
Gm24572,0,False
Gm24573,0,False
Gm24574,0,False
Gm24575,0,False
Gm24576,6,True
Gm24577,0,False
Gm24578,0,False
Gm24579,0,False
Gm24580,0,False
Gm24581,1,False
Gm24582,0,False
Gm24584,0,False
Gm24585,0,False
Gm24586,0,False
Gm24587,0,False
Gm24588,1,False
Gm24589,0,False
Gm24590,0,False
Gm24591,0,False
Gm24592,2,False
Gm24593,0,False
Gm24594,0,False
Gm24595,0,False
Gm24596,5,True
Gm24597,0,False
Gm24598,0,False
Gm24599,0,False
Gm24601,0,False
Gm24602,0,False
Gm24605,0,False
Gm24607,0,False
Gm24608,0,False
Gm24609,0,False
Gm24610,0,False
Gm24611,0,False
Gm24612,0,False
Gm24613,0,False
Gm24614,0,False
Gm24615,3,True
Gm24616,6,True
Gm24617,0,False
Gm24618,1,False
Gm24620,5,True
Gm24621,0,False
Gm24622,0,False
Gm24623,0,False
Gm24624,0,False
Gm24625,0,False
Gm24626,0,False
Gm24627,0,False
Gm24628,1,False
Gm24629,0,False
Gm24630,0,False
Gm24631,0,False
Gm24632,0,False
Gm24633,0,False
Gm24634,0,False
Gm24635,0,False
Gm24636,1,False
Gm24637,0,False
Gm24638,0,False
Gm24639,0,False
Gm2464,5,True
Gm24640,1,False
Gm24641,0,False
Gm24643,0,False
Gm24644,0,False
Gm24646,0,False
Gm24647,0,False
Gm24648,0,False
Gm24649,0,False
Gm24650,1,False
Gm24651,0,False
Gm24652,0,False
Gm24653,0,False
Gm24654,0,False
Gm24655,0,False
Gm24656,1,False
Gm24657,0,False
Gm24659,0,False
Gm24661,0,False
Gm24664,0,False
Gm24665,0,False
Gm24666,0,False
Gm24667,0,False
Gm24668,0,False
Gm24669,0,False
Gm2467,6,True
Gm24670,0,False
Gm24671,0,False
Gm24673,0,False
Gm24674,0,False
Gm24675,0,False
Gm24676,0,False
Gm24677,0,False
Gm24678,0,False
Gm24679,0,False
Gm24680,0,False
Gm24681,1,False
Gm24682,2,False
Gm24683,0,False
Gm24685,0,False
Gm24686,0,False
Gm24687,0,False
Gm24689,0,False
Gm24690,0,False
Gm24691,0,False
Gm24692,0,False
Gm24693,0,False
Gm24694,0,False
Gm24695,0,False
Gm24696,0,False
Gm24697,0,False
Gm24698,2,False
Gm24701,0,False
Gm24702,0,False
Gm24704,0,False
Gm24705,0,False
Gm24706,0,False
Gm24707,0,False
Gm24708,0,False
Gm24709,0,False
Gm24710,0,False
Gm24711,0,False
Gm24712,0,False
Gm24713,0,False
Gm24714,0,False
Gm24715,0,False
Gm24716,1,False
Gm24717,0,False
Gm24718,0,False
Gm24719,0,False
Gm24720,0,False
Gm24721,0,False
Gm24722,1,False
Gm24723,0,False
Gm24724,2,False
Gm24725,0,False
Gm24726,0,False
Gm24727,0,False
Gm24728,1,False
Gm24729,0,False
Gm24730,0,False
Gm24731,0,False
Gm24732,0,False
Gm24733,0,False
Gm24734,0,False
Gm24735,0,False
Gm24736,0,False
Gm24737,0,False
Gm24738,0,False
Gm24739,0,False
Gm2474,0,False
Gm24741,0,False
Gm24744,0,False
Gm24745,0,False
Gm24747,0,False
Gm24748,0,False
Gm24749,0,False
Gm24750,0,False
Gm24751,0,False
Gm24752,0,False
Gm24753,0,False
Gm24754,0,False
Gm24755,0,False
Gm24756,0,False
Gm24757,0,False
Gm24759,0,False
Gm24760,1,False
Gm24761,0,False
Gm24762,0,False
Gm24763,0,False
Gm24764,1,False
Gm24765,1,False
Gm24766,0,False
Gm24767,0,False
Gm24768,0,False
Gm24769,0,False
Gm24770,0,False
Gm24771,0,False
Gm24772,0,False
Gm24773,0,False
Gm24774,0,False
Gm24775,1,False
Gm24776,0,False
Gm24777,0,False
Gm24780,0,False
Gm24781,0,False
Gm24782,0,False
Gm24783,0,False
Gm24784,1,False
Gm24786,3,True
Gm24787,0,False
Gm24788,0,False
Gm24789,1,False
Gm2479,0,False
Gm24790,0,False
Gm24791,1,False
Gm24792,0,False
Gm24793,0,False
Gm24794,1,False
Gm24795,0,False
Gm24796,0,False
Gm24797,0,False
Gm24798,0,False
Gm24799,0,False
Gm24801,0,False
Gm24802,0,False
Gm24803,1,False
Gm24804,0,False
Gm24805,0,False
Gm24806,0,False
Gm24808,0,False
Gm24809,0,False
Gm24810,0,False
Gm24811,0,False
Gm24812,1,False
Gm24813,1,False
Gm24816,0,False
Gm24817,0,False
Gm24818,0,False
Gm24819,0,False
Gm24823,0,False
Gm24824,1,False
Gm24826,0,False
Gm24828,0,False
Gm24829,0,False
Gm24830,0,False
Gm24831,0,False
Gm24833,0,False
Gm24835,0,False
Gm24836,0,False
Gm24837,0,False
Gm24838,1,False
Gm24839,0,False
Gm24840,0,False
Gm24841,0,False
Gm24842,0,False
Gm24843,0,False
Gm24844,0,False
Gm24845,1,False
Gm24846,0,False
Gm24847,0,False
Gm24848,0,False
Gm24850,0,False
Gm24851,0,False
Gm24853,0,False
Gm24854,0,False
Gm24855,0,False
Gm24856,0,False
Gm24857,1,False
Gm24858,0,False
Gm24859,0,False
Gm24860,0,False
Gm24861,0,False
Gm24862,0,False
Gm24863,0,False
Gm24865,0,False
Gm24866,0,False
Gm24867,0,False
Gm24868,0,False
Gm24869,0,False
Gm24870,0,False
Gm24871,0,False
Gm24872,0,False
Gm24873,2,False
Gm24875,0,False
Gm24876,1,False
Gm24877,3,True
Gm24878,0,False
Gm24879,0,False
Gm24880,0,False
Gm24883,0,False
Gm24884,0,False
Gm24885,0,False
Gm24886,0,False
Gm24887,3,True
Gm24888,3,True
Gm24889,0,False
Gm24890,0,False
Gm24891,0,False
Gm24892,2,False
Gm24893,1,False
Gm24894,0,False
Gm24895,0,False
Gm24896,0,False
Gm24897,0,False
Gm24898,0,False
Gm24899,0,False
Gm24900,0,False
Gm24901,0,False
Gm24902,0,False
Gm24903,0,False
Gm24905,0,False
Gm24907,1,False
Gm24908,1,False
Gm24909,0,False
Gm24910,0,False
Gm24911,0,False
Gm24912,0,False
Gm24913,0,False
Gm24914,0,False
Gm24915,0,False
Gm24916,1,False
Gm24917,0,False
Gm24918,1,False
Gm24919,0,False
Gm24920,1,False
Gm24921,0,False
Gm24922,0,False
Gm24923,1,False
Gm24924,4,True
Gm24925,0,False
Gm24926,0,False
Gm24927,0,False
Gm24928,1,False
Gm24929,0,False
Gm24930,0,False
Gm24931,0,False
Gm24932,0,False
Gm24933,0,False
Gm24934,0,False
Gm24935,0,False
Gm24936,1,False
Gm24937,0,False
Gm24938,0,False
Gm24939,0,False
Gm24940,0,False
Gm24942,0,False
Gm24943,0,False
Gm24944,0,False
Gm24945,1,False
Gm24946,0,False
Gm24947,0,False
Gm24948,0,False
Gm24949,0,False
Gm2495,0,False
Gm24950,3,True
Gm24951,6,True
Gm24952,0,False
Gm24954,0,False
Gm24957,0,False
Gm24958,0,False
Gm24959,2,False
Gm24960,0,False
Gm24961,0,False
Gm24962,0,False
Gm24963,0,False
Gm24965,0,False
Gm24966,0,False
Gm24967,0,False
Gm24968,0,False
Gm24969,0,False
Gm2497,0,False
Gm24970,0,False
Gm24971,0,False
Gm24973,0,False
Gm24975,0,False
Gm24976,0,False
Gm24977,0,False
Gm24978,0,False
Gm24979,1,False
Gm24981,1,False
Gm24982,0,False
Gm24983,0,False
Gm24984,0,False
Gm24985,0,False
Gm24986,0,False
Gm24987,0,False
Gm24988,0,False
Gm24989,3,True
Gm24990,0,False
Gm24991,0,False
Gm24992,0,False
Gm24993,0,False
Gm24994,0,False
Gm24996,0,False
Gm24997,0,False
Gm24998,0,False
Gm24999,0,False
Gm25000,0,False
Gm25002,0,False
Gm25004,0,False
Gm25005,3,True
Gm25006,0,False
Gm25007,0,False
Gm25008,0,False
Gm25009,0,False
Gm25010,0,False
Gm25011,0,False
Gm25012,1,False
Gm25013,0,False
Gm25014,0,False
Gm25015,0,False
Gm25016,0,False
Gm25017,0,False
Gm25018,0,False
Gm25019,0,False
Gm25020,0,False
Gm25021,0,False
Gm25022,0,False
Gm25023,0,False
Gm25024,0,False
Gm25025,0,False
Gm25026,1,False
Gm25032,6,True
Gm25033,0,False
Gm25035,0,False
Gm25036,0,False
Gm25037,0,False
Gm25038,0,False
Gm25039,0,False
Gm25040,0,False
Gm25041,0,False
Gm25042,0,False
Gm25043,0,False
Gm25044,0,False
Gm25045,0,False
Gm25047,5,True
Gm25048,0,False
Gm25049,0,False
Gm2505,0,False
Gm25051,0,False
Gm25052,0,False
Gm25053,0,False
Gm25054,0,False
Gm25055,0,False
Gm25056,0,False
Gm25057,0,False
Gm25058,0,False
Gm25059,0,False
Gm25060,1,False
Gm25061,0,False
Gm25063,2,False
Gm25064,0,False
Gm25065,0,False
Gm25066,0,False
Gm25068,0,False
Gm25069,1,False
Gm25070,0,False
Gm25071,1,False
Gm25072,5,True
Gm25074,0,False
Gm25076,0,False
Gm25077,0,False
Gm25078,0,False
Gm25079,0,False
Gm25080,0,False
Gm25081,0,False
Gm25082,6,True
Gm25083,0,False
Gm25084,0,False
Gm25085,0,False
Gm25086,0,False
Gm25087,0,False
Gm25088,0,False
Gm25089,0,False
Gm25090,0,False
Gm25091,0,False
Gm25092,0,False
Gm25093,0,False
Gm25094,0,False
Gm25095,0,False
Gm25096,0,False
Gm25097,0,False
Gm25098,0,False
Gm25099,0,False
Gm25100,0,False
Gm25101,0,False
Gm25102,0,False
Gm25103,0,False
Gm25104,0,False
Gm25105,0,False
Gm25106,1,False
Gm25107,1,False
Gm25108,0,False
Gm25109,0,False
Gm2511,0,False
Gm25110,0,False
Gm25111,0,False
Gm25112,0,False
Gm25113,0,False
Gm25115,0,False
Gm25116,0,False
Gm25117,1,False
Gm25119,0,False
Gm25120,0,False
Gm25121,0,False
Gm25123,0,False
Gm25124,0,False
Gm25125,0,False
Gm25126,2,False
Gm25127,0,False
Gm25128,5,True
Gm25129,0,False
Gm25130,0,False
Gm25131,0,False
Gm25132,1,False
Gm25133,0,False
Gm25134,0,False
Gm25135,0,False
Gm25136,0,False
Gm25137,0,False
Gm25138,0,False
Gm25139,0,False
Gm25140,1,False
Gm25141,0,False
Gm25142,0,False
Gm25143,0,False
Gm25144,0,False
Gm25145,0,False
Gm25146,0,False
Gm25147,0,False
Gm25148,0,False
Gm25149,1,False
Gm25150,0,False
Gm25151,0,False
Gm25152,0,False
Gm25153,0,False
Gm25154,0,False
Gm25155,1,False
Gm25156,0,False
Gm25157,0,False
Gm25158,0,False
Gm25160,0,False
Gm25161,0,False
Gm25162,0,False
Gm25163,1,False
Gm25164,0,False
Gm25166,0,False
Gm25167,0,False
Gm25168,0,False
Gm25169,0,False
Gm25170,0,False
Gm25171,0,False
Gm25173,0,False
Gm25175,0,False
Gm25176,0,False
Gm25177,4,True
Gm25178,0,False
Gm25179,0,False
Gm25180,0,False
Gm25183,0,False
Gm25184,6,True
Gm25185,0,False
Gm25186,1,False
Gm25187,0,False
Gm25188,1,False
Gm25189,0,False
Gm25190,4,True
Gm25193,2,False
Gm25194,0,False
Gm25195,0,False
Gm25196,0,False
Gm25197,0,False
Gm25198,0,False
Gm25199,0,False
Gm25200,0,False
Gm25201,0,False
Gm25202,0,False
Gm25203,0,False
Gm25204,0,False
Gm25205,0,False
Gm25207,0,False
Gm25208,0,False
Gm25209,0,False
Gm25210,1,False
Gm25211,2,False
Gm25212,0,False
Gm25213,0,False
Gm25214,0,False
Gm25215,1,False
Gm25216,0,False
Gm25217,0,False
Gm25219,3,True
Gm2522,0,False
Gm25220,0,False
Gm25221,0,False
Gm25222,0,False
Gm25223,0,False
Gm25224,1,False
Gm25225,0,False
Gm25226,0,False
Gm25227,0,False
Gm25228,0,False
Gm25229,0,False
Gm25230,0,False
Gm25232,0,False
Gm25235,0,False
Gm25238,0,False
Gm25239,0,False
Gm25240,0,False
Gm25241,0,False
Gm25243,0,False
Gm25244,0,False
Gm25245,1,False
Gm25246,0,False
Gm25247,0,False
Gm25248,0,False
Gm25249,0,False
Gm25250,0,False
Gm25252,0,False
Gm25253,0,False
Gm25254,0,False
Gm25255,0,False
Gm25256,0,False
Gm25257,0,False
Gm25258,0,False
Gm25259,2,False
Gm25260,0,False
Gm25261,0,False
Gm25262,0,False
Gm25263,0,False
Gm25264,0,False
Gm25265,6,True
Gm25266,0,False
Gm25267,0,False
Gm25268,0,False
Gm25269,0,False
Gm25270,0,False
Gm25271,0,False
Gm25272,0,False
Gm25273,0,False
Gm25274,0,False
Gm25275,0,False
Gm25276,0,False
Gm25277,0,False
Gm25278,4,True
Gm25279,0,False
Gm25280,0,False
Gm25281,0,False
Gm25282,0,False
Gm25283,0,False
Gm25284,0,False
Gm25285,0,False
Gm25286,0,False
Gm25287,0,False
Gm25288,0,False
Gm25289,0,False
Gm25290,0,False
Gm25291,1,False
Gm25292,0,False
Gm25293,0,False
Gm25294,1,False
Gm25295,0,False
Gm25296,0,False
Gm25297,0,False
Gm25299,0,False
Gm25300,0,False
Gm25301,0,False
Gm25303,2,False
Gm25306,0,False
Gm25307,0,False
Gm25308,0,False
Gm25309,0,False
Gm2531,6,True
Gm25311,0,False
Gm25312,0,False
Gm25313,0,False
Gm25314,0,False
Gm25315,0,False
Gm25316,0,False
Gm25317,0,False
Gm25318,0,False
Gm25319,0,False
Gm25320,0,False
Gm25321,0,False
Gm25322,0,False
Gm25323,0,False
Gm25325,0,False
Gm25326,0,False
Gm25327,0,False
Gm25328,5,True
Gm25329,2,False
Gm25332,0,False
Gm25333,0,False
Gm25334,2,False
Gm25335,0,False
Gm25336,0,False
Gm25337,0,False
Gm25338,0,False
Gm25339,0,False
Gm25341,1,False
Gm25342,0,False
Gm25343,0,False
Gm25344,1,False
Gm25345,1,False
Gm25346,0,False
Gm25347,0,False
Gm25348,0,False
Gm25349,0,False
Gm25350,0,False
Gm25352,0,False
Gm25353,0,False
Gm25354,0,False
Gm25355,0,False
Gm25357,0,False
Gm25358,0,False
Gm25359,0,False
Gm25360,2,False
Gm25361,1,False
Gm25362,0,False
Gm25363,1,False
Gm25364,0,False
Gm25365,0,False
Gm25366,0,False
Gm25367,0,False
Gm25368,0,False
Gm25369,0,False
Gm25370,0,False
Gm25371,0,False
Gm25372,0,False
Gm25373,0,False
Gm25374,0,False
Gm25375,0,False
Gm25376,0,False
Gm25377,0,False
Gm25378,0,False
Gm25379,1,False
Gm25380,0,False
Gm25381,0,False
Gm25382,0,False
Gm25383,0,False
Gm25384,0,False
Gm25386,0,False
Gm25387,0,False
Gm25388,0,False
Gm25389,0,False
Gm2539,0,False
Gm25390,0,False
Gm25391,0,False
Gm25392,0,False
Gm25393,0,False
Gm25394,0,False
Gm25395,5,True
Gm25396,0,False
Gm25397,0,False
Gm25399,0,False
Gm25401,0,False
Gm25402,0,False
Gm25403,0,False
Gm25404,0,False
Gm25405,0,False
Gm25406,0,False
Gm25407,0,False
Gm25408,0,False
Gm25409,0,False
Gm2541,6,True
Gm25410,3,True
Gm25411,1,False
Gm25412,0,False
Gm25413,0,False
Gm25414,0,False
Gm25415,0,False
Gm25416,0,False
Gm25417,0,False
Gm25418,0,False
Gm25419,0,False
Gm25420,1,False
Gm25421,0,False
Gm25422,0,False
Gm25423,0,False
Gm25424,0,False
Gm25425,0,False
Gm25426,0,False
Gm25427,0,False
Gm25428,0,False
Gm25429,0,False
Gm25430,0,False
Gm25431,0,False
Gm25432,2,False
Gm25433,0,False
Gm25434,1,False
Gm25435,0,False
Gm25436,0,False
Gm25437,0,False
Gm25438,1,False
Gm25439,0,False
Gm25440,0,False
Gm25442,1,False
Gm25443,0,False
Gm25444,0,False
Gm25445,1,False
Gm25447,0,False
Gm25448,1,False
Gm25449,0,False
Gm25450,0,False
Gm25451,0,False
Gm25452,0,False
Gm25453,0,False
Gm25454,0,False
Gm25455,0,False
Gm25456,0,False
Gm25457,0,False
Gm25458,0,False
Gm25459,0,False
Gm2546,6,True
Gm25460,0,False
Gm25461,0,False
Gm25462,0,False
Gm25463,0,False
Gm25464,1,False
Gm25465,0,False
Gm25466,0,False
Gm25470,0,False
Gm25471,0,False
Gm25472,0,False
Gm25473,0,False
Gm25474,0,False
Gm25475,0,False
Gm25476,0,False
Gm25480,0,False
Gm25481,0,False
Gm25482,1,False
Gm25483,0,False
Gm25484,0,False
Gm25485,0,False
Gm25486,0,False
Gm25487,0,False
Gm25488,0,False
Gm25489,0,False
Gm25490,0,False
Gm25491,0,False
Gm25492,3,True
Gm25493,0,False
Gm25494,0,False
Gm25495,0,False
Gm25496,0,False
Gm25497,0,False
Gm25498,0,False
Gm25499,0,False
Gm25500,0,False
Gm25501,1,False
Gm25502,0,False
Gm25505,0,False
Gm25506,0,False
Gm25507,0,False
Gm25509,0,False
Gm25510,0,False
Gm25512,0,False
Gm25513,0,False
Gm25514,0,False
Gm25515,0,False
Gm25516,0,False
Gm25517,2,False
Gm25518,0,False
Gm25519,0,False
Gm25520,1,False
Gm25521,0,False
Gm25522,0,False
Gm25523,0,False
Gm25524,0,False
Gm25525,0,False
Gm25526,0,False
Gm25528,0,False
Gm25529,0,False
Gm25533,0,False
Gm25534,3,True
Gm25535,5,True
Gm25537,0,False
Gm25538,1,False
Gm25539,0,False
Gm25540,0,False
Gm25541,2,False
Gm25542,0,False
Gm25543,0,False
Gm25544,1,False
Gm25545,0,False
Gm25546,0,False
Gm25547,0,False
Gm25548,0,False
Gm25549,0,False
Gm25550,0,False
Gm25551,0,False
Gm25552,0,False
Gm25553,0,False
Gm25554,0,False
Gm25555,0,False
Gm25556,0,False
Gm25557,0,False
Gm25558,0,False
Gm25559,0,False
Gm25560,0,False
Gm25561,1,False
Gm25562,0,False
Gm25563,0,False
Gm25564,0,False
Gm25565,0,False
Gm25569,0,False
Gm25570,0,False
Gm25571,0,False
Gm25572,0,False
Gm25574,0,False
Gm25577,0,False
Gm25578,0,False
Gm25579,0,False
Gm25580,0,False
Gm25581,0,False
Gm25582,0,False
Gm25583,0,False
Gm25585,0,False
Gm25586,0,False
Gm25587,0,False
Gm25588,1,False
Gm25589,0,False
Gm2559,0,False
Gm25591,0,False
Gm25592,0,False
Gm25593,0,False
Gm25594,0,False
Gm25595,0,False
Gm25596,1,False
Gm25597,0,False
Gm25598,0,False
Gm25599,1,False
Gm25600,0,False
Gm25601,0,False
Gm25602,0,False
Gm25603,0,False
Gm25604,1,False
Gm25605,0,False
Gm25606,0,False
Gm25607,0,False
Gm25608,0,False
Gm25609,0,False
Gm25610,0,False
Gm25611,0,False
Gm25612,0,False
Gm25613,0,False
Gm25614,0,False
Gm25615,0,False
Gm25617,0,False
Gm25618,2,False
Gm25619,0,False
Gm25621,0,False
Gm25622,0,False
Gm25623,0,False
Gm25624,0,False
Gm25625,0,False
Gm25626,0,False
Gm25627,0,False
Gm25628,0,False
Gm25629,0,False
Gm25630,0,False
Gm25631,0,False
Gm25632,0,False
Gm25633,0,False
Gm25634,0,False
Gm25635,0,False
Gm25636,1,False
Gm25637,0,False
Gm2564,1,False
Gm25640,0,False
Gm25641,5,True
Gm25642,0,False
Gm25643,1,False
Gm25644,0,False
Gm25646,0,False
Gm25647,0,False
Gm25648,0,False
Gm25649,0,False
Gm25650,0,False
Gm25651,0,False
Gm25652,0,False
Gm25653,0,False
Gm25654,0,False
Gm25655,0,False
Gm25656,0,False
Gm25657,0,False
Gm25658,0,False
Gm25659,0,False
Gm2566,0,False
Gm25660,0,False
Gm25661,0,False
Gm25663,0,False
Gm25664,0,False
Gm25665,0,False
Gm25666,0,False
Gm25667,0,False
Gm25668,0,False
Gm25669,0,False
Gm25670,0,False
Gm25671,0,False
Gm25672,0,False
Gm25673,0,False
Gm25675,0,False
Gm25677,0,False
Gm25678,0,False
Gm25679,1,False
Gm2568,0,False
Gm25680,0,False
Gm25681,1,False
Gm25682,0,False
Gm25683,0,False
Gm25684,0,False
Gm25687,0,False
Gm25690,0,False
Gm25692,0,False
Gm25693,0,False
Gm25694,4,True
Gm25696,0,False
Gm25697,0,False
Gm25698,0,False
Gm25699,0,False
Gm25700,0,False
Gm25701,0,False
Gm25702,0,False
Gm25703,0,False
Gm25704,0,False
Gm25705,0,False
Gm25706,0,False
Gm25707,0,False
Gm25708,0,False
Gm25709,0,False
Gm25710,0,False
Gm25711,0,False
Gm25712,0,False
Gm25713,1,False
Gm25714,0,False
Gm25715,0,False
Gm25716,1,False
Gm25717,0,False
Gm25718,0,False
Gm25720,0,False
Gm25721,0,False
Gm25722,0,False
Gm25723,0,False
Gm25724,0,False
Gm25725,0,False
Gm25726,0,False
Gm25727,0,False
Gm25728,0,False
Gm25729,0,False
Gm25730,1,False
Gm25731,6,True
Gm25732,0,False
Gm25735,0,False
Gm25736,0,False
Gm25737,0,False
Gm25739,1,False
Gm2574,6,True
Gm25740,0,False
Gm25741,0,False
Gm25742,0,False
Gm25744,0,False
Gm25745,0,False
Gm25747,0,False
Gm25748,0,False
Gm25749,0,False
Gm25750,0,False
Gm25753,0,False
Gm25754,0,False
Gm25755,0,False
Gm25756,0,False
Gm25757,0,False
Gm25758,0,False
Gm25759,0,False
Gm25760,0,False
Gm25761,0,False
Gm25762,0,False
Gm25763,0,False
Gm25764,0,False
Gm25765,0,False
Gm25766,0,False
Gm25767,0,False
Gm25768,0,False
Gm25769,0,False
Gm25770,0,False
Gm25771,0,False
Gm25772,0,False
Gm25773,0,False
Gm25774,0,False
Gm25775,0,False
Gm25776,0,False
Gm25777,3,True
Gm25778,0,False
Gm25779,0,False
Gm25780,0,False
Gm25781,0,False
Gm25782,0,False
Gm25783,0,False
Gm25784,0,False
Gm25785,0,False
Gm25787,0,False
Gm25788,0,False
Gm25789,0,False
Gm25790,0,False
Gm25791,0,False
Gm25792,0,False
Gm25793,0,False
Gm25794,0,False
Gm25795,0,False
Gm25796,0,False
Gm25797,0,False
Gm25798,0,False
Gm25799,0,False
Gm25800,0,False
Gm25801,0,False
Gm25802,0,False
Gm25803,0,False
Gm25804,0,False
Gm25805,0,False
Gm25806,0,False
Gm25807,0,False
Gm25808,0,False
Gm25809,0,False
Gm25810,1,False
Gm25811,0,False
Gm25812,0,False
Gm25813,1,False
Gm25814,0,False
Gm25815,0,False
Gm25816,0,False
Gm25817,0,False
Gm25818,0,False
Gm25819,0,False
Gm25820,0,False
Gm25821,3,True
Gm25823,0,False
Gm25824,0,False
Gm25825,0,False
Gm25826,1,False
Gm25827,0,False
Gm25828,0,False
Gm25829,0,False
Gm25830,0,False
Gm25831,0,False
Gm25832,0,False
Gm25833,0,False
Gm25834,0,False
Gm25835,2,False
Gm25836,0,False
Gm25837,2,False
Gm25838,0,False
Gm25839,0,False
Gm25840,0,False
Gm25842,0,False
Gm25843,0,False
Gm25844,0,False
Gm25845,0,False
Gm25846,0,False
Gm25847,0,False
Gm25848,0,False
Gm25851,0,False
Gm25852,0,False
Gm25853,0,False
Gm25854,0,False
Gm25855,0,False
Gm25856,0,False
Gm25857,0,False
Gm25859,0,False
Gm25860,0,False
Gm25861,0,False
Gm25862,1,False
Gm25863,0,False
Gm25864,0,False
Gm25865,0,False
Gm25866,0,False
Gm25867,0,False
Gm25868,0,False
Gm25869,0,False
Gm25870,0,False
Gm25871,0,False
Gm25872,0,False
Gm25873,5,True
Gm25874,0,False
Gm25875,0,False
Gm25876,0,False
Gm25877,0,False
Gm25878,0,False
Gm25879,0,False
Gm25880,0,False
Gm25881,0,False
Gm25882,0,False
Gm25883,0,False
Gm25884,0,False
Gm25885,6,True
Gm25886,0,False
Gm25887,0,False
Gm25888,0,False
Gm25889,0,False
Gm25890,0,False
Gm25891,0,False
Gm25892,0,False
Gm25894,0,False
Gm25895,0,False
Gm25896,0,False
Gm25897,1,False
Gm25898,0,False
Gm25899,0,False
Gm25901,0,False
Gm25902,1,False
Gm25903,0,False
Gm25904,1,False
Gm25905,0,False
Gm25906,0,False
Gm25907,0,False
Gm25908,0,False
Gm25909,4,True
Gm25910,0,False
Gm25911,6,True
Gm25913,0,False
Gm25914,0,False
Gm25915,0,False
Gm25916,0,False
Gm25917,0,False
Gm25918,0,False
Gm25919,0,False
Gm25920,0,False
Gm25921,0,False
Gm25922,0,False
Gm25923,1,False
Gm25924,0,False
Gm25925,0,False
Gm25926,2,False
Gm25927,0,False
Gm25929,0,False
Gm25930,0,False
Gm25931,0,False
Gm25933,0,False
Gm25934,0,False
Gm25935,0,False
Gm25936,0,False
Gm25937,0,False
Gm25938,0,False
Gm25939,1,False
Gm25942,0,False
Gm25943,0,False
Gm25944,0,False
Gm25945,0,False
Gm25947,0,False
Gm25948,0,False
Gm25949,0,False
Gm25950,0,False
Gm25951,0,False
Gm25952,0,False
Gm25953,0,False
Gm25956,0,False
Gm25958,1,False
Gm25959,0,False
Gm25960,0,False
Gm25961,0,False
Gm25962,0,False
Gm25964,0,False
Gm25965,1,False
Gm25966,0,False
Gm25967,0,False
Gm25968,0,False
Gm25969,0,False
Gm25970,0,False
Gm25971,0,False
Gm25972,0,False
Gm25973,0,False
Gm25974,0,False
Gm25975,1,False
Gm25976,0,False
Gm25977,0,False
Gm25978,0,False
Gm25979,0,False
Gm25980,0,False
Gm25981,0,False
Gm25982,0,False
Gm25984,0,False
Gm25985,0,False
Gm25986,0,False
Gm25987,0,False
Gm25988,0,False
Gm25989,0,False
Gm25990,0,False
Gm25991,0,False
Gm25992,0,False
Gm25993,0,False
Gm25994,0,False
Gm25995,0,False
Gm25996,0,False
Gm25998,0,False
Gm25999,0,False
Gm26000,0,False
Gm26001,0,False
Gm26002,0,False
Gm26003,0,False
Gm26004,0,False
Gm26005,0,False
Gm26006,0,False
Gm26007,0,False
Gm26008,0,False
Gm26011,0,False
Gm26012,0,False
Gm26013,0,False
Gm26014,0,False
Gm26015,0,False
Gm26016,0,False
Gm26017,0,False
Gm26018,0,False
Gm26019,0,False
Gm2602,0,False
Gm26020,0,False
Gm26021,0,False
Gm26022,0,False
Gm26023,0,False
Gm26024,0,False
Gm26025,0,False
Gm26026,0,False
Gm26027,0,False
Gm26028,0,False
Gm26029,0,False
Gm26032,0,False
Gm26034,0,False
Gm26035,6,True
Gm26036,0,False
Gm26037,0,False
Gm26038,0,False
Gm26039,1,False
Gm26040,0,False
Gm26041,0,False
Gm26042,0,False
Gm26043,0,False
Gm26044,0,False
Gm26045,0,False
Gm26046,0,False
Gm26047,1,False
Gm26048,0,False
Gm26049,6,True
Gm26050,2,False
Gm26051,0,False
Gm26052,0,False
Gm26054,0,False
Gm26055,0,False
Gm26056,0,False
Gm26057,0,False
Gm26058,0,False
Gm26059,0,False
Gm2606,6,True
Gm26060,0,False
Gm26061,0,False
Gm26062,0,False
Gm26063,0,False
Gm26064,0,False
Gm26065,0,False
Gm26066,0,False
Gm26067,0,False
Gm26069,0,False
Gm26070,2,False
Gm26071,0,False
Gm26072,0,False
Gm26073,0,False
Gm26074,0,False
Gm26075,0,False
Gm26076,0,False
Gm26077,0,False
Gm26078,0,False
Gm26079,0,False
Gm26080,0,False
Gm26081,0,False
Gm26082,0,False
Gm26083,0,False
Gm26084,0,False
Gm26085,0,False
Gm26086,0,False
Gm26087,0,False
Gm26088,0,False
Gm26089,0,False
Gm26090,1,False
Gm26091,0,False
Gm26092,0,False
Gm26095,0,False
Gm26096,0,False
Gm26097,0,False
Gm26098,0,False
Gm26099,0,False
Gm26100,0,False
Gm26101,0,False
Gm26102,2,False
Gm26103,0,False
Gm26104,0,False
Gm26105,0,False
Gm26106,0,False
Gm26107,0,False
Gm26108,0,False
Gm26109,0,False
Gm26110,0,False
Gm26111,0,False
Gm26113,0,False
Gm26115,0,False
Gm26116,0,False
Gm26117,0,False
Gm26119,0,False
Gm26121,0,False
Gm26122,0,False
Gm26123,0,False
Gm26124,0,False
Gm26125,1,False
Gm26126,0,False
Gm26127,0,False
Gm26128,0,False
Gm26129,0,False
Gm26130,0,False
Gm26131,0,False
Gm26132,1,False
Gm26133,0,False
Gm26134,0,False
Gm26135,0,False
Gm26137,0,False
Gm26138,0,False
Gm26139,0,False
Gm26140,0,False
Gm26141,0,False
Gm26143,0,False
Gm26144,0,False
Gm26145,0,False
Gm26146,0,False
Gm26147,0,False
Gm26148,0,False
Gm26149,0,False
Gm26150,0,False
Gm26151,0,False
Gm26152,0,False
Gm26153,0,False
Gm26154,0,False
Gm26156,0,False
Gm26157,1,False
Gm26158,0,False
Gm26159,0,False
Gm26160,1,False
Gm26162,0,False
Gm26163,0,False
Gm26164,0,False
Gm26165,0,False
Gm26166,0,False
Gm26167,0,False
Gm26168,0,False
Gm26169,0,False
Gm2617,1,False
Gm26170,0,False
Gm26171,0,False
Gm26172,0,False
Gm26173,0,False
Gm26174,0,False
Gm26175,1,False
Gm26176,0,False
Gm26177,0,False
Gm26178,0,False
Gm26179,0,False
Gm26180,2,False
Gm26181,0,False
Gm26182,0,False
Gm26183,0,False
Gm26184,0,False
Gm26185,0,False
Gm26186,0,False
Gm26187,0,False
Gm26188,0,False
Gm26189,3,True
Gm2619,1,False
Gm26190,0,False
Gm26194,0,False
Gm26195,0,False
Gm26197,0,False
Gm26200,0,False
Gm26201,0,False
Gm26202,1,False
Gm26203,1,False
Gm26204,0,False
Gm26205,0,False
Gm26206,0,False
Gm26207,0,False
Gm26208,0,False
Gm26209,0,False
Gm26210,0,False
Gm26211,0,False
Gm26213,0,False
Gm26214,0,False
Gm26215,0,False
Gm26216,0,False
Gm26217,0,False
Gm26219,0,False
Gm2622,6,True
Gm26220,0,False
Gm26224,0,False
Gm26225,0,False
Gm26226,0,False
Gm26227,0,False
Gm26228,0,False
Gm26229,0,False
Gm2623,1,False
Gm26230,0,False
Gm26231,0,False
Gm26232,0,False
Gm26233,1,False
Gm26235,0,False
Gm26236,0,False
Gm26237,6,True
Gm26238,0,False
Gm26239,0,False
Gm26240,0,False
Gm26241,0,False
Gm26243,1,False
Gm26244,0,False
Gm26245,0,False
Gm26246,0,False
Gm26247,0,False
Gm26248,0,False
Gm26249,0,False
Gm26250,0,False
Gm26251,0,False
Gm26252,0,False
Gm26253,0,False
Gm26254,1,False
Gm26255,0,False
Gm26256,0,False
Gm26257,0,False
Gm26259,0,False
Gm26262,1,False
Gm26263,0,False
Gm26264,0,False
Gm26265,0,False
Gm26268,2,False
Gm26269,0,False
Gm26270,0,False
Gm26271,0,False
Gm26272,0,False
Gm26273,0,False
Gm26274,0,False
Gm26275,0,False
Gm26276,0,False
Gm26277,0,False
Gm26278,0,False
Gm26279,0,False
Gm26280,0,False
Gm26283,0,False
Gm26284,0,False
Gm26285,0,False
Gm26286,0,False
Gm26287,0,False
Gm26288,0,False
Gm26289,0,False
Gm26290,0,False
Gm26291,0,False
Gm26293,0,False
Gm26295,0,False
Gm26296,0,False
Gm26297,0,False
Gm26298,0,False
Gm26300,0,False
Gm26301,0,False
Gm26302,0,False
Gm26303,0,False
Gm26306,0,False
Gm26307,0,False
Gm26308,0,False
Gm26310,0,False
Gm26311,0,False
Gm26312,0,False
Gm26313,0,False
Gm26314,0,False
Gm26315,6,True
Gm26316,4,True
Gm26317,1,False
Gm26318,0,False
Gm26320,0,False
Gm26321,0,False
Gm26323,0,False
Gm26324,0,False
Gm26325,0,False
Gm26326,0,False
Gm26327,1,False
Gm26328,0,False
Gm26329,0,False
Gm26330,0,False
Gm26331,0,False
Gm26332,0,False
Gm26334,0,False
Gm26335,1,False
Gm26336,0,False
Gm26337,0,False
Gm26338,0,False
Gm26339,0,False
Gm26340,6,True
Gm26341,0,False
Gm26342,0,False
Gm26343,0,False
Gm26344,0,False
Gm26345,1,False
Gm26346,0,False
Gm26347,1,False
Gm26348,1,False
Gm26349,1,False
Gm2635,2,False
Gm26350,0,False
Gm26351,0,False
Gm26352,0,False
Gm26353,1,False
Gm26354,0,False
Gm26355,1,False
Gm26356,0,False
Gm26357,0,False
Gm26358,0,False
Gm26359,1,False
Gm26360,0,False
Gm26361,0,False
Gm26362,0,False
Gm26363,0,False
Gm26365,1,False
Gm26366,0,False
Gm26367,1,False
Gm26368,0,False
Gm26369,0,False
Gm26371,0,False
Gm26372,0,False
Gm26373,0,False
Gm26374,0,False
Gm26375,0,False
Gm26376,1,False
Gm26377,0,False
Gm26378,0,False
Gm26379,0,False
Gm26381,1,False
Gm26384,6,True
Gm26386,0,False
Gm26387,3,True
Gm26389,0,False
Gm2639,0,False
Gm26390,0,False
Gm26391,0,False
Gm26392,0,False
Gm26393,0,False
Gm26394,0,False
Gm26395,0,False
Gm26396,0,False
Gm26397,0,False
Gm26398,0,False
Gm26399,0,False
Gm26400,0,False
Gm26401,0,False
Gm26402,0,False
Gm26403,1,False
Gm26404,0,False
Gm26405,0,False
Gm26406,0,False
Gm26407,0,False
Gm26408,1,False
Gm26409,0,False
Gm26410,0,False
Gm26411,0,False
Gm26412,0,False
Gm26413,0,False
Gm26414,0,False
Gm26415,1,False
Gm26416,0,False
Gm26417,0,False
Gm26418,0,False
Gm26419,1,False
Gm26420,0,False
Gm26421,0,False
Gm26422,0,False
Gm26423,0,False
Gm26424,0,False
Gm26425,0,False
Gm26426,0,False
Gm26427,0,False
Gm26429,0,False
Gm26430,0,False
Gm26431,0,False
Gm26432,0,False
Gm26433,0,False
Gm26434,0,False
Gm26435,0,False
Gm26436,0,False
Gm26437,0,False
Gm26438,0,False
Gm26439,0,False
Gm26440,2,False
Gm26441,0,False
Gm26442,0,False
Gm26443,0,False
Gm26444,1,False
Gm26445,6,True
Gm26446,1,False
Gm26447,0,False
Gm26448,0,False
Gm26449,0,False
Gm26454,0,False
Gm26455,0,False
Gm26456,2,False
Gm26457,1,False
Gm26458,0,False
Gm26460,0,False
Gm26461,6,True
Gm26463,0,False
Gm26464,0,False
Gm26465,0,False
Gm26466,0,False
Gm26467,0,False
Gm26468,0,False
Gm26469,0,False
Gm26472,0,False
Gm26473,0,False
Gm26474,0,False
Gm26475,0,False
Gm26476,0,False
Gm26477,0,False
Gm26478,0,False
Gm26479,0,False
Gm26480,0,False
Gm26482,0,False
Gm26483,0,False
Gm26484,0,False
Gm26485,0,False
Gm26486,0,False
Gm26487,0,False
Gm26488,0,False
Gm26489,0,False
Gm26490,4,True
Gm26491,0,False
Gm26493,1,False
Gm26494,0,False
Gm26495,0,False
Gm26496,1,False
Gm26497,0,False
Gm26498,0,False
Gm26499,0,False
Gm26500,1,False
Gm26501,0,False
Gm26502,0,False
Gm26504,0,False
Gm26505,0,False
Gm26506,0,False
Gm26507,1,False
Gm26508,0,False
Gm26509,1,False
Gm2651,1,False
Gm26510,2,False
Gm26511,1,False
Gm26512,6,True
Gm26513,3,True
Gm26514,4,True
Gm26515,2,False
Gm26516,1,False
Gm26517,0,False
Gm26518,6,True
Gm26519,2,False
Gm26520,0,False
Gm26521,2,False
Gm26522,1,False
Gm26523,6,True
Gm26524,6,True
Gm26525,5,True
Gm26526,6,True
Gm26527,0,False
Gm26528,6,True
Gm26530,6,True
Gm26531,0,False
Gm26532,6,True
Gm26533,6,True
Gm26534,6,True
Gm26535,0,False
Gm26536,1,False
Gm26537,2,False
Gm26538,5,True
Gm26540,0,False
Gm26541,6,True
Gm26542,5,True
Gm26543,1,False
Gm26544,0,False
Gm26545,1,False
Gm26546,1,False
Gm26547,3,True
Gm26548,1,False
Gm26549,6,True
Gm26550,0,False
Gm26551,3,True
Gm26552,0,False
Gm26553,0,False
Gm26554,0,False
Gm26555,2,False
Gm26556,2,False
Gm26557,0,False
Gm26558,6,True
Gm26559,4,True
Gm26560,1,False
Gm26561,6,True
Gm26562,1,False
Gm26563,6,True
Gm26564,6,True
Gm26565,2,False
Gm26566,0,False
Gm26567,0,False
Gm26568,0,False
Gm26569,1,False
Gm26570,0,False
Gm26571,0,False
Gm26573,2,False
Gm26574,2,False
Gm26575,6,True
Gm26576,1,False
Gm26577,0,False
Gm26578,0,False
Gm26579,0,False
Gm26580,5,True
Gm26581,2,False
Gm26582,6,True
Gm26583,2,False
Gm26584,5,True
Gm26585,6,True
Gm26586,2,False
Gm26587,1,False
Gm26588,6,True
Gm26590,2,False
Gm26592,1,False
Gm26593,0,False
Gm26594,1,False
Gm26595,0,False
Gm26596,6,True
Gm26597,0,False
Gm26599,0,False
Gm266,6,True
Gm26600,1,False
Gm26601,5,True
Gm26602,4,True
Gm26603,6,True
Gm26604,5,True
Gm26606,5,True
Gm26607,0,False
Gm26608,2,False
Gm26609,1,False
Gm26610,5,True
Gm26611,2,False
Gm26612,0,False
Gm26613,6,True
Gm26614,4,True
Gm26615,1,False
Gm26616,2,False
Gm26617,6,True
Gm26618,6,True
Gm26619,6,True
Gm26620,6,True
Gm26621,5,True
Gm26622,1,False
Gm26623,6,True
Gm26624,6,True
Gm26625,6,True
Gm26626,0,False
Gm26627,0,False
Gm26628,2,False
Gm26629,3,True
Gm2663,0,False
Gm26630,2,False
Gm26631,6,True
Gm26632,0,False
Gm26633,3,True
Gm26634,2,False
Gm26635,1,False
Gm26636,6,True
Gm26637,5,True
Gm26638,2,False
Gm26639,1,False
Gm26640,0,False
Gm26641,0,False
Gm26642,6,True
Gm26643,1,False
Gm26644,2,False
Gm26645,4,True
Gm26646,2,False
Gm26647,4,True
Gm26648,6,True
Gm26649,0,False
Gm26650,1,False
Gm26651,0,False
Gm26652,3,True
Gm26653,2,False
Gm26654,0,False
Gm26655,1,False
Gm26656,4,True
Gm26657,0,False
Gm26658,1,False
Gm26659,1,False
Gm2666,3,True
Gm26660,3,True
Gm26661,0,False
Gm26662,0,False
Gm26663,0,False
Gm26664,3,True
Gm26665,1,False
Gm26666,1,False
Gm26668,6,True
Gm26669,6,True
Gm26670,4,True
Gm26671,5,True
Gm26672,5,True
Gm26673,2,False
Gm26674,5,True
Gm26675,0,False
Gm26676,1,False
Gm26677,0,False
Gm26678,0,False
Gm26679,5,True
Gm26680,1,False
Gm26681,2,False
Gm26682,5,True
Gm26683,5,True
Gm26684,0,False
Gm26685,0,False
Gm26686,1,False
Gm26688,0,False
Gm26689,0,False
Gm26690,0,False
Gm26691,5,True
Gm26692,1,False
Gm26693,1,False
Gm26694,6,True
Gm26695,0,False
Gm26696,1,False
Gm26697,2,False
Gm26698,0,False
Gm26699,0,False
Gm2670,1,False
Gm26700,3,True
Gm26701,0,False
Gm26702,0,False
Gm26703,6,True
Gm26704,4,True
Gm26705,0,False
Gm26706,0,False
Gm26707,6,True
Gm26708,2,False
Gm26709,0,False
Gm26710,5,True
Gm26711,5,True
Gm26712,0,False
Gm26713,0,False
Gm26714,3,True
Gm26715,1,False
Gm26716,0,False
Gm26717,0,False
Gm26718,0,False
Gm26719,4,True
Gm26720,0,False
Gm26721,6,True
Gm26722,1,False
Gm26723,6,True
Gm26724,5,True
Gm26725,0,False
Gm26726,0,False
Gm26727,0,False
Gm26728,6,True
Gm26729,0,False
Gm2673,0,False
Gm26730,0,False
Gm26731,0,False
Gm26732,1,False
Gm26733,4,True
Gm26734,4,True
Gm26735,0,False
Gm26736,0,False
Gm26737,6,True
Gm26738,1,False
Gm26739,1,False
Gm26740,2,False
Gm26741,0,False
Gm26742,6,True
Gm26743,6,True
Gm26744,0,False
Gm26745,1,False
Gm26746,0,False
Gm26747,2,False
Gm26748,1,False
Gm26749,4,True
Gm26750,6,True
Gm26751,0,False
Gm26752,4,True
Gm26753,2,False
Gm26754,0,False
Gm26755,1,False
Gm26756,1,False
Gm26759,0,False
Gm2676,6,True
Gm26760,4,True
Gm26761,0,False
Gm26762,6,True
Gm26763,2,False
Gm26764,5,True
Gm26765,2,False
Gm26766,2,False
Gm26767,5,True
Gm26768,3,True
Gm26769,0,False
Gm26770,2,False
Gm26771,3,True
Gm26772,6,True
Gm26773,5,True
Gm26774,1,False
Gm26775,6,True
Gm26776,0,False
Gm26777,6,True
Gm26778,0,False
Gm26779,2,False
Gm26780,2,False
Gm26781,4,True
Gm26782,6,True
Gm26783,0,False
Gm26784,0,False
Gm26785,5,True
Gm26786,6,True
Gm26787,1,False
Gm26788,6,True
Gm26789,6,True
Gm26790,0,False
Gm26791,1,False
Gm26792,6,True
Gm26793,2,False
Gm26794,3,True
Gm26795,0,False
Gm26796,1,False
Gm26797,6,True
Gm26798,6,True
Gm26799,3,True
Gm26800,1,False
Gm26801,3,True
Gm26802,2,False
Gm26803,6,True
Gm26804,6,True
Gm26805,1,False
Gm26806,2,False
Gm26807,4,True
Gm26808,6,True
Gm26809,6,True
Gm26810,1,False
Gm26811,5,True
Gm26812,0,False
Gm26813,1,False
Gm26814,6,True
Gm26815,6,True
Gm26816,5,True
Gm26817,0,False
Gm26818,1,False
Gm26819,6,True
Gm26820,1,False
Gm26821,0,False
Gm26822,2,False
Gm26823,6,True
Gm26824,1,False
Gm26825,6,True
Gm26826,1,False
Gm26827,0,False
Gm26828,0,False
Gm26829,2,False
Gm26830,0,False
Gm26831,4,True
Gm26832,0,False
Gm26833,2,False
Gm26834,2,False
Gm26835,3,True
Gm26836,3,True
Gm26837,0,False
Gm26838,1,False
Gm26839,1,False
Gm26840,5,True
Gm26841,6,True
Gm26843,6,True
Gm26844,0,False
Gm26846,6,True
Gm26847,1,False
Gm26848,6,True
Gm26849,2,False
Gm26850,5,True
Gm26851,0,False
Gm26852,6,True
Gm26853,6,True
Gm26854,0,False
Gm26856,0,False
Gm26857,5,True
Gm26858,0,False
Gm26859,1,False
Gm26860,4,True
Gm26861,1,False
Gm26862,5,True
Gm26863,0,False
Gm26864,0,False
Gm26865,6,True
Gm26866,1,False
Gm26867,5,True
Gm26868,2,False
Gm26869,5,True
Gm26870,6,True
Gm26871,6,True
Gm26872,0,False
Gm26873,6,True
Gm26874,3,True
Gm26875,0,False
Gm26876,4,True
Gm26877,0,False
Gm26878,1,False
Gm26879,2,False
Gm26880,6,True
Gm26881,6,True
Gm26882,4,True
Gm26883,0,False
Gm26884,5,True
Gm26885,2,False
Gm26886,0,False
Gm26887,0,False
Gm26888,2,False
Gm26889,0,False
Gm26890,6,True
Gm26891,3,True
Gm26892,0,False
Gm26893,0,False
Gm26894,4,True
Gm26895,0,False
Gm26896,5,True
Gm26897,0,False
Gm26898,0,False
Gm26899,0,False
Gm26901,5,True
Gm26902,2,False
Gm26903,3,True
Gm26904,1,False
Gm26905,5,True
Gm26906,0,False
Gm26907,0,False
Gm26908,5,True
Gm26909,6,True
Gm2691,0,False
Gm26910,6,True
Gm26911,1,False
Gm26912,0,False
Gm26913,0,False
Gm26914,0,False
Gm26915,0,False
Gm26916,0,False
Gm26917,6,True
Gm26918,1,False
Gm26920,0,False
Gm26922,0,False
Gm26923,0,False
Gm26925,1,False
Gm26927,2,False
Gm26928,1,False
Gm26929,1,False
Gm2693,6,True
Gm26930,4,True
Gm26931,2,False
Gm26933,0,False
Gm26935,6,True
Gm26936,0,False
Gm26937,0,False
Gm26938,0,False
Gm26939,0,False
Gm2694,6,True
Gm26940,0,False
Gm26942,0,False
Gm26943,0,False
Gm26944,5,True
Gm26945,5,True
Gm26947,4,True
Gm26950,0,False
Gm26952,3,True
Gm26953,0,False
Gm26954,2,False
Gm26956,2,False
Gm26957,1,False
Gm26959,0,False
Gm2696,0,False
Gm26960,0,False
Gm26962,0,False
Gm26963,0,False
Gm26964,0,False
Gm26965,0,False
Gm26967,0,False
Gm26968,0,False
Gm26969,0,False
Gm26970,0,False
Gm26971,1,False
Gm26972,0,False
Gm26973,0,False
Gm26974,2,False
Gm26976,1,False
Gm26977,1,False
Gm26978,0,False
Gm26979,0,False
Gm26980,6,True
Gm26981,6,True
Gm26982,2,False
Gm26983,6,True
Gm26984,1,False
Gm26988,0,False
Gm26989,0,False
Gm26991,0,False
Gm26992,0,False
Gm26993,0,False
Gm26994,0,False
Gm26995,1,False
Gm26996,0,False
Gm26999,0,False
Gm27000,6,True
Gm27001,0,False
Gm27002,0,False
Gm27003,5,True
Gm27004,0,False
Gm27005,0,False
Gm27006,1,False
Gm27007,0,False
Gm27008,0,False
Gm27010,6,True
Gm27011,0,False
Gm27013,0,False
Gm27014,1,False
Gm27016,0,False
Gm27017,4,True
Gm27018,6,True
Gm27019,2,False
Gm27021,0,False
Gm27022,0,False
Gm27023,6,True
Gm27024,0,False
Gm27025,1,False
Gm27026,0,False
Gm27027,0,False
Gm27028,3,True
Gm27029,5,True
Gm27030,4,True
Gm27032,1,False
Gm27033,0,False
Gm27034,0,False
Gm27036,0,False
Gm27037,1,False
Gm27038,0,False
Gm27039,0,False
Gm27040,0,False
Gm27042,4,True
Gm27043,1,False
Gm27044,0,False
Gm27045,0,False
Gm27046,6,True
Gm27047,0,False
Gm27048,1,False
Gm2707,0,False
Gm2709,0,False
Gm2710,6,True
Gm27148,6,True
Gm27149,0,False
Gm27150,0,False
Gm27151,6,True
Gm27152,0,False
Gm27153,0,False
Gm27155,0,False
Gm27156,0,False
Gm27157,0,False
Gm27158,0,False
Gm27159,0,False
Gm2716,2,False
Gm27160,6,True
Gm27161,1,False
Gm27162,0,False
Gm27163,0,False
Gm27164,0,False
Gm27165,0,False
Gm27166,0,False
Gm27167,1,False
Gm27168,0,False
Gm27169,2,False
Gm27174,3,True
Gm27175,0,False
Gm27176,0,False
Gm27177,5,True
Gm27178,0,False
Gm27179,0,False
Gm27184,5,True
Gm27185,0,False
Gm27186,0,False
Gm27187,0,False
Gm27188,0,False
Gm27189,0,False
Gm2719,6,True
Gm27190,2,False
Gm27191,0,False
Gm27192,0,False
Gm27193,0,False
Gm27194,6,True
Gm27195,0,False
Gm27196,0,False
Gm27197,4,True
Gm27198,1,False
Gm27199,1,False
Gm27200,3,True
Gm27201,0,False
Gm27202,6,True
Gm27203,0,False
Gm27204,0,False
Gm27206,6,True
Gm27207,0,False
Gm27208,1,False
Gm27209,4,True
Gm27210,0,False
Gm27211,0,False
Gm27216,0,False
Gm27217,5,True
Gm27218,0,False
Gm27219,6,True
Gm27220,0,False
Gm27221,0,False
Gm27222,0,False
Gm27223,0,False
Gm27224,0,False
Gm27225,0,False
Gm27226,0,False
Gm27227,3,True
Gm27228,0,False
Gm27230,0,False
Gm27231,0,False
Gm27232,0,False
Gm27233,1,False
Gm27234,0,False
Gm27235,0,False
Gm27236,1,False
Gm27238,4,True
Gm27239,6,True
Gm27240,1,False
Gm27241,2,False
Gm27242,1,False
Gm27243,3,True
Gm27244,0,False
Gm27245,0,False
Gm27246,0,False
Gm27247,2,False
Gm27248,0,False
Gm27249,0,False
Gm27252,4,True
Gm27253,3,True
Gm27254,6,True
Gm27255,0,False
Gm27263,0,False
Gm27265,0,False
Gm27266,2,False
Gm27271,0,False
Gm27275,0,False
Gm27280,0,False
Gm27283,0,False
Gm27284,0,False
Gm27285,3,True
Gm27286,0,False
Gm27288,0,False
Gm27289,0,False
Gm27295,0,False
Gm27297,0,False
Gm27299,0,False
Gm27300,0,False
Gm27301,0,False
Gm27306,0,False
Gm27308,0,False
Gm27313,1,False
Gm27315,0,False
Gm27316,0,False
Gm27317,0,False
Gm27320,0,False
Gm27321,0,False
Gm27322,0,False
Gm27325,0,False
Gm27326,1,False
Gm27330,0,False
Gm27331,0,False
Gm27332,0,False
Gm27335,0,False
Gm27336,0,False
Gm27337,0,False
Gm2734,0,False
Gm27341,0,False
Gm27342,0,False
Gm27343,0,False
Gm27348,0,False
Gm2735,6,True
Gm27350,0,False
Gm27353,1,False
Gm27355,1,False
Gm27357,0,False
Gm27359,0,False
Gm27360,0,False
Gm27361,0,False
Gm27362,0,False
Gm27365,0,False
Gm27366,3,True
Gm27369,0,False
Gm27373,1,False
Gm27374,0,False
Gm27375,0,False
Gm27379,0,False
Gm27383,0,False
Gm27385,0,False
Gm27387,0,False
Gm27389,0,False
Gm27390,0,False
Gm27392,0,False
Gm27393,0,False
Gm27395,0,False
Gm27396,0,False
Gm27397,0,False
Gm27399,0,False
Gm27401,0,False
Gm27402,0,False
Gm27403,0,False
Gm27404,0,False
Gm27405,0,False
Gm27406,6,True
Gm27409,0,False
Gm27410,0,False
Gm27414,0,False
Gm27415,0,False
Gm27419,5,True
Gm27420,0,False
Gm27421,0,False
Gm27427,0,False
Gm27428,0,False
Gm27430,0,False
Gm27435,0,False
Gm27437,0,False
Gm27438,0,False
Gm27440,0,False
Gm27441,0,False
Gm27443,0,False
Gm27444,0,False
Gm27445,0,False
Gm27446,0,False
Gm27449,0,False
Gm27450,0,False
Gm27452,0,False
Gm27454,0,False
Gm27457,0,False
Gm27458,0,False
Gm27459,0,False
Gm27460,0,False
Gm27463,0,False
Gm27465,0,False
Gm27466,0,False
Gm27468,2,False
Gm27470,0,False
Gm27471,0,False
Gm27475,0,False
Gm27476,1,False
Gm27477,1,False
Gm27483,0,False
Gm27486,0,False
Gm27490,0,False
Gm27492,0,False
Gm27493,0,False
Gm27494,0,False
Gm27500,0,False
Gm27501,0,False
Gm27502,0,False
Gm27505,0,False
Gm27506,0,False
Gm27507,0,False
Gm27509,0,False
Gm27510,0,False
Gm27511,0,False
Gm27512,0,False
Gm27514,0,False
Gm27516,0,False
Gm27517,0,False
Gm27520,0,False
Gm27521,0,False
Gm27522,0,False
Gm27525,0,False
Gm27527,2,False
Gm27528,0,False
Gm27529,6,True
Gm27530,0,False
Gm27532,0,False
Gm27533,0,False
Gm27535,0,False
Gm27538,0,False
Gm27539,0,False
Gm27540,1,False
Gm27541,0,False
Gm27542,2,False
Gm27543,0,False
Gm27544,5,True
Gm27545,0,False
Gm27549,0,False
Gm27551,0,False
Gm27552,0,False
Gm27553,0,False
Gm27554,1,False
Gm2756,6,True
Gm27564,0,False
Gm27568,0,False
Gm27572,0,False
Gm27579,0,False
Gm27580,0,False
Gm27582,3,True
Gm27585,0,False
Gm27587,5,True
Gm27588,3,True
Gm2759,0,False
Gm27591,0,False
Gm27592,1,False
Gm27595,0,False
Gm27596,0,False
Gm27597,0,False
Gm27598,0,False
Gm27599,0,False
Gm27601,0,False
Gm27602,1,False
Gm27604,0,False
Gm27605,0,False
Gm27607,0,False
Gm27608,2,False
Gm27610,0,False
Gm27611,1,False
Gm27616,0,False
Gm27617,0,False
Gm27618,0,False
Gm27619,0,False
Gm2762,5,True
Gm27622,0,False
Gm27624,0,False
Gm27626,0,False
Gm27627,0,False
Gm27628,0,False
Gm27631,0,False
Gm27634,4,True
Gm27635,0,False
Gm27636,0,False
Gm27639,1,False
Gm27640,0,False
Gm27645,0,False
Gm27646,0,False
Gm27647,0,False
Gm27648,0,False
Gm27649,0,False
Gm27651,0,False
Gm27653,1,False
Gm27656,0,False
Gm27659,0,False
Gm27660,0,False
Gm27663,0,False
Gm27668,0,False
Gm27671,0,False
Gm27672,0,False
Gm27675,0,False
Gm27676,1,False
Gm27679,0,False
Gm2768,0,False
Gm27680,4,True
Gm27682,0,False
Gm27684,0,False
Gm27686,0,False
Gm27688,2,False
Gm27690,0,False
Gm27694,0,False
Gm27695,0,False
Gm27698,0,False
Gm27699,0,False
Gm27700,0,False
Gm27701,0,False
Gm27702,0,False
Gm27703,0,False
Gm27704,0,False
Gm27711,1,False
Gm27715,0,False
Gm27717,0,False
Gm27718,0,False
Gm27722,0,False
Gm27723,0,False
Gm27731,0,False
Gm27733,0,False
Gm27734,0,False
Gm27735,0,False
Gm27740,0,False
Gm27741,0,False
Gm27742,0,False
Gm27743,0,False
Gm27747,0,False
Gm27749,0,False
Gm27753,0,False
Gm27754,1,False
Gm27755,0,False
Gm27760,0,False
Gm27761,0,False
Gm27762,0,False
Gm2777,1,False
Gm27772,0,False
Gm27773,0,False
Gm27775,0,False
Gm27781,1,False
Gm27782,0,False
Gm27783,0,False
Gm27784,0,False
Gm27785,0,False
Gm27786,0,False
Gm27792,0,False
Gm27793,0,False
Gm27796,0,False
Gm27798,0,False
Gm27801,0,False
Gm27803,0,False
Gm27804,0,False
Gm27805,0,False
Gm27811,0,False
Gm27813,0,False
Gm27817,0,False
Gm27818,0,False
Gm27820,0,False
Gm27825,0,False
Gm27826,0,False
Gm27828,0,False
Gm27833,0,False
Gm27834,0,False
Gm27838,0,False
Gm27839,0,False
Gm2784,0,False
Gm27843,0,False
Gm27844,0,False
Gm27845,0,False
Gm27847,0,False
Gm27849,0,False
Gm27851,0,False
Gm27852,0,False
Gm27853,2,False
Gm27854,0,False
Gm27855,0,False
Gm27857,6,True
Gm27861,0,False
Gm27864,0,False
Gm27866,0,False
Gm27867,0,False
Gm27868,0,False
Gm27869,0,False
Gm27875,0,False
Gm27878,1,False
Gm2788,2,False
Gm27881,0,False
Gm27882,0,False
Gm27883,2,False
Gm27884,0,False
Gm27887,2,False
Gm27892,0,False
Gm27893,0,False
Gm27894,0,False
Gm27896,1,False
Gm27898,0,False
Gm27899,0,False
Gm27901,0,False
Gm27903,0,False
Gm27905,0,False
Gm27907,0,False
Gm27910,0,False
Gm27913,0,False
Gm27919,0,False
Gm27920,0,False
Gm27921,0,False
Gm27924,0,False
Gm27926,0,False
Gm27927,0,False
Gm27928,0,False
Gm27931,2,False
Gm27934,0,False
Gm27935,0,False
Gm27937,0,False
Gm27940,0,False
Gm27941,0,False
Gm27942,1,False
Gm27943,0,False
Gm27944,0,False
Gm27952,0,False
Gm27953,0,False
Gm27956,1,False
Gm27957,0,False
Gm27959,0,False
Gm2796,1,False
Gm27960,0,False
Gm27964,0,False
Gm27970,1,False
Gm27972,0,False
Gm27974,0,False
Gm27975,0,False
Gm27976,1,False
Gm27977,0,False
Gm27979,0,False
Gm27980,0,False
Gm27985,0,False
Gm27987,1,False
Gm27989,0,False
Gm2799,0,False
Gm27991,0,False
Gm27993,0,False
Gm27995,0,False
Gm27997,0,False
Gm27998,0,False
Gm27999,0,False
Gm2800,0,False
Gm28000,1,False
Gm28001,0,False
Gm28002,0,False
Gm28003,0,False
Gm28006,0,False
Gm28008,0,False
Gm28010,5,True
Gm28011,0,False
Gm28016,0,False
Gm28017,0,False
Gm28018,0,False
Gm28019,0,False
Gm28020,0,False
Gm28022,1,False
Gm28023,0,False
Gm28030,0,False
Gm28032,0,False
Gm28033,0,False
Gm28035,6,True
Gm28036,0,False
Gm28037,0,False
Gm28038,0,False
Gm28039,0,False
Gm28040,0,False
Gm28041,0,False
Gm28042,0,False
Gm28043,6,True
Gm28044,1,False
Gm28046,0,False
Gm28047,0,False
Gm28048,0,False
Gm28050,3,True
Gm28051,0,False
Gm28052,0,False
Gm28053,0,False
Gm28054,0,False
Gm28055,0,False
Gm28056,0,False
Gm28057,0,False
Gm28058,0,False
Gm28059,0,False
Gm28060,0,False
Gm28061,0,False
Gm28063,0,False
Gm28064,0,False
Gm28065,0,False
Gm28066,0,False
Gm28068,3,True
Gm28069,0,False
Gm28070,0,False
Gm28071,6,True
Gm28072,0,False
Gm28073,0,False
Gm28074,0,False
Gm28075,0,False
Gm28076,0,False
Gm28077,0,False
Gm28078,0,False
Gm28079,1,False
Gm28080,0,False
Gm28081,0,False
Gm28082,0,False
Gm28083,0,False
Gm28085,3,True
Gm28086,1,False
Gm28087,0,False
Gm28088,0,False
Gm28089,0,False
Gm28090,0,False
Gm28091,0,False
Gm28092,0,False
Gm28093,0,False
Gm28094,0,False
Gm28095,2,False
Gm28096,1,False
Gm28097,0,False
Gm28098,0,False
Gm28099,0,False
Gm281,2,False
Gm2810,6,True
Gm28100,1,False
Gm28101,0,False
Gm28102,0,False
Gm28103,0,False
Gm28104,1,False
Gm28105,0,False
Gm28106,0,False
Gm28107,0,False
Gm28108,0,False
Gm28109,0,False
Gm28110,0,False
Gm28111,1,False
Gm28112,2,False
Gm28113,0,False
Gm28114,0,False
Gm28115,0,False
Gm28116,0,False
Gm28117,0,False
Gm28118,1,False
Gm28119,6,True
Gm28120,0,False
Gm28121,0,False
Gm28122,1,False
Gm28123,0,False
Gm28124,0,False
Gm28125,0,False
Gm28126,0,False
Gm28127,0,False
Gm28128,0,False
Gm28129,0,False
Gm28130,0,False
Gm28131,0,False
Gm28132,0,False
Gm28133,0,False
Gm28134,1,False
Gm28135,0,False
Gm28136,1,False
Gm28137,0,False
Gm28138,1,False
Gm28139,0,False
Gm28140,0,False
Gm28141,0,False
Gm28142,0,False
Gm28143,0,False
Gm28144,0,False
Gm28145,0,False
Gm28146,0,False
Gm28147,0,False
Gm28148,0,False
Gm28149,0,False
Gm28150,1,False
Gm28151,6,True
Gm28152,0,False
Gm28153,0,False
Gm28154,1,False
Gm28155,0,False
Gm28156,0,False
Gm28157,1,False
Gm28158,0,False
Gm28159,0,False
Gm28160,0,False
Gm28161,0,False
Gm28162,0,False
Gm28163,0,False
Gm28164,0,False
Gm28165,0,False
Gm28166,0,False
Gm28167,1,False
Gm28168,0,False
Gm28169,0,False
Gm28170,0,False
Gm28171,0,False
Gm28172,3,True
Gm28173,0,False
Gm28174,0,False
Gm28175,4,True
Gm28176,0,False
Gm28177,4,True
Gm28178,1,False
Gm28179,0,False
Gm28180,0,False
Gm28181,0,False
Gm28182,0,False
Gm28183,0,False
Gm28184,0,False
Gm28185,0,False
Gm28186,0,False
Gm28187,0,False
Gm28188,0,False
Gm28189,0,False
Gm28190,0,False
Gm28191,0,False
Gm28192,6,True
Gm28193,1,False
Gm28194,1,False
Gm28195,0,False
Gm28196,1,False
Gm28197,0,False
Gm28198,0,False
Gm28199,1,False
Gm28200,0,False
Gm28201,1,False
Gm28202,0,False
Gm28203,0,False
Gm28204,0,False
Gm28205,0,False
Gm28206,1,False
Gm28207,0,False
Gm28208,0,False
Gm28209,1,False
Gm28210,0,False
Gm28211,0,False
Gm28212,0,False
Gm28213,0,False
Gm28214,0,False
Gm28215,0,False
Gm28216,0,False
Gm28217,0,False
Gm28218,0,False
Gm28219,0,False
Gm2822,1,False
Gm28220,0,False
Gm28221,0,False
Gm28222,0,False
Gm28223,0,False
Gm28224,0,False
Gm28225,0,False
Gm28226,1,False
Gm28227,0,False
Gm28228,1,False
Gm28229,3,True
Gm28230,0,False
Gm28231,0,False
Gm28232,0,False
Gm28233,0,False
Gm28234,1,False
Gm28235,0,False
Gm28236,0,False
Gm28237,0,False
Gm28238,0,False
Gm28239,0,False
Gm2824,6,True
Gm28240,0,False
Gm28241,0,False
Gm28242,0,False
Gm28243,0,False
Gm28244,0,False
Gm28245,0,False
Gm28246,1,False
Gm28247,0,False
Gm28248,0,False
Gm28249,0,False
Gm2825,1,False
Gm28250,1,False
Gm28251,0,False
Gm28252,0,False
Gm28253,0,False
Gm28254,1,False
Gm28255,0,False
Gm28256,0,False
Gm28257,0,False
Gm28258,0,False
Gm28259,0,False
Gm28260,0,False
Gm28261,0,False
Gm28262,0,False
Gm28263,5,True
Gm28264,0,False
Gm28265,0,False
Gm28266,0,False
Gm28267,0,False
Gm28268,4,True
Gm28269,0,False
Gm28270,0,False
Gm28271,0,False
Gm28272,0,False
Gm28273,0,False
Gm28274,0,False
Gm28275,0,False
Gm28276,1,False
Gm28277,3,True
Gm28278,0,False
Gm28279,0,False
Gm28280,0,False
Gm28281,0,False
Gm28282,0,False
Gm28283,0,False
Gm28284,0,False
Gm28285,1,False
Gm28286,1,False
Gm28287,0,False
Gm28288,0,False
Gm28289,0,False
Gm28290,0,False
Gm28291,0,False
Gm28292,0,False
Gm28293,0,False
Gm28294,2,False
Gm28295,0,False
Gm28296,0,False
Gm28297,0,False
Gm28298,0,False
Gm28299,0,False
Gm2830,6,True
Gm28300,0,False
Gm28301,0,False
Gm28302,0,False
Gm28303,0,False
Gm28304,0,False
Gm28305,0,False
Gm28306,3,True
Gm28307,2,False
Gm28308,0,False
Gm28309,0,False
Gm28310,0,False
Gm28311,1,False
Gm28312,0,False
Gm28313,0,False
Gm28314,0,False
Gm28315,1,False
Gm28316,0,False
Gm28317,1,False
Gm28318,0,False
Gm28319,1,False
Gm2832,1,False
Gm28320,4,True
Gm28321,1,False
Gm28322,1,False
Gm28323,0,False
Gm28324,1,False
Gm28325,0,False
Gm28326,0,False
Gm28327,0,False
Gm28328,0,False
Gm28329,0,False
Gm28330,0,False
Gm28331,0,False
Gm28332,0,False
Gm28333,1,False
Gm28334,0,False
Gm28335,0,False
Gm28336,0,False
Gm28337,0,False
Gm28338,0,False
Gm28339,0,False
Gm28340,0,False
Gm28341,0,False
Gm28342,0,False
Gm28343,0,False
Gm28344,0,False
Gm28345,1,False
Gm28346,1,False
Gm28347,0,False
Gm28348,0,False
Gm28349,0,False
Gm28350,0,False
Gm28351,0,False
Gm28352,1,False
Gm28353,0,False
Gm28354,0,False
Gm28355,0,False
Gm28356,1,False
Gm28357,0,False
Gm28358,0,False
Gm28359,0,False
Gm28360,0,False
Gm28361,0,False
Gm28362,1,False
Gm28363,1,False
Gm28364,0,False
Gm28365,0,False
Gm28366,0,False
Gm28367,0,False
Gm28368,0,False
Gm28369,0,False
Gm28370,5,True
Gm28371,0,False
Gm28372,0,False
Gm28373,2,False
Gm28374,5,True
Gm28375,0,False
Gm28376,0,False
Gm28377,0,False
Gm28379,6,True
Gm28380,0,False
Gm28381,0,False
Gm28382,0,False
Gm28383,0,False
Gm28384,0,False
Gm28385,0,False
Gm28386,1,False
Gm28387,0,False
Gm28388,0,False
Gm28389,0,False
Gm28390,0,False
Gm28391,0,False
Gm28392,0,False
Gm28393,0,False
Gm28394,0,False
Gm28395,1,False
Gm28396,0,False
Gm28397,0,False
Gm28398,0,False
Gm28399,0,False
Gm2840,6,True
Gm28400,0,False
Gm28401,1,False
Gm28402,0,False
Gm28403,1,False
Gm28404,0,False
Gm28405,0,False
Gm28406,0,False
Gm28407,0,False
Gm28408,0,False
Gm28409,0,False
Gm28410,0,False
Gm28411,3,True
Gm28412,0,False
Gm28413,0,False
Gm28414,0,False
Gm28415,0,False
Gm28416,0,False
Gm28417,6,True
Gm28418,0,False
Gm28419,1,False
Gm28420,0,False
Gm28421,0,False
Gm28422,0,False
Gm28423,0,False
Gm28424,5,True
Gm28425,0,False
Gm28426,0,False
Gm28427,1,False
Gm28428,0,False
Gm28429,0,False
Gm28430,0,False
Gm28431,1,False
Gm28432,0,False
Gm28433,0,False
Gm28434,0,False
Gm28435,0,False
Gm28436,0,False
Gm28437,6,True
Gm28438,6,True
Gm28439,6,True
Gm28440,0,False
Gm28441,1,False
Gm28442,0,False
Gm28443,0,False
Gm28444,1,False
Gm28445,0,False
Gm28446,0,False
Gm28447,1,False
Gm28448,0,False
Gm28449,0,False
Gm28450,0,False
Gm28451,2,False
Gm28452,0,False
Gm28453,0,False
Gm28454,0,False
Gm28455,5,True
Gm28456,0,False
Gm28457,0,False
Gm28458,0,False
Gm28459,0,False
Gm28460,0,False
Gm28461,2,False
Gm28462,0,False
Gm28463,0,False
Gm28464,0,False
Gm28465,0,False
Gm28466,6,True
Gm28467,0,False
Gm28468,0,False
Gm28469,1,False
Gm28470,0,False
Gm28471,0,False
Gm28472,1,False
Gm28473,0,False
Gm28474,0,False
Gm28475,0,False
Gm28476,0,False
Gm28477,0,False
Gm28478,1,False
Gm28479,0,False
Gm28480,0,False
Gm28481,0,False
Gm28482,0,False
Gm28483,0,False
Gm28484,0,False
Gm28485,0,False
Gm28486,0,False
Gm28487,0,False
Gm28488,0,False
Gm28489,0,False
Gm28490,0,False
Gm28491,0,False
Gm28492,0,False
Gm28493,1,False
Gm28494,0,False
Gm28495,0,False
Gm28496,3,True
Gm28497,0,False
Gm28498,0,False
Gm28499,0,False
Gm28500,0,False
Gm28501,3,True
Gm28502,0,False
Gm28503,0,False
Gm28504,0,False
Gm28505,0,False
Gm28506,0,False
Gm28507,0,False
Gm28508,0,False
Gm28509,1,False
Gm28510,0,False
Gm28511,0,False
Gm28512,0,False
Gm28513,0,False
Gm28514,1,False
Gm28515,0,False
Gm28516,0,False
Gm28517,0,False
Gm28518,0,False
Gm28519,0,False
Gm28520,0,False
Gm28521,0,False
Gm28522,0,False
Gm28523,5,True
Gm28526,2,False
Gm28527,5,True
Gm28528,0,False
Gm28529,4,True
Gm28530,6,True
Gm28531,0,False
Gm28532,0,False
Gm28533,1,False
Gm28534,0,False
Gm28535,3,True
Gm28536,6,True
Gm28537,0,False
Gm28538,0,False
Gm28539,0,False
Gm2854,0,False
Gm28540,0,False
Gm28541,0,False
Gm28542,0,False
Gm28543,0,False
Gm28545,0,False
Gm28546,0,False
Gm28547,1,False
Gm28548,0,False
Gm28549,1,False
Gm2855,1,False
Gm28550,0,False
Gm28551,6,True
Gm28552,0,False
Gm28553,0,False
Gm28554,2,False
Gm28555,0,False
Gm28556,0,False
Gm28557,4,True
Gm28558,0,False
Gm28559,0,False
Gm28560,0,False
Gm28561,1,False
Gm28563,0,False
Gm28564,0,False
Gm28565,0,False
Gm28566,1,False
Gm28567,0,False
Gm28568,0,False
Gm28569,0,False
Gm28570,0,False
Gm28571,1,False
Gm28572,0,False
Gm28573,0,False
Gm28574,0,False
Gm28575,0,False
Gm28576,0,False
Gm28577,0,False
Gm28578,3,True
Gm28579,0,False
Gm28580,0,False
Gm28581,1,False
Gm28583,2,False
Gm28584,0,False
Gm28585,0,False
Gm28586,0,False
Gm28587,1,False
Gm28588,0,False
Gm28589,0,False
Gm28590,1,False
Gm28591,0,False
Gm28592,6,True
Gm28593,1,False
Gm28594,0,False
Gm28595,0,False
Gm28596,0,False
Gm28597,0,False
Gm28598,0,False
Gm28599,0,False
Gm2860,0,False
Gm28600,0,False
Gm28603,0,False
Gm28604,2,False
Gm28606,0,False
Gm28607,0,False
Gm28608,0,False
Gm28609,0,False
Gm2861,4,True
Gm28610,0,False
Gm28611,0,False
Gm28612,0,False
Gm28613,0,False
Gm28614,0,False
Gm28615,0,False
Gm28616,0,False
Gm28617,0,False
Gm28618,0,False
Gm28619,0,False
Gm2862,6,True
Gm28620,0,False
Gm28621,0,False
Gm28622,0,False
Gm28623,0,False
Gm28624,0,False
Gm28625,0,False
Gm28626,0,False
Gm28627,0,False
Gm28628,0,False
Gm28629,0,False
Gm2863,0,False
Gm28630,0,False
Gm28631,0,False
Gm28632,0,False
Gm28633,0,False
Gm28634,0,False
Gm28635,0,False
Gm28636,0,False
Gm28637,0,False
Gm28638,0,False
Gm28639,0,False
Gm28640,0,False
Gm28641,0,False
Gm28643,0,False
Gm28644,0,False
Gm28645,0,False
Gm28646,0,False
Gm28647,0,False
Gm28648,0,False
Gm28649,0,False
Gm28650,0,False
Gm28651,0,False
Gm28652,0,False
Gm28653,1,False
Gm28654,0,False
Gm28655,0,False
Gm28656,0,False
Gm28657,0,False
Gm28658,0,False
Gm28659,6,True
Gm2866,0,False
Gm28660,1,False
Gm28661,6,True
Gm28662,0,False
Gm28663,0,False
Gm28664,0,False
Gm28665,0,False
Gm28666,0,False
Gm28667,1,False
Gm28668,0,False
Gm28669,0,False
Gm28670,0,False
Gm28671,0,False
Gm28672,0,False
Gm28673,0,False
Gm28674,0,False
Gm28675,0,False
Gm28676,0,False
Gm28677,1,False
Gm28678,0,False
Gm28679,0,False
Gm28680,0,False
Gm28681,0,False
Gm28682,0,False
Gm28683,1,False
Gm28684,0,False
Gm28685,0,False
Gm28686,2,False
Gm28687,0,False
Gm28688,0,False
Gm28689,1,False
Gm2869,6,True
Gm28690,0,False
Gm28691,0,False
Gm28692,0,False
Gm28693,2,False
Gm28694,0,False
Gm28695,0,False
Gm28696,1,False
Gm28697,0,False
Gm28698,0,False
Gm28699,0,False
Gm28700,0,False
Gm28701,0,False
Gm28702,0,False
Gm28703,0,False
Gm28704,0,False
Gm28705,0,False
Gm28706,0,False
Gm28707,1,False
Gm28709,0,False
Gm2871,2,False
Gm28710,0,False
Gm28716,0,False
Gm28717,0,False
Gm28718,1,False
Gm28719,1,False
Gm28720,2,False
Gm28721,0,False
Gm28722,0,False
Gm28723,1,False
Gm28724,0,False
Gm28725,0,False
Gm28726,0,False
Gm28727,3,True
Gm28728,6,True
Gm28729,2,False
Gm28730,6,True
Gm28731,2,False
Gm28732,1,False
Gm28733,0,False
Gm28734,0,False
Gm28735,0,False
Gm28736,0,False
Gm28737,0,False
Gm28738,0,False
Gm28739,0,False
Gm28740,0,False
Gm28741,0,False
Gm28742,0,False
Gm28743,1,False
Gm28744,0,False
Gm28745,0,False
Gm28746,0,False
Gm28747,0,False
Gm28749,0,False
Gm28750,6,True
Gm28751,0,False
Gm28752,0,False
Gm28753,0,False
Gm28754,0,False
Gm28755,0,False
Gm28756,0,False
Gm28757,0,False
Gm28758,1,False
Gm28759,0,False
Gm28760,0,False
Gm28761,0,False
Gm28762,0,False
Gm28763,0,False
Gm28764,0,False
Gm28765,0,False
Gm28766,0,False
Gm28767,0,False
Gm28768,0,False
Gm28769,0,False
Gm2877,0,False
Gm28770,0,False
Gm28771,0,False
Gm28772,1,False
Gm28773,0,False
Gm28774,0,False
Gm28775,1,False
Gm28776,0,False
Gm28777,0,False
Gm28778,0,False
Gm28779,0,False
Gm2878,1,False
Gm28780,0,False
Gm28781,0,False
Gm28782,5,True
Gm28783,0,False
Gm28784,0,False
Gm28785,0,False
Gm28786,0,False
Gm28787,0,False
Gm28788,0,False
Gm28789,0,False
Gm28790,0,False
Gm28791,6,True
Gm28792,0,False
Gm28793,0,False
Gm28794,0,False
Gm28795,0,False
Gm28796,0,False
Gm28797,0,False
Gm28798,1,False
Gm28799,0,False
Gm28800,2,False
Gm28801,0,False
Gm28802,0,False
Gm28803,0,False
Gm28806,3,True
Gm28807,0,False
Gm28808,0,False
Gm28809,4,True
Gm28810,0,False
Gm28811,0,False
Gm28812,0,False
Gm28813,0,False
Gm28814,0,False
Gm28815,0,False
Gm28816,0,False
Gm28817,0,False
Gm28818,1,False
Gm28819,1,False
Gm28820,0,False
Gm28821,0,False
Gm28822,0,False
Gm28823,1,False
Gm28824,1,False
Gm28825,0,False
Gm28826,0,False
Gm28827,0,False
Gm28828,0,False
Gm28829,0,False
Gm28830,0,False
Gm28831,0,False
Gm28832,0,False
Gm28833,0,False
Gm28834,0,False
Gm28835,1,False
Gm28836,3,True
Gm28837,1,False
Gm28838,0,False
Gm28839,1,False
Gm28840,1,False
Gm28841,0,False
Gm28842,0,False
Gm28843,0,False
Gm28844,0,False
Gm28845,0,False
Gm28846,0,False
Gm28847,0,False
Gm28848,0,False
Gm28849,0,False
Gm2885,6,True
Gm28850,0,False
Gm28851,1,False
Gm28852,1,False
Gm28853,0,False
Gm28854,0,False
Gm28855,0,False
Gm28856,0,False
Gm28857,0,False
Gm28858,0,False
Gm28859,0,False
Gm28860,0,False
Gm28861,0,False
Gm28862,0,False
Gm28863,1,False
Gm28864,1,False
Gm28865,0,False
Gm28866,1,False
Gm28867,1,False
Gm28869,5,True
Gm28870,0,False
Gm28871,1,False
Gm28872,0,False
Gm28873,2,False
Gm28874,2,False
Gm28875,5,True
Gm28876,0,False
Gm28877,0,False
Gm28878,1,False
Gm28879,0,False
Gm2888,1,False
Gm28880,1,False
Gm28881,0,False
Gm28882,0,False
Gm28883,6,True
Gm28884,1,False
Gm28885,0,False
Gm28886,2,False
Gm28887,0,False
Gm28888,0,False
Gm28889,0,False
Gm28890,0,False
Gm28891,0,False
Gm28892,4,True
Gm28893,0,False
Gm28894,0,False
Gm28895,0,False
Gm28896,0,False
Gm28897,0,False
Gm28898,1,False
Gm28899,0,False
Gm28900,6,True
Gm28901,6,True
Gm28902,0,False
Gm28904,1,False
Gm28905,0,False
Gm28906,0,False
Gm28907,0,False
Gm28908,0,False
Gm28909,0,False
Gm28910,0,False
Gm28911,6,True
Gm28912,0,False
Gm28913,2,False
Gm28914,1,False
Gm28915,0,False
Gm28916,1,False
Gm28917,0,False
Gm28918,0,False
Gm28919,0,False
Gm2892,0,False
Gm28920,0,False
Gm28921,0,False
Gm28922,0,False
Gm28923,0,False
Gm28924,0,False
Gm28925,0,False
Gm28926,0,False
Gm28927,0,False
Gm28928,0,False
Gm28929,1,False
Gm28930,0,False
Gm28932,0,False
Gm28933,6,True
Gm28934,0,False
Gm28935,0,False
Gm28936,0,False
Gm28937,0,False
Gm28938,1,False
Gm28939,0,False
Gm28940,1,False
Gm28941,2,False
Gm28942,0,False
Gm28943,0,False
Gm28944,0,False
Gm28945,1,False
Gm28946,0,False
Gm28947,0,False
Gm28948,1,False
Gm28949,0,False
Gm2895,3,True
Gm28950,0,False
Gm28951,0,False
Gm28952,0,False
Gm28953,0,False
Gm28954,0,False
Gm28955,1,False
Gm28956,1,False
Gm28957,0,False
Gm28958,1,False
Gm28959,0,False
Gm28960,5,True
Gm28961,0,False
Gm28962,0,False
Gm28963,0,False
Gm28964,0,False
Gm28965,0,False
Gm28966,0,False
Gm28967,0,False
Gm28968,0,False
Gm28969,0,False
Gm2897,6,True
Gm28970,0,False
Gm28971,0,False
Gm28972,1,False
Gm28973,0,False
Gm28974,0,False
Gm28975,0,False
Gm28976,0,False
Gm28977,0,False
Gm28978,0,False
Gm28979,0,False
Gm28980,6,True
Gm28981,0,False
Gm28982,1,False
Gm28983,0,False
Gm28984,0,False
Gm28985,0,False
Gm28986,0,False
Gm28987,0,False
Gm28988,1,False
Gm28989,1,False
Gm28990,1,False
Gm28991,1,False
Gm28992,0,False
Gm28993,0,False
Gm28994,0,False
Gm28995,0,False
Gm28996,1,False
Gm28997,0,False
Gm28998,0,False
Gm28999,0,False
Gm29000,1,False
Gm29001,0,False
Gm29002,0,False
Gm29003,0,False
Gm29005,0,False
Gm29006,0,False
Gm29007,0,False
Gm29008,0,False
Gm29009,0,False
Gm29010,1,False
Gm29011,0,False
Gm29012,0,False
Gm29013,1,False
Gm29014,0,False
Gm29015,0,False
Gm29016,1,False
Gm29017,2,False
Gm29018,2,False
Gm29019,0,False
Gm29020,0,False
Gm29021,0,False
Gm29022,5,True
Gm29023,0,False
Gm29024,0,False
Gm29025,1,False
Gm29026,0,False
Gm29027,0,False
Gm29028,0,False
Gm29029,0,False
Gm29030,0,False
Gm29031,0,False
Gm29032,0,False
Gm29033,0,False
Gm29034,0,False
Gm29036,3,True
Gm29037,0,False
Gm29038,0,False
Gm2904,6,True
Gm29040,1,False
Gm29041,6,True
Gm29042,0,False
Gm29043,0,False
Gm29044,0,False
Gm29045,0,False
Gm29046,1,False
Gm29047,0,False
Gm29048,1,False
Gm29049,0,False
Gm29050,0,False
Gm29051,0,False
Gm29052,0,False
Gm29053,0,False
Gm29054,6,True
Gm29055,5,True
Gm29056,0,False
Gm29057,0,False
Gm29058,0,False
Gm29059,0,False
Gm29060,0,False
Gm29061,0,False
Gm29062,0,False
Gm29063,1,False
Gm29064,0,False
Gm29065,0,False
Gm29066,0,False
Gm29067,0,False
Gm29068,0,False
Gm29069,1,False
Gm2907,1,False
Gm29070,0,False
Gm29071,0,False
Gm29072,0,False
Gm29073,0,False
Gm29074,0,False
Gm29075,0,False
Gm29076,0,False
Gm29077,1,False
Gm29078,0,False
Gm29079,0,False
Gm29080,0,False
Gm29081,0,False
Gm29082,0,False
Gm29083,6,True
Gm29084,5,True
Gm29085,0,False
Gm29086,0,False
Gm29087,0,False
Gm29088,0,False
Gm29089,0,False
Gm29090,0,False
Gm29091,1,False
Gm29092,0,False
Gm29093,2,False
Gm29094,6,True
Gm29095,1,False
Gm29097,1,False
Gm29098,0,False
Gm29099,1,False
Gm29100,0,False
Gm29101,0,False
Gm29103,0,False
Gm29104,0,False
Gm29105,0,False
Gm29106,1,False
Gm29107,0,False
Gm29108,0,False
Gm29109,0,False
Gm29110,0,False
Gm29111,0,False
Gm29112,1,False
Gm29113,0,False
Gm29114,0,False
Gm29115,0,False
Gm29116,0,False
Gm29117,0,False
Gm29118,0,False
Gm29119,0,False
Gm29120,0,False
Gm29121,0,False
Gm29122,0,False
Gm29123,1,False
Gm29124,6,True
Gm29125,0,False
Gm29126,0,False
Gm29127,0,False
Gm29128,1,False
Gm29129,2,False
Gm2913,1,False
Gm29130,0,False
Gm29131,0,False
Gm29132,0,False
Gm29133,1,False
Gm29134,0,False
Gm29135,3,True
Gm29137,1,False
Gm29138,6,True
Gm29139,0,False
Gm2914,0,False
Gm29140,1,False
Gm29141,0,False
Gm29142,0,False
Gm29143,6,True
Gm29144,0,False
Gm29145,0,False
Gm29146,1,False
Gm29147,0,False
Gm29148,0,False
Gm29149,0,False
Gm29151,3,True
Gm29152,0,False
Gm29154,0,False
Gm29155,1,False
Gm29156,0,False
Gm29157,4,True
Gm29158,0,False
Gm29159,0,False
Gm2916,1,False
Gm29160,0,False
Gm29161,1,False
Gm29162,0,False
Gm29163,1,False
Gm29164,6,True
Gm29165,0,False
Gm29166,0,False
Gm29167,0,False
Gm29168,0,False
Gm29169,0,False
Gm29170,6,True
Gm29171,0,False
Gm29172,0,False
Gm29175,0,False
Gm29176,1,False
Gm29178,1,False
Gm29179,1,False
Gm29180,0,False
Gm29181,1,False
Gm29182,0,False
Gm29183,3,True
Gm29184,0,False
Gm29185,0,False
Gm29186,0,False
Gm29187,0,False
Gm29188,1,False
Gm29189,0,False
Gm29190,0,False
Gm29191,0,False
Gm29192,1,False
Gm29193,0,False
Gm29194,0,False
Gm29195,0,False
Gm29196,0,False
Gm29197,0,False
Gm29198,0,False
Gm29199,2,False
Gm29200,2,False
Gm29201,4,True
Gm29202,0,False
Gm29203,0,False
Gm29204,0,False
Gm29205,0,False
Gm29206,0,False
Gm29207,0,False
Gm29208,0,False
Gm29209,0,False
Gm29210,0,False
Gm29211,0,False
Gm29212,1,False
Gm29213,1,False
Gm29214,5,True
Gm29215,0,False
Gm29216,6,True
Gm29217,0,False
Gm29218,1,False
Gm29219,0,False
Gm29220,0,False
Gm29221,0,False
Gm29222,1,False
Gm29223,0,False
Gm29224,0,False
Gm29225,0,False
Gm29226,1,False
Gm29227,0,False
Gm29228,6,True
Gm29229,0,False
Gm29230,0,False
Gm29231,0,False
Gm29232,0,False
Gm29233,0,False
Gm29234,0,False
Gm29235,0,False
Gm29236,1,False
Gm29237,4,True
Gm29238,0,False
Gm29239,0,False
Gm29240,0,False
Gm29241,3,True
Gm29242,0,False
Gm29243,0,False
Gm29244,0,False
Gm29245,1,False
Gm29246,0,False
Gm29247,0,False
Gm29248,0,False
Gm29249,0,False
Gm29250,0,False
Gm29251,0,False
Gm29252,0,False
Gm29253,0,False
Gm29254,0,False
Gm29255,0,False
Gm29256,0,False
Gm29257,6,True
Gm29258,1,False
Gm29259,0,False
Gm2926,6,True
Gm29260,1,False
Gm29261,1,False
Gm29262,0,False
Gm29263,0,False
Gm29264,2,False
Gm29265,0,False
Gm29266,1,False
Gm29267,0,False
Gm29268,0,False
Gm29269,0,False
Gm2927,0,False
Gm29270,1,False
Gm29271,0,False
Gm29272,0,False
Gm29273,0,False
Gm29274,0,False
Gm29275,0,False
Gm29276,0,False
Gm29277,0,False
Gm29278,0,False
Gm29279,0,False
Gm29280,0,False
Gm29281,0,False
Gm29282,0,False
Gm29283,0,False
Gm29284,0,False
Gm29285,0,False
Gm29286,0,False
Gm29288,0,False
Gm29289,0,False
Gm29290,0,False
Gm29291,1,False
Gm29292,0,False
Gm29293,0,False
Gm29295,0,False
Gm29296,0,False
Gm29297,0,False
Gm29298,0,False
Gm29299,0,False
Gm2930,0,False
Gm29300,0,False
Gm29301,0,False
Gm29302,1,False
Gm29303,0,False
Gm29304,0,False
Gm29305,1,False
Gm29306,1,False
Gm29307,0,False
Gm29308,0,False
Gm29309,1,False
Gm29310,0,False
Gm29311,0,False
Gm29312,0,False
Gm29313,0,False
Gm29314,0,False
Gm29315,0,False
Gm29316,0,False
Gm29317,0,False
Gm29318,0,False
Gm29319,0,False
Gm29320,0,False
Gm29321,0,False
Gm29322,4,True
Gm29323,0,False
Gm29324,0,False
Gm29325,4,True
Gm29326,0,False
Gm29327,0,False
Gm29328,0,False
Gm29329,0,False
Gm2933,0,False
Gm29330,0,False
Gm29331,0,False
Gm29332,0,False
Gm29333,0,False
Gm29334,0,False
Gm29335,0,False
Gm29336,0,False
Gm29337,0,False
Gm29338,0,False
Gm29339,0,False
Gm29340,4,True
Gm29341,0,False
Gm29342,0,False
Gm29343,0,False
Gm29344,0,False
Gm29345,1,False
Gm29346,1,False
Gm29347,0,False
Gm29348,0,False
Gm29349,0,False
Gm29350,0,False
Gm29351,0,False
Gm29352,0,False
Gm29353,0,False
Gm29354,0,False
Gm29355,0,False
Gm29356,0,False
Gm29357,0,False
Gm29358,0,False
Gm29359,0,False
Gm29360,0,False
Gm29361,6,True
Gm29362,0,False
Gm29363,0,False
Gm29364,1,False
Gm29365,0,False
Gm29366,0,False
Gm29367,6,True
Gm29368,0,False
Gm29369,0,False
Gm29370,0,False
Gm29371,1,False
Gm29372,0,False
Gm29373,0,False
Gm29374,0,False
Gm29375,1,False
Gm29376,1,False
Gm29377,0,False
Gm29378,0,False
Gm29379,0,False
Gm29380,0,False
Gm29381,0,False
Gm29382,0,False
Gm29383,0,False
Gm29384,1,False
Gm29385,0,False
Gm29386,0,False
Gm29387,0,False
Gm29388,0,False
Gm29389,0,False
Gm2939,0,False
Gm29390,0,False
Gm29391,0,False
Gm29392,1,False
Gm29393,0,False
Gm29394,6,True
Gm29395,2,False
Gm29396,0,False
Gm29397,5,True
Gm29398,0,False
Gm29399,0,False
Gm29400,0,False
Gm29401,0,False
Gm29402,0,False
Gm29403,0,False
Gm29404,0,False
Gm29405,0,False
Gm29406,0,False
Gm29407,0,False
Gm29408,0,False
Gm29409,0,False
Gm29410,0,False
Gm29411,0,False
Gm29412,0,False
Gm29413,0,False
Gm29414,0,False
Gm29415,1,False
Gm29416,0,False
Gm29417,4,True
Gm29418,0,False
Gm29420,0,False
Gm29421,0,False
Gm29422,0,False
Gm29423,0,False
Gm29424,0,False
Gm29425,0,False
Gm29426,0,False
Gm29427,1,False
Gm29428,0,False
Gm29429,0,False
Gm29430,0,False
Gm29431,0,False
Gm29432,0,False
Gm29433,0,False
Gm29434,0,False
Gm29435,1,False
Gm29436,0,False
Gm29437,0,False
Gm29438,2,False
Gm29439,1,False
Gm29440,0,False
Gm29441,0,False
Gm29442,0,False
Gm29443,5,True
Gm29444,0,False
Gm29445,0,False
Gm29446,0,False
Gm29447,0,False
Gm29448,0,False
Gm29449,1,False
Gm29450,0,False
Gm29451,0,False
Gm29452,0,False
Gm29453,0,False
Gm29454,0,False
Gm29455,4,True
Gm29456,1,False
Gm29457,0,False
Gm29458,0,False
Gm29459,0,False
Gm29460,4,True
Gm29461,0,False
Gm29462,6,True
Gm29464,0,False
Gm29466,0,False
Gm29467,0,False
Gm29468,0,False
Gm29469,0,False
Gm29470,0,False
Gm29471,0,False
Gm29472,1,False
Gm29473,0,False
Gm29474,0,False
Gm29475,0,False
Gm29476,0,False
Gm29477,1,False
Gm29478,0,False
Gm29479,0,False
Gm29480,1,False
Gm29481,0,False
Gm29482,0,False
Gm29483,2,False
Gm29484,0,False
Gm29485,6,True
Gm29486,1,False
Gm29487,6,True
Gm29488,2,False
Gm29489,0,False
Gm29490,0,False
Gm29491,6,True
Gm29492,0,False
Gm29495,0,False
Gm29496,0,False
Gm29497,0,False
Gm29498,0,False
Gm29499,0,False
Gm2950,6,True
Gm29500,0,False
Gm29501,1,False
Gm29502,5,True
Gm29503,0,False
Gm29504,0,False
Gm29505,0,False
Gm29506,1,False
Gm29507,1,False
Gm29508,5,True
Gm29509,1,False
Gm2951,0,False
Gm29511,0,False
Gm29512,0,False
Gm29513,0,False
Gm29514,5,True
Gm29515,0,False
Gm29516,0,False
Gm29517,0,False
Gm29518,0,False
Gm29519,6,True
Gm29520,0,False
Gm29521,2,False
Gm29522,0,False
Gm29523,0,False
Gm29524,0,False
Gm29525,0,False
Gm29526,0,False
Gm29527,0,False
Gm29528,0,False
Gm29529,1,False
Gm29530,2,False
Gm29531,0,False
Gm29532,0,False
Gm29533,1,False
Gm29534,0,False
Gm29535,0,False
Gm29536,0,False
Gm29537,0,False
Gm29538,0,False
Gm29539,0,False
Gm29540,0,False
Gm29541,0,False
Gm29542,0,False
Gm29543,0,False
Gm29544,0,False
Gm29545,1,False
Gm29546,0,False
Gm29547,0,False
Gm29548,0,False
Gm29549,0,False
Gm29550,0,False
Gm29551,0,False
Gm29552,0,False
Gm29553,0,False
Gm29554,0,False
Gm29555,0,False
Gm29556,0,False
Gm29557,0,False
Gm29558,0,False
Gm29559,0,False
Gm2956,6,True
Gm29560,0,False
Gm29561,1,False
Gm29562,6,True
Gm29563,0,False
Gm29564,0,False
Gm29565,0,False
Gm29566,0,False
Gm29567,0,False
Gm29568,0,False
Gm29569,0,False
Gm29570,0,False
Gm29571,4,True
Gm29572,0,False
Gm29573,0,False
Gm29574,0,False
Gm29575,0,False
Gm29576,0,False
Gm29577,0,False
Gm29578,0,False
Gm29579,0,False
Gm29580,0,False
Gm29581,0,False
Gm29582,0,False
Gm29584,0,False
Gm29585,0,False
Gm29586,1,False
Gm29587,0,False
Gm29588,0,False
Gm2959,0,False
Gm29590,0,False
Gm29591,0,False
Gm29592,0,False
Gm29593,0,False
Gm29594,0,False
Gm29595,3,True
Gm29596,0,False
Gm29597,0,False
Gm29598,0,False
Gm29599,0,False
Gm29600,0,False
Gm29601,0,False
Gm29602,1,False
Gm29603,0,False
Gm29604,0,False
Gm29605,0,False
Gm29606,0,False
Gm29607,0,False
Gm29608,0,False
Gm29609,5,True
Gm29610,0,False
Gm29611,0,False
Gm29612,1,False
Gm29613,0,False
Gm29614,0,False
Gm29615,0,False
Gm29616,0,False
Gm29617,1,False
Gm29618,0,False
Gm2962,6,True
Gm29622,1,False
Gm29623,0,False
Gm29624,1,False
Gm29625,0,False
Gm29626,0,False
Gm29627,1,False
Gm29628,0,False
Gm29629,0,False
Gm29630,0,False
Gm29631,0,False
Gm29632,1,False
Gm29633,1,False
Gm29634,0,False
Gm29635,0,False
Gm29636,1,False
Gm29637,0,False
Gm29638,0,False
Gm29639,0,False
Gm2964,0,False
Gm29640,1,False
Gm29641,1,False
Gm29642,6,True
Gm29644,0,False
Gm29645,0,False
Gm29646,0,False
Gm29647,0,False
Gm29648,0,False
Gm29649,6,True
Gm2965,6,True
Gm29650,2,False
Gm29651,0,False
Gm29652,1,False
Gm29653,0,False
Gm29654,1,False
Gm29655,0,False
Gm29656,0,False
Gm29657,0,False
Gm29658,0,False
Gm29659,0,False
Gm2966,1,False
Gm29660,1,False
Gm29661,0,False
Gm29662,0,False
Gm29663,0,False
Gm29664,0,False
Gm29665,0,False
Gm29666,6,True
Gm29667,6,True
Gm29668,6,True
Gm29669,0,False
Gm29670,1,False
Gm29671,1,False
Gm29672,0,False
Gm29678,1,False
Gm29704,6,True
Gm29707,1,False
Gm29718,6,True
Gm29725,0,False
Gm29730,0,False
Gm29736,1,False
Gm29739,6,True
Gm2974,6,True
Gm29740,0,False
Gm29741,6,True
Gm29745,6,True
Gm29747,0,False
Gm29754,0,False
Gm29755,6,True
Gm29759,6,True
Gm2976,1,False
Gm29763,5,True
Gm29771,0,False
Gm29778,6,True
Gm29781,0,False
Gm29784,1,False
Gm2979,0,False
Gm29793,0,False
Gm29797,1,False
Gm29799,0,False
Gm29803,6,True
Gm29808,6,True
Gm29811,1,False
Gm29813,0,False
Gm29815,0,False
Gm29839,0,False
Gm29848,1,False
Gm29856,4,True
Gm2986,6,True
Gm29865,0,False
Gm29866,0,False
Gm2987,0,False
Gm2990,0,False
Gm2991,6,True
Gm29920,5,True
Gm29926,0,False
Gm29950,0,False
Gm29977,0,False
Gm29994,5,True
Gm29999,0,False
Gm2a,6,True
Gm3002,6,True
Gm30023,2,False
Gm30043,0,False
Gm30045,0,False
Gm3005,6,True
Gm30074,2,False
Gm30075,6,True
Gm3008,0,False
Gm30097,0,False
Gm3010,0,False
Gm3012,0,False
Gm30146,0,False
Gm3015,1,False
Gm3017,2,False
Gm30173,1,False
Gm30174,0,False
Gm30175,0,False
Gm30191,0,False
Gm30196,0,False
Gm3020,6,True
Gm30214,1,False
Gm30238,6,True
Gm3025,0,False
Gm3027,0,False
Gm30280,6,True
Gm3029,1,False
Gm30292,0,False
Gm3030,0,False
Gm30312,0,False
Gm3033,2,False
Gm30332,1,False
Gm30340,2,False
Gm30341,0,False
Gm30353,0,False
Gm30382,0,False
Gm30414,1,False
Gm3043,2,False
Gm30459,0,False
Gm3047,1,False
Gm30484,1,False
Gm30498,0,False
Gm30517,0,False
Gm3052,3,True
Gm30524,6,True
Gm3053,0,False
Gm3054,0,False
Gm3055,6,True
Gm30557,1,False
Gm30598,0,False
Gm30613,3,True
Gm30638,0,False
Gm30646,0,False
Gm30652,1,False
Gm30667,1,False
Gm30686,0,False
Gm30705,0,False
Gm30708,6,True
Gm3072,2,False
Gm30725,0,False
Gm30731,6,True
Gm30737,0,False
Gm3076,6,True
Gm3077,2,False
Gm3081,1,False
Gm3084,0,False
Gm30852,0,False
Gm30858,0,False
Gm3086,1,False
Gm3089,1,False
Gm3091,0,False
Gm30932,0,False
Gm30946,0,False
Gm30948,1,False
Gm3095,6,True
Gm3096,4,True
Gm3099,2,False
Gm3102,0,False
Gm31026,0,False
Gm3103,0,False
Gm3104,0,False
Gm31049,0,False
Gm3106,1,False
Gm31108,0,False
Gm3111,0,False
Gm31121,1,False
Gm31123,0,False
Gm3115,1,False
Gm3116,0,False
Gm31186,0,False
Gm3121,0,False
Gm31211,6,True
Gm3123,0,False
Gm31230,2,False
Gm31256,1,False
Gm31258,2,False
Gm31260,1,False
Gm31266,0,False
Gm3127,2,False
Gm31274,6,True
Gm31306,1,False
Gm31314,0,False
Gm31335,0,False
Gm31343,1,False
Gm31363,1,False
Gm31373,0,False
Gm3138,3,True
Gm3139,1,False
Gm3140,0,False
Gm31401,1,False
Gm31406,0,False
Gm3141,0,False
Gm31415,0,False
Gm3142,0,False
Gm31422,0,False
Gm3143,1,False
Gm3145,6,True
Gm31463,0,False
Gm31466,0,False
Gm3147,0,False
Gm3148,6,True
Gm3149,2,False
Gm3150,6,True
Gm31511,0,False
Gm31520,6,True
Gm31532,1,False
Gm31571,0,False
Gm31572,0,False
Gm3159,1,False
Gm3160,6,True
Gm3164,6,True
Gm31663,0,False
Gm31678,0,False
Gm3170,6,True
Gm31728,3,True
Gm3173,1,False
Gm31747,0,False
Gm31748,1,False
Gm31749,2,False
Gm3176,0,False
Gm3182,0,False
Gm3183,1,False
Gm31861,0,False
Gm3187,2,False
Gm3189,0,False
Gm3191,6,True
Gm31925,0,False
Gm3194,6,True
Gm31942,0,False
Gm3198,0,False
Gm3200,6,True
Gm3203,6,True
Gm32033,0,False
Gm32072,3,True
Gm3208,0,False
Gm32102,0,False
Gm3211,0,False
Gm32111,1,False
Gm32114,0,False
Gm32158,6,True
Gm3216,0,False
Gm32175,0,False
Gm32180,0,False
Gm32181,0,False
Gm32200,4,True
Gm3221,0,False
Gm3222,6,True
Gm32222,1,False
Gm32250,3,True
Gm32295,1,False
Gm32308,0,False
Gm3233,0,False
Gm32340,6,True
Gm32347,0,False
Gm3235,4,True
Gm3238,1,False
Gm32381,2,False
Gm3239,5,True
Gm32391,1,False
Gm3242,0,False
Gm3244,6,True
Gm32444,1,False
Gm32447,0,False
Gm32453,0,False
Gm32460,5,True
Gm3248,5,True
Gm32496,1,False
Gm3250,0,False
Gm3252,6,True
Gm32536,6,True
Gm32540,1,False
Gm32569,2,False
Gm3257,6,True
Gm3259,2,False
Gm32592,0,False
Gm3261,0,False
Gm3264,3,True
Gm3267,0,False
Gm3269,1,False
Gm32693,0,False
Gm3272,6,True
Gm32736,0,False
Gm3275,0,False
Gm32754,0,False
Gm3278,3,True
Gm32780,0,False
Gm3279,2,False
Gm3283,6,True
Gm32858,0,False
Gm3286,1,False
Gm3287,1,False
Gm3289,1,False
Gm32916,1,False
Gm32921,0,False
Gm3294,2,False
Gm32950,3,True
Gm3298,4,True
Gm32983,6,True
Gm32996,0,False
Gm32999,0,False
Gm3302,1,False
Gm33050,0,False
Gm33051,0,False
Gm3307,6,True
Gm33080,6,True
Gm33112,0,False
Gm33142,0,False
Gm33163,0,False
Gm3317,1,False
Gm33191,0,False
Gm33206,0,False
Gm3321,6,True
Gm33222,0,False
Gm33248,0,False
Gm3326,0,False
Gm3327,1,False
Gm33280,4,True
Gm3329,1,False
Gm3331,0,False
Gm3332,0,False
Gm33320,0,False
Gm33354,0,False
Gm3336,1,False
Gm33366,5,True
Gm33370,1,False
Gm3339,0,False
Gm3344,0,False
Gm33466,2,False
Gm3348,6,True
Gm3351,1,False
Gm33533,2,False
Gm3355,6,True
Gm33571,0,False
Gm336,6,True
Gm3362,6,True
Gm3364,1,False
Gm33651,0,False
Gm3370,0,False
Gm33707,6,True
Gm3371,2,False
Gm3372,2,False
Gm3373,6,True
Gm3375,6,True
Gm3376,0,False
Gm33815,1,False
Gm33819,1,False
Gm3383,6,True
Gm33866,0,False
Gm33882,6,True
Gm33952,0,False
Gm33954,0,False
Gm33962,0,False
Gm33969,0,False
Gm33973,0,False
Gm33994,0,False
Gm340,4,True
Gm34015,0,False
Gm3402,0,False
Gm34023,0,False
Gm3404,0,False
Gm34068,0,False
Gm34073,0,False
Gm34082,0,False
Gm34086,6,True
Gm3409,0,False
Gm34106,1,False
Gm3411,6,True
Gm34121,3,True
Gm34139,0,False
Gm34144,4,True
Gm34149,0,False
Gm3415,0,False
Gm34176,0,False
Gm34217,0,False
Gm34224,0,False
Gm3424,2,False
Gm34240,1,False
Gm34248,0,False
Gm34267,4,True
Gm34272,0,False
Gm34274,0,False
Gm3428,1,False
Gm34280,1,False
Gm34294,2,False
Gm34302,0,False
Gm34314,0,False
Gm34333,2,False
Gm3434,1,False
Gm34342,1,False
Gm3436,6,True
Gm34379,6,True
Gm34391,6,True
Gm34411,0,False
Gm3443,1,False
Gm3448,6,True
Gm3453,3,True
Gm3454,0,False
Gm3455,1,False
Gm34550,0,False
Gm3460,2,False
Gm34653,0,False
Gm3466,1,False
Gm3468,5,True
Gm3470,6,True
Gm34716,0,False
Gm34727,4,True
Gm34728,0,False
Gm34732,0,False
Gm3476,2,False
Gm34767,0,False
Gm34768,0,False
Gm34780,1,False
Gm34783,6,True
Gm34816,0,False
Gm34821,2,False
Gm3486,0,False
Gm34866,1,False
Gm3488,6,True
Gm34882,2,False
Gm3489,0,False
Gm3496,0,False
Gm34964,0,False
Gm3500,6,True
Gm35000,0,False
Gm35013,6,True
Gm35025,2,False
Gm35040,6,True
Gm35048,0,False
Gm35060,0,False
Gm35067,0,False
Gm35070,0,False
Gm3508,2,False
Gm3510,1,False
Gm35106,6,True
Gm35108,0,False
Gm3511,6,True
Gm3512,5,True
Gm3513,0,False
Gm35134,0,False
Gm35147,0,False
Gm35191,0,False
Gm35202,0,False
Gm35212,0,False
Gm35216,0,False
Gm3526,5,True
Gm3527,4,True
Gm35299,0,False
Gm3531,6,True
Gm3532,3,True
Gm35323,2,False
Gm35339,4,True
Gm3534,6,True
Gm35386,1,False
Gm3542,1,False
Gm3543,0,False
Gm3544,6,True
Gm3549,3,True
Gm3550,6,True
Gm35507,1,False
Gm3551,3,True
Gm35549,2,False
Gm3555,6,True
Gm35570,6,True
Gm3558,6,True
Gm35584,1,False
Gm3563,1,False
Gm35648,1,False
Gm35670,0,False
Gm35702,0,False
Gm3571,6,True
Gm3573,0,False
Gm35736,1,False
Gm35801,0,False
Gm3584,1,False
Gm35842,0,False
Gm35843,0,False
Gm3585,0,False
Gm35876,2,False
Gm3591,6,True
Gm35911,5,True
Gm35931,0,False
Gm3594,1,False
Gm35955,0,False
Gm35960,1,False
Gm35986,1,False
Gm36011,3,True
Gm36028,1,False
Gm3604,6,True
Gm36047,0,False
Gm3605,0,False
Gm36070,4,True
Gm3608,6,True
Gm3611,0,False
Gm3616,0,False
Gm3617,6,True
Gm3618,0,False
Gm36186,0,False
Gm36189,2,False
Gm362,0,False
Gm36211,0,False
Gm3623,1,False
Gm3625,0,False
Gm36259,0,False
Gm36261,0,False
Gm36266,5,True
Gm3629,6,True
Gm36307,1,False
Gm3633,0,False
Gm36345,0,False
Gm3636,5,True
Gm36378,5,True
Gm36382,0,False
Gm36388,1,False
Gm36398,0,False
Gm364,1,False
Gm36401,5,True
Gm3642,1,False
Gm36448,6,True
Gm3646,0,False
Gm36467,0,False
Gm36468,0,False
Gm3650,6,True
Gm36520,0,False
Gm36527,1,False
Gm36536,1,False
Gm3654,1,False
Gm36551,0,False
Gm36569,0,False
Gm3657,0,False
Gm36633,0,False
Gm36638,4,True
Gm3665,0,False
Gm36669,1,False
Gm3667,5,True
Gm3669,0,False
Gm36694,1,False
Gm3671,6,True
Gm36728,0,False
Gm3675,0,False
Gm3676,0,False
Gm36776,0,False
Gm36782,0,False
Gm36793,0,False
Gm3681,0,False
Gm36814,0,False
Gm3683,1,False
Gm36831,0,False
Gm36840,0,False
Gm3685,0,False
Gm36858,5,True
Gm36864,0,False
Gm36866,0,False
Gm3687,6,True
Gm36888,2,False
Gm36891,0,False
Gm36927,0,False
Gm36928,0,False
Gm36929,0,False
Gm3693,2,False
Gm36930,2,False
Gm36931,2,False
Gm36932,3,True
Gm36933,6,True
Gm36934,1,False
Gm36935,3,True
Gm36936,6,True
Gm36937,0,False
Gm36938,0,False
Gm36939,5,True
Gm36940,1,False
Gm36941,0,False
Gm36943,0,False
Gm36944,5,True
Gm36945,0,False
Gm36946,0,False
Gm36947,1,False
Gm36948,2,False
Gm36949,3,True
Gm3695,6,True
Gm36950,0,False
Gm36951,1,False
Gm36952,6,True
Gm36953,0,False
Gm36954,0,False
Gm36955,2,False
Gm36956,0,False
Gm36957,0,False
Gm36958,6,True
Gm3696,6,True
Gm36960,0,False
Gm36961,6,True
Gm36962,6,True
Gm36963,6,True
Gm36964,6,True
Gm36965,0,False
Gm36966,0,False
Gm36967,0,False
Gm36968,0,False
Gm36969,5,True
Gm36970,0,False
Gm36971,0,False
Gm36972,0,False
Gm36973,0,False
Gm36974,0,False
Gm36975,2,False
Gm36976,2,False
Gm36978,0,False
Gm36979,0,False
Gm36980,0,False
Gm36981,0,False
Gm36982,1,False
Gm36983,1,False
Gm36984,0,False
Gm36985,2,False
Gm36986,0,False
Gm36987,1,False
Gm36988,6,True
Gm36989,3,True
Gm3699,6,True
Gm36990,0,False
Gm36991,1,False
Gm36992,0,False
Gm36993,1,False
Gm36994,0,False
Gm36995,5,True
Gm36996,1,False
Gm36997,1,False
Gm36998,0,False
Gm36999,0,False
Gm37000,0,False
Gm37001,1,False
Gm37002,0,False
Gm37003,2,False
Gm37004,0,False
Gm37005,6,True
Gm37006,2,False
Gm37007,0,False
Gm37008,3,True
Gm37009,6,True
Gm3701,1,False
Gm37010,1,False
Gm37011,6,True
Gm37012,1,False
Gm37013,0,False
Gm37014,1,False
Gm37015,0,False
Gm37016,3,True
Gm37017,4,True
Gm37018,5,True
Gm37019,4,True
Gm37020,0,False
Gm37021,0,False
Gm37022,1,False
Gm37023,0,False
Gm37024,1,False
Gm37025,6,True
Gm37026,0,False
Gm37027,4,True
Gm37028,0,False
Gm37029,0,False
Gm37030,1,False
Gm37031,0,False
Gm37032,0,False
Gm37033,6,True
Gm37034,5,True
Gm37035,2,False
Gm37036,2,False
Gm37037,0,False
Gm37038,2,False
Gm37039,1,False
Gm37040,1,False
Gm37041,0,False
Gm37042,1,False
Gm37043,1,False
Gm37044,0,False
Gm37045,1,False
Gm37047,0,False
Gm37048,3,True
Gm37049,0,False
Gm37050,0,False
Gm37051,5,True
Gm37052,5,True
Gm37053,3,True
Gm37054,0,False
Gm37055,0,False
Gm37056,1,False
Gm37057,0,False
Gm37058,3,True
Gm37059,0,False
Gm3706,1,False
Gm37060,6,True
Gm37061,2,False
Gm37062,0,False
Gm37063,6,True
Gm37064,0,False
Gm37065,5,True
Gm37066,0,False
Gm37067,1,False
Gm37068,0,False
Gm37069,6,True
Gm37070,6,True
Gm37071,0,False
Gm37072,1,False
Gm37073,0,False
Gm37074,2,False
Gm37075,1,False
Gm37076,0,False
Gm37077,6,True
Gm37078,1,False
Gm37079,6,True
Gm37080,0,False
Gm37081,1,False
Gm37082,0,False
Gm37083,0,False
Gm37084,2,False
Gm37085,0,False
Gm37086,1,False
Gm37087,1,False
Gm37088,0,False
Gm37089,0,False
Gm37090,6,True
Gm37091,2,False
Gm37092,0,False
Gm37093,0,False
Gm37094,1,False
Gm37095,0,False
Gm37096,0,False
Gm37097,0,False
Gm37098,4,True
Gm37099,0,False
Gm371,0,False
Gm37100,0,False
Gm37101,4,True
Gm37102,1,False
Gm37103,6,True
Gm37104,0,False
Gm37105,4,True
Gm37106,6,True
Gm37107,6,True
Gm37108,6,True
Gm37109,2,False
Gm37110,1,False
Gm37111,0,False
Gm37112,1,False
Gm37113,0,False
Gm37114,0,False
Gm37115,4,True
Gm37116,1,False
Gm37117,0,False
Gm37118,0,False
Gm37119,1,False
Gm3712,6,True
Gm37120,1,False
Gm37121,2,False
Gm37122,0,False
Gm37123,4,True
Gm37124,6,True
Gm37125,2,False
Gm37126,0,False
Gm37127,1,False
Gm37128,1,False
Gm37129,0,False
Gm37130,0,False
Gm37131,0,False
Gm37132,4,True
Gm37133,2,False
Gm37134,0,False
Gm37135,0,False
Gm37136,0,False
Gm37137,3,True
Gm37138,1,False
Gm37139,3,True
Gm37140,5,True
Gm37141,0,False
Gm37142,1,False
Gm37143,3,True
Gm37144,6,True
Gm37145,1,False
Gm37146,0,False
Gm37147,0,False
Gm37148,0,False
Gm37149,0,False
Gm3715,3,True
Gm37150,1,False
Gm37151,1,False
Gm37152,3,True
Gm37153,0,False
Gm37154,1,False
Gm37155,0,False
Gm37157,1,False
Gm37158,5,True
Gm37159,2,False
Gm3716,1,False
Gm37160,1,False
Gm37161,5,True
Gm37162,0,False
Gm37163,2,False
Gm37164,6,True
Gm37165,2,False
Gm37166,0,False
Gm37167,1,False
Gm37168,0,False
Gm37169,0,False
Gm37170,0,False
Gm37171,1,False
Gm37172,0,False
Gm37173,1,False
Gm37174,4,True
Gm37175,2,False
Gm37176,1,False
Gm37177,0,False
Gm37178,1,False
Gm37179,0,False
Gm37180,6,True
Gm37181,5,True
Gm37183,5,True
Gm37184,0,False
Gm37185,0,False
Gm37186,2,False
Gm37187,0,False
Gm37188,0,False
Gm37189,0,False
Gm3719,0,False
Gm37190,0,False
Gm37191,0,False
Gm37192,0,False
Gm37193,0,False
Gm37194,2,False
Gm37195,1,False
Gm37196,0,False
Gm37197,4,True
Gm37198,0,False
Gm37199,0,False
Gm37200,3,True
Gm37201,6,True
Gm37202,1,False
Gm37203,0,False
Gm37204,5,True
Gm37205,1,False
Gm37206,0,False
Gm37207,0,False
Gm37209,0,False
Gm37210,0,False
Gm37211,6,True
Gm37212,2,False
Gm37213,0,False
Gm37214,5,True
Gm37215,5,True
Gm37216,1,False
Gm37217,2,False
Gm37218,0,False
Gm37219,6,True
Gm37220,0,False
Gm37221,1,False
Gm37222,0,False
Gm37223,2,False
Gm37224,0,False
Gm37225,1,False
Gm37226,4,True
Gm37227,0,False
Gm37228,0,False
Gm37229,1,False
Gm37230,0,False
Gm37231,0,False
Gm37232,0,False
Gm37233,1,False
Gm37234,4,True
Gm37235,0,False
Gm37236,0,False
Gm37237,0,False
Gm37238,6,True
Gm37239,6,True
Gm3724,6,True
Gm37240,0,False
Gm37241,1,False
Gm37242,1,False
Gm37243,1,False
Gm37244,0,False
Gm37245,0,False
Gm37246,0,False
Gm37247,1,False
Gm37248,5,True
Gm37249,4,True
Gm37250,4,True
Gm37252,0,False
Gm37253,1,False
Gm37254,6,True
Gm37255,5,True
Gm37256,0,False
Gm37257,0,False
Gm37258,6,True
Gm37259,0,False
Gm3726,0,False
Gm37260,3,True
Gm37261,0,False
Gm37262,2,False
Gm37263,1,False
Gm37264,6,True
Gm37265,0,False
Gm37266,2,False
Gm37267,0,False
Gm37268,1,False
Gm37269,2,False
Gm3727,0,False
Gm37270,0,False
Gm37271,0,False
Gm37272,0,False
Gm37273,0,False
Gm37274,5,True
Gm37275,0,False
Gm37276,5,True
Gm37277,5,True
Gm37278,0,False
Gm37279,0,False
Gm37280,0,False
Gm37281,0,False
Gm37282,0,False
Gm37283,2,False
Gm37284,1,False
Gm37285,1,False
Gm37286,0,False
Gm37287,0,False
Gm37288,6,True
Gm37289,4,True
Gm37290,0,False
Gm37291,0,False
Gm37292,6,True
Gm37293,0,False
Gm37294,0,False
Gm37295,0,False
Gm37296,2,False
Gm37297,6,True
Gm37298,6,True
Gm37299,1,False
Gm37300,1,False
Gm37301,0,False
Gm37302,1,False
Gm37303,2,False
Gm37304,1,False
Gm37305,5,True
Gm37306,1,False
Gm37307,4,True
Gm37308,4,True
Gm37309,5,True
Gm37310,6,True
Gm37311,5,True
Gm37312,1,False
Gm37313,6,True
Gm37314,6,True
Gm37315,2,False
Gm37317,2,False
Gm37318,0,False
Gm37319,0,False
Gm37320,5,True
Gm37321,0,False
Gm37322,0,False
Gm37323,1,False
Gm37324,4,True
Gm37325,0,False
Gm37326,4,True
Gm37327,0,False
Gm37328,1,False
Gm37329,1,False
Gm37330,0,False
Gm37331,6,True
Gm37332,1,False
Gm37333,6,True
Gm37334,4,True
Gm37335,0,False
Gm37336,1,False
Gm37337,0,False
Gm37338,0,False
Gm37339,1,False
Gm37340,2,False
Gm37341,0,False
Gm37342,0,False
Gm37343,0,False
Gm37344,0,False
Gm37345,2,False
Gm37346,0,False
Gm37347,0,False
Gm37348,0,False
Gm37349,2,False
Gm37350,0,False
Gm37352,3,True
Gm37353,1,False
Gm37354,2,False
Gm37355,0,False
Gm37356,2,False
Gm37357,0,False
Gm37358,6,True
Gm37359,0,False
Gm37361,0,False
Gm37362,0,False
Gm37363,6,True
Gm37364,1,False
Gm37365,1,False
Gm37366,5,True
Gm37367,5,True
Gm37368,0,False
Gm37369,0,False
Gm37370,4,True
Gm37371,4,True
Gm37372,2,False
Gm37373,0,False
Gm37374,0,False
Gm37375,4,True
Gm37376,0,False
Gm37377,0,False
Gm37378,0,False
Gm37379,6,True
Gm37380,0,False
Gm37381,1,False
Gm37382,1,False
Gm37383,3,True
Gm37385,0,False
Gm37386,1,False
Gm37387,0,False
Gm37388,0,False
Gm37389,0,False
Gm3739,5,True
Gm37390,4,True
Gm37391,0,False
Gm37392,0,False
Gm37393,2,False
Gm37395,0,False
Gm37396,3,True
Gm37397,5,True
Gm37398,0,False
Gm37399,4,True
Gm37400,3,True
Gm37401,0,False
Gm37402,3,True
Gm37403,6,True
Gm37404,0,False
Gm37406,0,False
Gm37407,5,True
Gm37408,1,False
Gm37409,4,True
Gm37410,0,False
Gm37411,1,False
Gm37412,1,False
Gm37414,0,False
Gm37415,3,True
Gm37416,3,True
Gm37417,1,False
Gm37418,0,False
Gm37419,6,True
Gm37420,6,True
Gm37421,6,True
Gm37422,6,True
Gm37423,6,True
Gm37424,0,False
Gm37425,0,False
Gm37426,0,False
Gm37427,0,False
Gm37428,0,False
Gm37429,0,False
Gm37430,0,False
Gm37431,0,False
Gm37432,1,False
Gm37433,0,False
Gm37434,0,False
Gm37435,0,False
Gm37436,3,True
Gm37437,2,False
Gm37438,1,False
Gm37439,0,False
Gm37440,0,False
Gm37441,0,False
Gm37442,0,False
Gm37443,1,False
Gm37444,1,False
Gm37445,1,False
Gm37446,2,False
Gm37447,5,True
Gm37448,0,False
Gm37449,0,False
Gm3745,0,False
Gm37450,1,False
Gm37451,1,False
Gm37452,3,True
Gm37454,0,False
Gm37455,0,False
Gm37456,0,False
Gm37457,1,False
Gm37458,0,False
Gm37459,6,True
Gm37460,2,False
Gm37461,0,False
Gm37462,0,False
Gm37463,2,False
Gm37464,0,False
Gm37465,2,False
Gm37466,2,False
Gm37467,0,False
Gm37468,0,False
Gm37469,0,False
Gm37470,4,True
Gm37471,1,False
Gm37472,6,True
Gm37473,0,False
Gm37474,1,False
Gm37475,0,False
Gm37476,0,False
Gm37477,1,False
Gm37478,5,True
Gm37479,2,False
Gm37480,1,False
Gm37481,0,False
Gm37482,2,False
Gm37483,0,False
Gm37484,1,False
Gm37485,6,True
Gm37486,6,True
Gm37488,1,False
Gm37489,0,False
Gm37490,2,False
Gm37491,0,False
Gm37492,0,False
Gm37493,0,False
Gm37494,6,True
Gm37495,0,False
Gm37496,0,False
Gm37497,0,False
Gm37498,5,True
Gm37499,4,True
Gm3750,0,False
Gm37500,4,True
Gm37501,0,False
Gm37502,0,False
Gm37503,5,True
Gm37504,3,True
Gm37505,1,False
Gm37506,0,False
Gm37508,1,False
Gm37509,2,False
Gm37510,6,True
Gm37511,0,False
Gm37513,1,False
Gm37514,0,False
Gm37515,2,False
Gm37516,0,False
Gm37517,1,False
Gm37518,1,False
Gm37519,6,True
Gm3752,6,True
Gm37520,0,False
Gm37521,2,False
Gm37522,2,False
Gm37523,0,False
Gm37524,5,True
Gm37525,1,False
Gm37526,2,False
Gm37527,1,False
Gm37529,6,True
Gm37530,2,False
Gm37531,5,True
Gm37533,0,False
Gm37534,5,True
Gm37535,1,False
Gm37536,1,False
Gm37537,5,True
Gm37538,1,False
Gm37539,2,False
Gm37541,0,False
Gm37542,0,False
Gm37543,3,True
Gm37544,0,False
Gm37545,0,False
Gm37546,0,False
Gm37547,1,False
Gm37548,1,False
Gm37549,3,True
Gm3755,3,True
Gm37550,0,False
Gm37551,1,False
Gm37552,1,False
Gm37553,0,False
Gm37555,1,False
Gm37556,0,False
Gm37557,0,False
Gm37558,5,True
Gm37559,2,False
Gm3756,6,True
Gm37560,0,False
Gm37561,0,False
Gm37562,6,True
Gm37563,0,False
Gm37564,0,False
Gm37565,0,False
Gm37566,5,True
Gm37567,4,True
Gm37568,1,False
Gm37569,4,True
Gm3757,2,False
Gm37570,6,True
Gm37571,0,False
Gm37572,0,False
Gm37573,4,True
Gm37574,1,False
Gm37575,1,False
Gm37576,0,False
Gm37577,0,False
Gm37578,0,False
Gm37579,0,False
Gm37580,3,True
Gm37581,2,False
Gm37582,0,False
Gm37583,2,False
Gm37584,5,True
Gm37585,0,False
Gm37586,0,False
Gm37587,0,False
Gm37588,0,False
Gm37589,3,True
Gm37590,1,False
Gm37591,0,False
Gm37592,0,False
Gm37593,4,True
Gm37595,0,False
Gm37596,0,False
Gm37597,0,False
Gm37598,6,True
Gm37599,6,True
Gm3760,0,False
Gm37600,0,False
Gm37601,0,False
Gm37602,6,True
Gm37603,0,False
Gm37604,0,False
Gm37605,0,False
Gm37606,6,True
Gm37607,6,True
Gm37608,5,True
Gm37609,0,False
Gm37610,0,False
Gm37611,1,False
Gm37612,2,False
Gm37613,1,False
Gm37614,0,False
Gm37615,0,False
Gm37616,0,False
Gm37617,0,False
Gm37618,1,False
Gm37619,0,False
Gm37620,0,False
Gm37621,6,True
Gm37622,0,False
Gm37623,0,False
Gm37624,0,False
Gm37625,1,False
Gm37626,2,False
Gm37627,0,False
Gm37628,6,True
Gm37629,3,True
Gm3763,1,False
Gm37630,0,False
Gm37631,0,False
Gm37632,1,False
Gm37633,4,True
Gm37634,0,False
Gm37635,0,False
Gm37636,1,False
Gm37637,6,True
Gm37638,0,False
Gm37639,3,True
Gm3764,6,True
Gm37640,3,True
Gm37641,0,False
Gm37642,0,False
Gm37643,2,False
Gm37644,3,True
Gm37645,4,True
Gm37646,0,False
Gm37647,1,False
Gm37648,5,True
Gm37649,2,False
Gm3765,6,True
Gm37650,0,False
Gm37651,1,False
Gm37652,0,False
Gm37653,6,True
Gm37654,0,False
Gm37655,1,False
Gm37656,0,False
Gm37657,1,False
Gm37658,0,False
Gm37659,0,False
Gm37660,1,False
Gm37661,0,False
Gm37662,0,False
Gm37663,5,True
Gm37664,0,False
Gm37665,0,False
Gm37666,1,False
Gm37667,0,False
Gm37668,0,False
Gm37669,0,False
Gm37670,5,True
Gm37671,0,False
Gm37672,2,False
Gm37673,4,True
Gm37674,0,False
Gm37675,2,False
Gm37676,0,False
Gm37677,4,True
Gm37678,6,True
Gm37679,5,True
Gm37681,0,False
Gm37682,1,False
Gm37683,2,False
Gm37684,0,False
Gm37685,1,False
Gm37686,5,True
Gm37687,0,False
Gm37688,2,False
Gm37689,0,False
Gm37690,0,False
Gm37691,0,False
Gm37692,6,True
Gm37693,0,False
Gm37694,6,True
Gm37695,0,False
Gm37696,6,True
Gm37697,1,False
Gm37698,0,False
Gm37699,6,True
Gm37700,1,False
Gm37701,0,False
Gm37702,1,False
Gm37703,0,False
Gm37705,0,False
Gm37706,6,True
Gm37707,1,False
Gm37708,1,False
Gm37709,0,False
Gm37710,0,False
Gm37711,1,False
Gm37712,0,False
Gm37713,0,False
Gm37714,1,False
Gm37715,0,False
Gm37716,4,True
Gm37717,0,False
Gm37718,4,True
Gm37719,0,False
Gm37720,6,True
Gm37721,0,False
Gm37722,0,False
Gm37723,0,False
Gm37724,0,False
Gm37725,3,True
Gm37726,2,False
Gm37727,0,False
Gm37728,6,True
Gm37729,0,False
Gm37730,2,False
Gm37731,6,True
Gm37732,0,False
Gm37733,5,True
Gm37734,0,False
Gm37735,5,True
Gm37736,6,True
Gm37737,1,False
Gm37738,6,True
Gm37739,1,False
Gm37740,0,False
Gm37741,0,False
Gm37742,1,False
Gm37743,0,False
Gm37744,0,False
Gm37745,4,True
Gm37746,0,False
Gm37747,1,False
Gm37748,3,True
Gm37749,0,False
Gm37750,5,True
Gm37751,0,False
Gm37752,1,False
Gm37753,0,False
Gm37754,0,False
Gm37755,3,True
Gm37756,0,False
Gm37757,0,False
Gm37758,6,True
Gm37759,0,False
Gm37760,6,True
Gm37761,1,False
Gm37762,0,False
Gm37763,0,False
Gm37764,0,False
Gm37765,0,False
Gm37766,1,False
Gm37767,0,False
Gm37768,4,True
Gm37769,4,True
Gm37770,0,False
Gm37771,0,False
Gm37772,0,False
Gm37773,4,True
Gm37774,1,False
Gm37775,1,False
Gm37776,4,True
Gm37777,0,False
Gm37778,0,False
Gm37779,1,False
Gm37780,6,True
Gm37781,1,False
Gm37782,0,False
Gm37783,5,True
Gm37784,6,True
Gm37785,3,True
Gm37786,2,False
Gm37787,0,False
Gm37788,4,True
Gm37789,0,False
Gm37790,2,False
Gm37791,0,False
Gm37792,1,False
Gm37793,0,False
Gm37795,1,False
Gm37796,0,False
Gm37797,0,False
Gm37798,1,False
Gm37799,0,False
Gm378,2,False
Gm37800,0,False
Gm37801,0,False
Gm37802,6,True
Gm37803,0,False
Gm37804,0,False
Gm37805,5,True
Gm37806,0,False
Gm37807,0,False
Gm37808,0,False
Gm37809,1,False
Gm37811,4,True
Gm37812,1,False
Gm37813,0,False
Gm37814,4,True
Gm37815,1,False
Gm37817,1,False
Gm37818,0,False
Gm37819,0,False
Gm37820,0,False
Gm37821,0,False
Gm37822,1,False
Gm37823,0,False
Gm37824,2,False
Gm37825,0,False
Gm37826,0,False
Gm37827,0,False
Gm37828,0,False
Gm37829,6,True
Gm37830,0,False
Gm37831,1,False
Gm37832,3,True
Gm37833,3,True
Gm37834,1,False
Gm37835,0,False
Gm37836,0,False
Gm37837,0,False
Gm37838,2,False
Gm37839,0,False
Gm37840,1,False
Gm37841,1,False
Gm37842,1,False
Gm37843,0,False
Gm37844,5,True
Gm37845,2,False
Gm37846,2,False
Gm37847,1,False
Gm37848,6,True
Gm37849,0,False
Gm37850,1,False
Gm37851,2,False
Gm37852,0,False
Gm37853,0,False
Gm37854,0,False
Gm37855,2,False
Gm37856,0,False
Gm37857,0,False
Gm37858,0,False
Gm37859,2,False
Gm3786,0,False
Gm37860,2,False
Gm37861,6,True
Gm37862,6,True
Gm37863,2,False
Gm37864,1,False
Gm37865,0,False
Gm37866,1,False
Gm37867,1,False
Gm37868,0,False
Gm37869,0,False
Gm37870,0,False
Gm37871,3,True
Gm37872,0,False
Gm37873,0,False
Gm37874,5,True
Gm37875,0,False
Gm37876,0,False
Gm37877,4,True
Gm37878,0,False
Gm37879,4,True
Gm3788,6,True
Gm37880,6,True
Gm37881,0,False
Gm37882,0,False
Gm37883,0,False
Gm37884,0,False
Gm37885,5,True
Gm37886,1,False
Gm37887,1,False
Gm37888,0,False
Gm37889,0,False
Gm37890,0,False
Gm37891,3,True
Gm37892,0,False
Gm37893,5,True
Gm37894,4,True
Gm37895,6,True
Gm37896,3,True
Gm37897,1,False
Gm37898,0,False
Gm37899,6,True
Gm379,0,False
Gm37900,5,True
Gm37901,0,False
Gm37902,3,True
Gm37903,1,False
Gm37904,0,False
Gm37905,2,False
Gm37906,3,True
Gm37907,0,False
Gm37908,0,False
Gm37909,4,True
Gm37910,0,False
Gm37911,1,False
Gm37912,0,False
Gm37913,0,False
Gm37914,4,True
Gm37915,2,False
Gm37916,1,False
Gm37917,1,False
Gm37918,2,False
Gm37920,0,False
Gm37921,0,False
Gm37922,0,False
Gm37923,0,False
Gm37924,3,True
Gm37925,4,True
Gm37926,0,False
Gm37927,0,False
Gm37928,3,True
Gm37929,0,False
Gm3793,0,False
Gm37930,0,False
Gm37931,3,True
Gm37932,1,False
Gm37933,0,False
Gm37934,0,False
Gm37935,3,True
Gm37936,4,True
Gm37937,1,False
Gm37938,4,True
Gm37939,0,False
Gm37940,6,True
Gm37941,6,True
Gm37942,1,False
Gm37943,4,True
Gm37944,0,False
Gm37945,4,True
Gm37946,5,True
Gm37947,0,False
Gm37948,1,False
Gm37949,5,True
Gm37950,0,False
Gm37951,0,False
Gm37952,0,False
Gm37953,4,True
Gm37954,6,True
Gm37955,0,False
Gm37956,1,False
Gm37957,0,False
Gm37958,0,False
Gm37959,1,False
Gm37960,4,True
Gm37961,0,False
Gm37962,5,True
Gm37963,5,True
Gm37964,5,True
Gm37965,5,True
Gm37966,0,False
Gm37967,4,True
Gm37968,6,True
Gm37969,4,True
Gm37970,2,False
Gm37971,1,False
Gm37972,0,False
Gm37973,1,False
Gm37974,0,False
Gm37975,0,False
Gm37976,1,False
Gm37977,0,False
Gm37978,1,False
Gm37979,3,True
Gm37980,4,True
Gm37981,6,True
Gm37982,1,False
Gm37983,4,True
Gm37984,2,False
Gm37985,5,True
Gm37986,0,False
Gm37987,0,False
Gm37988,0,False
Gm37989,0,False
Gm37990,0,False
Gm37991,1,False
Gm37993,4,True
Gm37994,0,False
Gm37995,3,True
Gm37996,6,True
Gm37997,0,False
Gm37998,0,False
Gm37999,5,True
Gm38000,2,False
Gm38001,2,False
Gm38002,0,False
Gm38003,1,False
Gm38004,0,False
Gm38005,0,False
Gm38006,0,False
Gm38007,3,True
Gm38008,1,False
Gm38009,5,True
Gm38010,3,True
Gm38011,2,False
Gm38012,2,False
Gm38013,1,False
Gm38014,3,True
Gm38015,1,False
Gm38016,1,False
Gm38017,0,False
Gm38018,0,False
Gm38019,0,False
Gm38020,6,True
Gm38021,3,True
Gm38022,0,False
Gm38024,2,False
Gm38025,6,True
Gm38026,1,False
Gm38027,1,False
Gm38028,1,False
Gm38029,2,False
Gm38030,0,False
Gm38031,5,True
Gm38032,3,True
Gm38033,0,False
Gm38034,5,True
Gm38035,0,False
Gm38036,3,True
Gm38037,1,False
Gm38038,1,False
Gm38039,0,False
Gm38040,6,True
Gm38041,0,False
Gm38042,6,True
Gm38043,6,True
Gm38044,0,False
Gm38045,0,False
Gm38046,0,False
Gm38047,3,True
Gm38048,1,False
Gm38049,3,True
Gm38050,0,False
Gm38051,0,False
Gm38052,0,False
Gm38053,6,True
Gm38054,0,False
Gm38055,1,False
Gm38056,6,True
Gm38057,3,True
Gm38058,0,False
Gm38059,3,True
Gm38060,0,False
Gm38061,0,False
Gm38062,3,True
Gm38063,0,False
Gm38064,1,False
Gm38065,0,False
Gm38066,0,False
Gm38067,1,False
Gm38068,0,False
Gm38069,0,False
Gm3807,0,False
Gm38070,2,False
Gm38071,6,True
Gm38072,1,False
Gm38073,0,False
Gm38074,0,False
Gm38075,5,True
Gm38076,0,False
Gm38077,4,True
Gm38078,0,False
Gm38079,1,False
Gm38080,2,False
Gm38081,0,False
Gm38082,6,True
Gm38083,2,False
Gm38084,0,False
Gm38085,2,False
Gm38086,0,False
Gm38087,0,False
Gm38088,0,False
Gm38089,0,False
Gm3809,6,True
Gm38090,0,False
Gm38091,1,False
Gm38092,0,False
Gm38093,0,False
Gm38094,0,False
Gm38095,1,False
Gm38096,0,False
Gm38097,0,False
Gm38098,6,True
Gm38099,6,True
Gm381,0,False
Gm3810,6,True
Gm38100,0,False
Gm38101,1,False
Gm38102,5,True
Gm38103,0,False
Gm38104,3,True
Gm38105,0,False
Gm38106,1,False
Gm38107,0,False
Gm38108,0,False
Gm38109,0,False
Gm38110,2,False
Gm38111,1,False
Gm38112,5,True
Gm38113,0,False
Gm38114,2,False
Gm38115,5,True
Gm38116,2,False
Gm38117,0,False
Gm38118,0,False
Gm38119,0,False
Gm38120,6,True
Gm38121,0,False
Gm38122,0,False
Gm38123,0,False
Gm38124,3,True
Gm38125,3,True
Gm38126,5,True
Gm38127,0,False
Gm38128,1,False
Gm38129,3,True
Gm38130,0,False
Gm38131,0,False
Gm38132,1,False
Gm38133,0,False
Gm38134,1,False
Gm38135,0,False
Gm38136,1,False
Gm38137,0,False
Gm38138,0,False
Gm38139,3,True
Gm38140,0,False
Gm38141,0,False
Gm38142,6,True
Gm38143,1,False
Gm38144,0,False
Gm38145,0,False
Gm38146,2,False
Gm38147,1,False
Gm38148,3,True
Gm38149,0,False
Gm38150,2,False
Gm38151,0,False
Gm38152,1,False
Gm38153,0,False
Gm38154,0,False
Gm38155,0,False
Gm38156,0,False
Gm38157,6,True
Gm38158,4,True
Gm38159,0,False
Gm38160,6,True
Gm38161,1,False
Gm38162,6,True
Gm38163,1,False
Gm38164,0,False
Gm38165,1,False
Gm38166,6,True
Gm38167,0,False
Gm38168,0,False
Gm38169,0,False
Gm38170,0,False
Gm38171,0,False
Gm38172,0,False
Gm38173,0,False
Gm38174,1,False
Gm38175,0,False
Gm38177,3,True
Gm38178,2,False
Gm38179,1,False
Gm38180,1,False
Gm38181,0,False
Gm38182,0,False
Gm38183,0,False
Gm38184,1,False
Gm38185,0,False
Gm38186,2,False
Gm38187,5,True
Gm38188,1,False
Gm38189,0,False
Gm38190,6,True
Gm38191,1,False
Gm38192,4,True
Gm38193,0,False
Gm38194,2,False
Gm38195,0,False
Gm38197,1,False
Gm38198,6,True
Gm38199,2,False
Gm382,0,False
Gm38200,4,True
Gm38201,0,False
Gm38203,0,False
Gm38204,0,False
Gm38205,0,False
Gm38206,0,False
Gm38207,0,False
Gm38208,0,False
Gm38209,1,False
Gm38210,1,False
Gm38211,3,True
Gm38212,0,False
Gm38213,2,False
Gm38214,5,True
Gm38215,2,False
Gm38216,0,False
Gm38217,1,False
Gm38218,3,True
Gm38219,0,False
Gm3822,0,False
Gm38220,1,False
Gm38221,0,False
Gm38223,3,True
Gm38224,6,True
Gm38225,0,False
Gm38226,1,False
Gm38227,4,True
Gm38228,5,True
Gm38229,1,False
Gm38230,2,False
Gm38231,0,False
Gm38232,0,False
Gm38233,0,False
Gm38234,0,False
Gm38235,6,True
Gm38236,2,False
Gm38237,0,False
Gm38238,0,False
Gm38240,0,False
Gm38241,0,False
Gm38242,0,False
Gm38243,2,False
Gm38244,1,False
Gm38245,0,False
Gm38246,0,False
Gm38247,6,True
Gm38248,6,True
Gm38249,0,False
Gm38250,6,True
Gm38251,2,False
Gm38252,1,False
Gm38253,3,True
Gm38254,0,False
Gm38255,5,True
Gm38256,0,False
Gm38257,5,True
Gm38258,0,False
Gm38259,0,False
Gm38260,6,True
Gm38261,6,True
Gm38262,2,False
Gm38263,2,False
Gm38264,0,False
Gm38265,1,False
Gm38266,0,False
Gm38268,1,False
Gm38269,0,False
Gm38270,0,False
Gm38271,0,False
Gm38272,2,False
Gm38273,0,False
Gm38274,0,False
Gm38275,0,False
Gm38276,0,False
Gm38277,1,False
Gm38278,0,False
Gm38279,1,False
Gm3828,6,True
Gm38280,1,False
Gm38281,0,False
Gm38282,0,False
Gm38283,0,False
Gm38284,1,False
Gm38285,1,False
Gm38286,6,True
Gm38287,0,False
Gm38288,0,False
Gm38289,0,False
Gm38290,0,False
Gm38291,1,False
Gm38292,1,False
Gm38293,3,True
Gm38294,6,True
Gm38295,1,False
Gm38296,1,False
Gm38297,0,False
Gm38298,0,False
Gm38299,6,True
Gm3830,4,True
Gm38300,1,False
Gm38301,0,False
Gm38302,2,False
Gm38303,0,False
Gm38304,2,False
Gm38305,6,True
Gm38306,0,False
Gm38307,2,False
Gm38308,1,False
Gm38309,3,True
Gm38311,0,False
Gm38312,5,True
Gm38313,0,False
Gm38314,1,False
Gm38315,0,False
Gm38316,6,True
Gm38317,6,True
Gm38318,0,False
Gm38319,2,False
Gm38320,0,False
Gm38321,0,False
Gm38322,0,False
Gm38323,0,False
Gm38324,0,False
Gm38325,0,False
Gm38326,0,False
Gm38327,0,False
Gm38328,0,False
Gm38329,1,False
Gm38330,1,False
Gm38331,2,False
Gm38332,0,False
Gm38333,0,False
Gm38334,0,False
Gm38335,1,False
Gm38336,5,True
Gm38337,0,False
Gm38339,1,False
Gm38340,6,True
Gm38341,0,False
Gm38342,0,False
Gm38343,1,False
Gm38344,3,True
Gm38345,0,False
Gm38346,1,False
Gm38348,5,True
Gm38349,0,False
Gm3835,6,True
Gm38350,0,False
Gm38351,1,False
Gm38352,1,False
Gm38353,1,False
Gm38354,0,False
Gm38355,2,False
Gm38356,0,False
Gm38357,2,False
Gm38358,6,True
Gm38359,6,True
Gm38360,0,False
Gm38361,0,False
Gm38362,0,False
Gm38363,0,False
Gm38364,0,False
Gm38365,6,True
Gm38366,4,True
Gm38368,1,False
Gm38369,0,False
Gm3837,6,True
Gm38370,0,False
Gm38371,0,False
Gm38372,4,True
Gm38373,0,False
Gm38374,0,False
Gm38375,5,True
Gm38376,4,True
Gm38377,1,False
Gm38378,0,False
Gm38379,0,False
Gm38380,6,True
Gm38381,6,True
Gm38382,1,False
Gm38383,0,False
Gm38384,4,True
Gm38385,0,False
Gm38386,2,False
Gm38387,6,True
Gm38388,0,False
Gm38389,0,False
Gm3839,6,True
Gm38390,0,False
Gm38391,6,True
Gm38392,0,False
Gm38393,6,True
Gm38394,6,True
Gm38395,0,False
Gm38399,3,True
Gm38400,6,True
Gm38404,1,False
Gm3841,1,False
Gm38433,1,False
Gm38451,1,False
Gm3848,1,False
Gm38505,3,True
Gm38509,0,False
Gm3851,6,True
Gm3852,6,True
Gm3854,6,True
Gm3867,1,False
Gm38670,0,False
Gm38671,0,False
Gm38697,0,False
Gm38706,0,False
Gm3880,0,False
Gm3883,4,True
Gm38840,1,False
Gm3890,0,False
Gm3892,4,True
Gm3893,3,True
Gm38941,3,True
Gm3896,0,False
Gm3898,0,False
Gm38999,0,False
Gm3912,6,True
Gm3922,0,False
Gm3928,1,False
Gm3931,0,False
Gm3933,0,False
Gm3934,6,True
Gm3940,6,True
Gm3943,0,False
Gm3944,0,False
Gm3945,0,False
Gm3952,1,False
Gm3956,1,False
Gm3961,1,False
Gm3962,5,True
Gm3970,0,False
Gm3972,4,True
Gm3978,5,True
Gm3985,2,False
Gm3993,0,False
Gm40,0,False
Gm4011,1,False
Gm4017,6,True
Gm40190,0,False
Gm4027,2,False
Gm40319,0,False
Gm4034,6,True
Gm4035,6,True
Gm40414,5,True
Gm4045,6,True
Gm4064,0,False
Gm4070,4,True
Gm4073,0,False
Gm4076,6,True
Gm4081,0,False
Gm4083,1,False
Gm41,0,False
Gm4117,6,True
Gm412,1,False
Gm4128,0,False
Gm4131,4,True
Gm4133,0,False
Gm4134,0,False
Gm4141,2,False
Gm4149,6,True
Gm4152,2,False
Gm4175,1,False
Gm4177,0,False
Gm4181,0,False
Gm4187,0,False
Gm4189,5,True
Gm4201,1,False
Gm4202,6,True
Gm4204,6,True
Gm4207,1,False
Gm4208,0,False
Gm4211,1,False
Gm4214,1,False
Gm4216,0,False
Gm42164,0,False
Gm4217,6,True
Gm4219,0,False
Gm4221,6,True
Gm4222,0,False
Gm4234,1,False
Gm42372,6,True
Gm42402,0,False
Gm42413,6,True
Gm42416,0,False
Gm42417,0,False
Gm42418,6,True
Gm42419,0,False
Gm42420,0,False
Gm42421,0,False
Gm42423,2,False
Gm42424,0,False
Gm42425,0,False
Gm42426,0,False
Gm42427,6,True
Gm42428,4,True
Gm42429,3,True
Gm42430,6,True
Gm42431,0,False
Gm42432,6,True
Gm42433,2,False
Gm42434,1,False
Gm42435,0,False
Gm42436,2,False
Gm42437,0,False
Gm42438,3,True
Gm42439,5,True
Gm42440,4,True
Gm42441,2,False
Gm42442,4,True
Gm42443,4,True
Gm42444,2,False
Gm42445,1,False
Gm42446,4,True
Gm42447,6,True
Gm42448,4,True
Gm42449,1,False
Gm4245,6,True
Gm42450,0,False
Gm42451,0,False
Gm42452,0,False
Gm42453,0,False
Gm42454,1,False
Gm42455,5,True
Gm42456,0,False
Gm42457,0,False
Gm42458,0,False
Gm42459,0,False
Gm4246,6,True
Gm42460,0,False
Gm42461,1,False
Gm42462,3,True
Gm42463,6,True
Gm42464,3,True
Gm42465,0,False
Gm42466,4,True
Gm42467,4,True
Gm42468,0,False
Gm42469,6,True
Gm42470,4,True
Gm42471,0,False
Gm42472,0,False
Gm42473,0,False
Gm42474,0,False
Gm42475,0,False
Gm42476,0,False
Gm42477,6,True
Gm42478,3,True
Gm42479,4,True
Gm4248,0,False
Gm42480,6,True
Gm42481,0,False
Gm42482,6,True
Gm42483,3,True
Gm42484,6,True
Gm42485,0,False
Gm42486,4,True
Gm42487,1,False
Gm42488,1,False
Gm42489,1,False
Gm42490,3,True
Gm42491,0,False
Gm42492,0,False
Gm42493,1,False
Gm42494,1,False
Gm42495,0,False
Gm42496,1,False
Gm42497,6,True
Gm42498,2,False
Gm42499,0,False
Gm42500,1,False
Gm42501,0,False
Gm42502,0,False
Gm42503,1,False
Gm42504,0,False
Gm42505,0,False
Gm42506,0,False
Gm42507,5,True
Gm42508,6,True
Gm42509,0,False
Gm42510,1,False
Gm42511,0,False
Gm42512,2,False
Gm42513,0,False
Gm42514,0,False
Gm42515,5,True
Gm42516,0,False
Gm42517,6,True
Gm42518,3,True
Gm42519,2,False
Gm4252,0,False
Gm42520,2,False
Gm42521,2,False
Gm42522,2,False
Gm42523,1,False
Gm42524,0,False
Gm42525,5,True
Gm42526,6,True
Gm42527,0,False
Gm42528,1,False
Gm42529,1,False
Gm42530,0,False
Gm42531,3,True
Gm42532,0,False
Gm42533,1,False
Gm42534,2,False
Gm42535,6,True
Gm42536,1,False
Gm42537,0,False
Gm42538,3,True
Gm42539,0,False
Gm42540,0,False
Gm42541,0,False
Gm42542,0,False
Gm42543,0,False
Gm42544,0,False
Gm42545,0,False
Gm42546,3,True
Gm42547,6,True
Gm42548,2,False
Gm42549,3,True
Gm42550,0,False
Gm42551,3,True
Gm42552,2,False
Gm42553,2,False
Gm42555,2,False
Gm42556,5,True
Gm42557,0,False
Gm42558,0,False
Gm42559,3,True
Gm42560,0,False
Gm42561,3,True
Gm42562,0,False
Gm42563,0,False
Gm42564,0,False
Gm42565,0,False
Gm42566,6,True
Gm42567,1,False
Gm42568,3,True
Gm42569,0,False
Gm42570,3,True
Gm42571,2,False
Gm42572,3,True
Gm42573,6,True
Gm42574,6,True
Gm42575,0,False
Gm42576,6,True
Gm42577,3,True
Gm42578,0,False
Gm42579,0,False
Gm4258,6,True
Gm42580,0,False
Gm42581,0,False
Gm42582,1,False
Gm42583,6,True
Gm42584,0,False
Gm42585,6,True
Gm42586,0,False
Gm42587,3,True
Gm42588,2,False
Gm42589,4,True
Gm4259,0,False
Gm42590,1,False
Gm42591,0,False
Gm42592,0,False
Gm42593,0,False
Gm42594,0,False
Gm42595,5,True
Gm42596,0,False
Gm42597,1,False
Gm42598,0,False
Gm42599,1,False
Gm42600,6,True
Gm42601,0,False
Gm42602,2,False
Gm42603,1,False
Gm42604,0,False
Gm42605,3,True
Gm42606,0,False
Gm42607,2,False
Gm42608,6,True
Gm42609,2,False
Gm42610,0,False
Gm42611,3,True
Gm42612,0,False
Gm42613,2,False
Gm42614,5,True
Gm42615,5,True
Gm42616,5,True
Gm42617,0,False
Gm42618,0,False
Gm42619,0,False
Gm4262,0,False
Gm42620,0,False
Gm42621,0,False
Gm42622,0,False
Gm42623,0,False
Gm42624,0,False
Gm42625,0,False
Gm42626,1,False
Gm42627,5,True
Gm42628,0,False
Gm42629,0,False
Gm42630,0,False
Gm42631,0,False
Gm42632,0,False
Gm42633,5,True
Gm42634,0,False
Gm42635,6,True
Gm42636,3,True
Gm42637,1,False
Gm42638,1,False
Gm42639,6,True
Gm42640,5,True
Gm42641,5,True
Gm42642,0,False
Gm42643,0,False
Gm42644,6,True
Gm42645,0,False
Gm42646,0,False
Gm42647,0,False
Gm42648,4,True
Gm42649,0,False
Gm4265,0,False
Gm42650,0,False
Gm42651,1,False
Gm42652,0,False
Gm42653,3,True
Gm42654,1,False
Gm42655,0,False
Gm42656,2,False
Gm42657,0,False
Gm42658,2,False
Gm42659,6,True
Gm42660,0,False
Gm42661,3,True
Gm42662,1,False
Gm42663,1,False
Gm42664,5,True
Gm42665,0,False
Gm42666,6,True
Gm42667,0,False
Gm42668,0,False
Gm42669,5,True
Gm42670,0,False
Gm42671,2,False
Gm42672,3,True
Gm42673,0,False
Gm42674,0,False
Gm42675,2,False
Gm42676,0,False
Gm42677,0,False
Gm42678,0,False
Gm42679,0,False
Gm42680,0,False
Gm42681,0,False
Gm42682,1,False
Gm42683,1,False
Gm42684,1,False
Gm42685,4,True
Gm42686,1,False
Gm42687,0,False
Gm42688,6,True
Gm42689,0,False
Gm42690,6,True
Gm42691,0,False
Gm42692,6,True
Gm42693,5,True
Gm42694,6,True
Gm42695,3,True
Gm42696,2,False
Gm42697,0,False
Gm42698,0,False
Gm42699,2,False
Gm42700,2,False
Gm42701,5,True
Gm42702,5,True
Gm42703,0,False
Gm42704,0,False
Gm42705,1,False
Gm42706,0,False
Gm42707,0,False
Gm42708,0,False
Gm42709,0,False
Gm4271,0,False
Gm42710,6,True
Gm42711,1,False
Gm42712,1,False
Gm42713,1,False
Gm42714,0,False
Gm42715,5,True
Gm42716,3,True
Gm42717,5,True
Gm42718,1,False
Gm42719,0,False
Gm42720,0,False
Gm42721,0,False
Gm42722,0,False
Gm42723,3,True
Gm42724,6,True
Gm42725,6,True
Gm42726,6,True
Gm42727,4,True
Gm42728,6,True
Gm42729,6,True
Gm42730,3,True
Gm42731,4,True
Gm42732,6,True
Gm42733,0,False
Gm42734,0,False
Gm42735,5,True
Gm42736,3,True
Gm42737,2,False
Gm42738,1,False
Gm42739,0,False
Gm42740,0,False
Gm42741,2,False
Gm42742,6,True
Gm42743,3,True
Gm42744,0,False
Gm42745,0,False
Gm42746,1,False
Gm42747,0,False
Gm42748,3,True
Gm42749,1,False
Gm4275,3,True
Gm42750,0,False
Gm42751,1,False
Gm42752,0,False
Gm42753,1,False
Gm42754,1,False
Gm42755,0,False
Gm42756,6,True
Gm42757,0,False
Gm42758,1,False
Gm42759,0,False
Gm42760,0,False
Gm42761,0,False
Gm42762,3,True
Gm42763,5,True
Gm42764,1,False
Gm42765,3,True
Gm42766,0,False
Gm42767,2,False
Gm42768,0,False
Gm42769,5,True
Gm42770,4,True
Gm42771,3,True
Gm42772,4,True
Gm42773,0,False
Gm42774,4,True
Gm42775,6,True
Gm42776,0,False
Gm42777,3,True
Gm42778,0,False
Gm42779,6,True
Gm42780,4,True
Gm42781,0,False
Gm42782,0,False
Gm42783,6,True
Gm42784,0,False
Gm42785,1,False
Gm42786,6,True
Gm42787,0,False
Gm42788,2,False
Gm42789,3,True
Gm4279,3,True
Gm42790,6,True
Gm42791,3,True
Gm42792,0,False
Gm42793,0,False
Gm42794,0,False
Gm42795,0,False
Gm42796,0,False
Gm42797,0,False
Gm42798,4,True
Gm42799,0,False
Gm428,0,False
Gm42800,0,False
Gm42801,0,False
Gm42802,0,False
Gm42803,3,True
Gm42804,0,False
Gm42805,0,False
Gm42806,0,False
Gm42807,1,False
Gm42808,0,False
Gm42809,0,False
Gm42810,0,False
Gm42811,2,False
Gm42812,0,False
Gm42813,0,False
Gm42814,6,True
Gm42815,3,True
Gm42816,0,False
Gm42817,2,False
Gm42818,6,True
Gm42819,5,True
Gm42820,6,True
Gm42821,0,False
Gm42822,1,False
Gm42823,0,False
Gm42824,0,False
Gm42825,0,False
Gm42826,6,True
Gm42827,1,False
Gm42828,0,False
Gm42829,3,True
Gm42830,0,False
Gm42831,0,False
Gm42832,0,False
Gm42833,2,False
Gm42834,6,True
Gm42835,0,False
Gm42836,3,True
Gm42837,1,False
Gm42838,0,False
Gm42839,0,False
Gm42840,1,False
Gm42841,3,True
Gm42842,3,True
Gm42843,4,True
Gm42844,0,False
Gm42845,6,True
Gm42846,0,False
Gm42847,3,True
Gm42848,1,False
Gm42849,0,False
Gm4285,6,True
Gm42850,1,False
Gm42851,2,False
Gm42852,0,False
Gm42853,1,False
Gm42854,0,False
Gm42855,6,True
Gm42856,6,True
Gm42857,0,False
Gm42858,5,True
Gm42859,1,False
Gm42860,5,True
Gm42861,6,True
Gm42862,0,False
Gm42863,1,False
Gm42864,3,True
Gm42865,2,False
Gm42866,0,False
Gm42867,3,True
Gm42868,1,False
Gm42869,3,True
Gm4287,0,False
Gm42870,0,False
Gm42871,0,False
Gm42872,1,False
Gm42873,0,False
Gm42874,0,False
Gm42875,0,False
Gm42876,1,False
Gm42877,1,False
Gm42878,3,True
Gm42879,4,True
Gm42880,0,False
Gm42881,3,True
Gm42882,0,False
Gm42883,0,False
Gm42884,0,False
Gm42885,2,False
Gm42886,1,False
Gm42887,3,True
Gm42888,2,False
Gm42889,0,False
Gm42890,5,True
Gm42891,0,False
Gm42892,6,True
Gm42893,0,False
Gm42894,3,True
Gm42895,5,True
Gm42896,0,False
Gm42897,1,False
Gm42898,3,True
Gm42899,6,True
Gm4290,0,False
Gm42900,0,False
Gm42901,2,False
Gm42902,1,False
Gm42903,2,False
Gm42904,0,False
Gm42905,0,False
Gm42906,0,False
Gm42907,1,False
Gm42908,6,True
Gm42909,4,True
Gm42910,0,False
Gm42911,1,False
Gm42912,0,False
Gm42913,5,True
Gm42914,0,False
Gm42915,0,False
Gm42916,1,False
Gm42917,6,True
Gm42918,4,True
Gm42919,1,False
Gm42920,0,False
Gm42921,0,False
Gm42922,0,False
Gm42923,1,False
Gm42924,0,False
Gm42925,0,False
Gm42926,0,False
Gm42927,3,True
Gm42928,6,True
Gm42929,5,True
Gm42930,1,False
Gm42931,0,False
Gm42932,0,False
Gm42933,6,True
Gm42934,1,False
Gm42935,0,False
Gm42936,0,False
Gm42937,1,False
Gm42938,0,False
Gm42939,3,True
Gm4294,6,True
Gm42940,1,False
Gm42941,1,False
Gm42942,6,True
Gm42943,5,True
Gm42944,5,True
Gm42945,0,False
Gm42946,6,True
Gm42947,0,False
Gm42948,3,True
Gm42949,1,False
Gm42950,2,False
Gm42951,1,False
Gm42952,1,False
Gm42953,1,False
Gm42954,0,False
Gm42955,0,False
Gm42956,2,False
Gm42957,2,False
Gm42958,0,False
Gm42959,0,False
Gm42960,0,False
Gm42961,0,False
Gm42962,1,False
Gm42963,0,False
Gm42964,1,False
Gm42965,5,True
Gm42966,0,False
Gm42967,6,True
Gm42968,0,False
Gm42969,1,False
Gm4297,1,False
Gm42970,6,True
Gm42971,6,True
Gm42972,6,True
Gm42973,6,True
Gm42974,4,True
Gm42975,0,False
Gm42976,0,False
Gm42977,6,True
Gm42978,2,False
Gm42979,6,True
Gm42980,0,False
Gm42981,2,False
Gm42982,2,False
Gm42983,1,False
Gm42984,0,False
Gm42985,1,False
Gm42986,2,False
Gm42987,0,False
Gm42988,0,False
Gm42989,2,False
Gm42990,0,False
Gm42991,6,True
Gm42992,6,True
Gm42993,6,True
Gm42994,0,False
Gm42995,6,True
Gm42996,4,True
Gm42997,3,True
Gm42998,1,False
Gm42999,0,False
Gm43000,0,False
Gm43001,1,False
Gm43002,6,True
Gm43003,4,True
Gm43004,0,False
Gm43005,1,False
Gm43006,0,False
Gm43007,0,False
Gm43008,6,True
Gm43009,3,True
Gm4301,0,False
Gm43010,2,False
Gm43011,5,True
Gm43012,3,True
Gm43013,0,False
Gm43014,1,False
Gm43015,1,False
Gm43016,2,False
Gm43017,0,False
Gm43018,4,True
Gm43019,2,False
Gm4302,0,False
Gm43020,1,False
Gm43021,0,False
Gm43022,0,False
Gm43023,0,False
Gm43024,2,False
Gm43025,1,False
Gm43026,0,False
Gm43027,0,False
Gm43028,6,True
Gm43029,1,False
Gm4303,0,False
Gm43030,0,False
Gm43031,5,True
Gm43032,3,True
Gm43033,0,False
Gm43034,2,False
Gm43035,0,False
Gm43036,0,False
Gm43037,0,False
Gm43038,0,False
Gm43039,4,True
Gm43040,1,False
Gm43041,2,False
Gm43042,3,True
Gm43043,1,False
Gm43044,0,False
Gm43045,1,False
Gm43046,1,False
Gm43047,3,True
Gm43048,3,True
Gm43049,1,False
Gm4305,0,False
Gm43050,0,False
Gm43051,2,False
Gm43052,1,False
Gm43053,0,False
Gm43054,0,False
Gm43055,0,False
Gm43056,2,False
Gm43057,0,False
Gm43058,0,False
Gm43059,1,False
Gm43060,0,False
Gm43061,3,True
Gm43062,6,True
Gm43063,3,True
Gm43064,0,False
Gm43065,0,False
Gm43066,2,False
Gm43067,0,False
Gm43068,0,False
Gm43069,1,False
Gm4307,0,False
Gm43070,0,False
Gm43071,5,True
Gm43072,3,True
Gm43073,2,False
Gm43074,0,False
Gm43075,6,True
Gm43076,4,True
Gm43077,2,False
Gm43078,0,False
Gm43079,0,False
Gm4308,0,False
Gm43080,2,False
Gm43081,3,True
Gm43082,0,False
Gm43083,1,False
Gm43084,4,True
Gm43085,0,False
Gm43086,0,False
Gm43087,0,False
Gm43088,6,True
Gm43089,0,False
Gm43090,0,False
Gm43091,0,False
Gm43092,0,False
Gm43093,0,False
Gm43094,1,False
Gm43095,0,False
Gm43096,6,True
Gm43097,6,True
Gm43098,0,False
Gm43099,4,True
Gm43100,1,False
Gm43101,0,False
Gm43102,0,False
Gm43103,6,True
Gm43104,0,False
Gm43105,6,True
Gm43106,0,False
Gm43107,0,False
Gm43108,0,False
Gm43109,6,True
Gm43110,6,True
Gm43111,4,True
Gm43112,4,True
Gm43113,5,True
Gm43114,0,False
Gm43115,0,False
Gm43116,0,False
Gm43117,0,False
Gm43118,0,False
Gm43119,0,False
Gm4312,0,False
Gm43120,0,False
Gm43121,0,False
Gm43122,0,False
Gm43123,5,True
Gm43124,6,True
Gm43125,0,False
Gm43126,1,False
Gm43127,6,True
Gm43128,2,False
Gm43129,0,False
Gm43130,0,False
Gm43131,1,False
Gm43132,0,False
Gm43133,4,True
Gm43134,1,False
Gm43135,0,False
Gm43136,2,False
Gm43137,3,True
Gm43138,5,True
Gm43139,0,False
Gm43140,1,False
Gm43141,0,False
Gm43142,5,True
Gm43143,2,False
Gm43144,2,False
Gm43145,2,False
Gm43146,1,False
Gm43147,1,False
Gm43148,0,False
Gm43149,0,False
Gm43150,1,False
Gm43151,0,False
Gm43152,0,False
Gm43153,0,False
Gm43154,4,True
Gm43155,0,False
Gm43156,1,False
Gm43157,0,False
Gm43158,0,False
Gm43159,1,False
Gm43160,0,False
Gm43161,0,False
Gm43162,5,True
Gm43163,0,False
Gm43164,6,True
Gm43165,1,False
Gm43166,1,False
Gm43167,3,True
Gm43168,0,False
Gm43169,5,True
Gm43170,0,False
Gm43171,0,False
Gm43172,3,True
Gm43173,0,False
Gm43174,3,True
Gm43175,4,True
Gm43176,1,False
Gm43177,0,False
Gm43178,3,True
Gm43179,0,False
Gm43180,1,False
Gm43181,0,False
Gm43182,1,False
Gm43183,0,False
Gm43184,0,False
Gm43185,3,True
Gm43186,4,True
Gm43187,6,True
Gm43188,6,True
Gm43189,2,False
Gm4319,2,False
Gm43190,0,False
Gm43191,0,False
Gm43192,2,False
Gm43193,0,False
Gm43194,4,True
Gm43195,0,False
Gm43196,0,False
Gm43197,0,False
Gm43198,0,False
Gm43199,6,True
Gm43200,6,True
Gm43201,6,True
Gm43202,0,False
Gm43203,0,False
Gm43204,0,False
Gm43205,4,True
Gm43206,0,False
Gm43207,2,False
Gm43208,1,False
Gm43209,1,False
Gm4321,0,False
Gm43210,2,False
Gm43211,0,False
Gm43212,0,False
Gm43213,4,True
Gm43214,1,False
Gm43215,4,True
Gm43216,2,False
Gm43217,0,False
Gm43218,0,False
Gm43219,1,False
Gm4322,6,True
Gm43220,0,False
Gm43221,2,False
Gm43222,0,False
Gm43223,4,True
Gm43224,0,False
Gm43225,1,False
Gm43226,0,False
Gm43227,0,False
Gm43228,0,False
Gm43229,1,False
Gm43230,1,False
Gm43231,6,True
Gm43232,0,False
Gm43233,0,False
Gm43234,0,False
Gm43235,0,False
Gm43236,0,False
Gm43237,6,True
Gm43238,0,False
Gm43239,0,False
Gm43240,0,False
Gm43241,1,False
Gm43242,0,False
Gm43243,0,False
Gm43244,2,False
Gm43245,6,True
Gm43246,0,False
Gm43247,6,True
Gm43248,1,False
Gm43249,0,False
Gm43250,0,False
Gm43251,1,False
Gm43252,1,False
Gm43253,0,False
Gm43254,6,True
Gm43255,1,False
Gm43256,3,True
Gm43257,1,False
Gm43258,2,False
Gm43259,3,True
Gm43260,6,True
Gm43261,0,False
Gm43262,0,False
Gm43263,6,True
Gm43264,0,False
Gm43265,0,False
Gm43266,1,False
Gm43267,5,True
Gm43268,5,True
Gm43269,0,False
Gm43270,3,True
Gm43271,0,False
Gm43272,1,False
Gm43273,0,False
Gm43274,6,True
Gm43275,1,False
Gm43276,0,False
Gm43277,0,False
Gm43278,4,True
Gm43279,0,False
Gm43280,0,False
Gm43281,6,True
Gm43282,2,False
Gm43283,0,False
Gm43284,0,False
Gm43285,1,False
Gm43286,0,False
Gm43287,2,False
Gm43288,1,False
Gm43289,4,True
Gm43290,5,True
Gm43291,1,False
Gm43292,5,True
Gm43293,0,False
Gm43294,3,True
Gm43295,6,True
Gm43297,6,True
Gm43298,0,False
Gm43299,3,True
Gm43300,3,True
Gm43301,2,False
Gm43302,5,True
Gm43303,0,False
Gm43304,5,True
Gm43305,6,True
Gm43306,1,False
Gm43307,0,False
Gm43308,1,False
Gm43309,6,True
Gm43310,0,False
Gm43311,5,True
Gm43312,1,False
Gm43313,3,True
Gm43314,5,True
Gm43315,0,False
Gm43316,5,True
Gm43317,2,False
Gm43318,3,True
Gm43319,1,False
Gm4332,6,True
Gm43320,1,False
Gm43321,0,False
Gm43322,6,True
Gm43323,1,False
Gm43324,0,False
Gm43325,1,False
Gm43326,0,False
Gm43327,1,False
Gm43328,2,False
Gm43329,2,False
Gm43330,2,False
Gm43331,2,False
Gm43332,1,False
Gm43333,2,False
Gm43334,0,False
Gm43335,1,False
Gm43336,3,True
Gm43337,0,False
Gm43338,3,True
Gm43339,5,True
Gm43340,2,False
Gm43341,3,True
Gm43342,0,False
Gm43343,3,True
Gm43344,0,False
Gm43345,0,False
Gm43346,0,False
Gm43347,0,False
Gm43348,1,False
Gm43349,0,False
Gm4335,6,True
Gm43350,0,False
Gm43351,0,False
Gm43352,6,True
Gm43353,0,False
Gm43354,0,False
Gm43355,2,False
Gm43356,0,False
Gm43357,0,False
Gm43358,0,False
Gm43359,5,True
Gm43360,3,True
Gm43361,6,True
Gm43362,6,True
Gm43363,1,False
Gm43364,1,False
Gm43365,5,True
Gm43366,0,False
Gm43367,0,False
Gm43368,0,False
Gm43369,5,True
Gm43370,1,False
Gm43371,1,False
Gm43372,4,True
Gm43373,1,False
Gm43374,3,True
Gm43375,0,False
Gm43376,2,False
Gm43377,0,False
Gm43378,4,True
Gm43379,6,True
Gm43380,0,False
Gm43381,0,False
Gm43382,0,False
Gm43383,0,False
Gm43384,0,False
Gm43385,0,False
Gm43386,1,False
Gm43387,2,False
Gm43388,1,False
Gm43389,4,True
Gm43390,0,False
Gm43391,3,True
Gm43392,0,False
Gm43393,1,False
Gm43394,0,False
Gm43395,0,False
Gm43396,6,True
Gm43397,0,False
Gm43398,2,False
Gm43399,1,False
Gm4340,0,False
Gm43400,1,False
Gm43401,0,False
Gm43402,0,False
Gm43403,0,False
Gm43404,0,False
Gm43405,0,False
Gm43406,0,False
Gm43407,0,False
Gm43408,0,False
Gm43409,0,False
Gm43410,1,False
Gm43411,0,False
Gm43412,6,True
Gm43413,6,True
Gm43414,0,False
Gm43415,1,False
Gm43416,0,False
Gm43417,4,True
Gm43418,0,False
Gm43419,0,False
Gm4342,6,True
Gm43420,2,False
Gm43421,1,False
Gm43422,0,False
Gm43423,0,False
Gm43424,2,False
Gm43425,2,False
Gm43426,1,False
Gm43427,2,False
Gm43428,1,False
Gm43429,2,False
Gm43430,5,True
Gm43431,0,False
Gm43432,0,False
Gm43433,2,False
Gm43434,0,False
Gm43435,1,False
Gm43436,0,False
Gm43437,2,False
Gm43438,6,True
Gm43439,0,False
Gm43440,0,False
Gm43441,0,False
Gm43442,6,True
Gm43443,0,False
Gm43444,6,True
Gm43445,5,True
Gm43446,0,False
Gm43447,1,False
Gm43448,0,False
Gm43449,0,False
Gm43450,0,False
Gm43451,1,False
Gm43452,0,False
Gm43453,0,False
Gm43454,0,False
Gm43455,2,False
Gm43456,0,False
Gm43457,6,True
Gm43458,0,False
Gm43459,1,False
Gm43460,4,True
Gm43461,6,True
Gm43462,6,True
Gm43463,0,False
Gm43464,0,False
Gm43465,0,False
Gm43466,3,True
Gm43467,0,False
Gm43468,0,False
Gm43469,0,False
Gm43470,0,False
Gm43471,6,True
Gm43472,0,False
Gm43473,2,False
Gm43474,0,False
Gm43475,0,False
Gm43476,0,False
Gm43477,6,True
Gm43478,0,False
Gm43479,0,False
Gm43480,0,False
Gm43481,6,True
Gm43482,5,True
Gm43483,4,True
Gm43484,3,True
Gm43485,3,True
Gm43486,4,True
Gm43487,1,False
Gm43488,0,False
Gm43489,1,False
Gm4349,6,True
Gm43490,1,False
Gm43491,0,False
Gm43492,0,False
Gm43493,0,False
Gm43494,0,False
Gm43495,0,False
Gm43496,2,False
Gm43497,1,False
Gm43498,0,False
Gm43499,1,False
Gm43500,0,False
Gm43501,0,False
Gm43502,0,False
Gm43503,1,False
Gm43504,3,True
Gm43505,0,False
Gm43506,0,False
Gm43507,1,False
Gm43508,6,True
Gm43509,6,True
Gm43510,6,True
Gm43511,6,True
Gm43512,1,False
Gm43513,6,True
Gm43514,4,True
Gm43515,0,False
Gm43516,0,False
Gm43517,6,True
Gm43518,6,True
Gm43519,5,True
Gm43520,0,False
Gm43521,1,False
Gm43522,1,False
Gm43523,1,False
Gm43524,6,True
Gm43525,0,False
Gm43526,5,True
Gm43527,5,True
Gm43528,6,True
Gm43529,0,False
Gm4353,6,True
Gm43530,0,False
Gm43531,0,False
Gm43532,0,False
Gm43533,3,True
Gm43534,0,False
Gm43535,0,False
Gm43536,1,False
Gm43537,0,False
Gm43538,0,False
Gm43539,0,False
Gm43540,2,False
Gm43541,3,True
Gm43542,0,False
Gm43544,4,True
Gm43545,6,True
Gm43546,0,False
Gm43547,4,True
Gm43548,1,False
Gm43549,6,True
Gm43550,0,False
Gm43551,0,False
Gm43552,0,False
Gm43553,0,False
Gm43554,5,True
Gm43555,6,True
Gm43556,0,False
Gm43557,3,True
Gm43558,0,False
Gm43559,0,False
Gm43560,6,True
Gm43561,1,False
Gm43562,0,False
Gm43563,0,False
Gm43564,1,False
Gm43565,0,False
Gm43566,5,True
Gm43567,0,False
Gm43568,0,False
Gm43569,2,False
Gm43570,3,True
Gm43571,5,True
Gm43572,0,False
Gm43573,0,False
Gm43574,0,False
Gm43575,0,False
Gm43576,0,False
Gm43577,1,False
Gm43578,6,True
Gm43579,6,True
Gm43580,0,False
Gm43581,6,True
Gm43582,4,True
Gm43583,0,False
Gm43584,6,True
Gm43585,0,False
Gm43586,0,False
Gm43587,6,True
Gm43588,3,True
Gm43589,2,False
Gm43590,0,False
Gm43591,0,False
Gm43592,3,True
Gm43593,6,True
Gm43594,3,True
Gm43595,0,False
Gm43596,0,False
Gm43597,6,True
Gm43598,3,True
Gm43599,4,True
Gm436,0,False
Gm43600,0,False
Gm43601,1,False
Gm43602,0,False
Gm43603,0,False
Gm43604,1,False
Gm43605,4,True
Gm43606,5,True
Gm43607,0,False
Gm43608,0,False
Gm43609,5,True
Gm43610,0,False
Gm43611,0,False
Gm43612,0,False
Gm43613,0,False
Gm43614,1,False
Gm43615,0,False
Gm43616,0,False
Gm43617,0,False
Gm43618,0,False
Gm43619,1,False
Gm43620,2,False
Gm43621,5,True
Gm43622,6,True
Gm43623,4,True
Gm43624,0,False
Gm43625,1,False
Gm43626,0,False
Gm43627,3,True
Gm43628,5,True
Gm43629,0,False
Gm43630,0,False
Gm43631,0,False
Gm43632,6,True
Gm43633,4,True
Gm43634,3,True
Gm43635,0,False
Gm43636,2,False
Gm43637,5,True
Gm43638,0,False
Gm43639,0,False
Gm43640,0,False
Gm43641,0,False
Gm43642,0,False
Gm43643,0,False
Gm43644,0,False
Gm43645,0,False
Gm43646,1,False
Gm43647,0,False
Gm43648,0,False
Gm43649,0,False
Gm43650,1,False
Gm43651,2,False
Gm43652,6,True
Gm43653,5,True
Gm43654,2,False
Gm43655,6,True
Gm43656,0,False
Gm43657,2,False
Gm43658,1,False
Gm43659,0,False
Gm4366,6,True
Gm43660,6,True
Gm43661,1,False
Gm43662,4,True
Gm43663,1,False
Gm43664,6,True
Gm43665,0,False
Gm43666,0,False
Gm43667,4,True
Gm43668,6,True
Gm43669,1,False
Gm43670,6,True
Gm43671,0,False
Gm43672,6,True
Gm43673,0,False
Gm43674,1,False
Gm43675,0,False
Gm43676,0,False
Gm43677,3,True
Gm43678,0,False
Gm43679,3,True
Gm43680,3,True
Gm43681,4,True
Gm43682,3,True
Gm43683,0,False
Gm43684,3,True
Gm43685,0,False
Gm43686,1,False
Gm43688,0,False
Gm43689,5,True
Gm43690,2,False
Gm43691,0,False
Gm43692,6,True
Gm43693,3,True
Gm43694,1,False
Gm43695,0,False
Gm43696,6,True
Gm43697,0,False
Gm43698,0,False
Gm43699,2,False
Gm43700,0,False
Gm43701,0,False
Gm43702,1,False
Gm43703,2,False
Gm43704,6,True
Gm43705,1,False
Gm43706,0,False
Gm43707,5,True
Gm43708,1,False
Gm43709,0,False
Gm43710,0,False
Gm43711,0,False
Gm43712,6,True
Gm43713,5,True
Gm43714,6,True
Gm43715,4,True
Gm43716,0,False
Gm43717,1,False
Gm43718,0,False
Gm43719,0,False
Gm43720,2,False
Gm43721,0,False
Gm43722,5,True
Gm43723,0,False
Gm43724,0,False
Gm43725,0,False
Gm43726,2,False
Gm43727,3,True
Gm43728,4,True
Gm43729,1,False
Gm4373,0,False
Gm43730,0,False
Gm43731,0,False
Gm43732,0,False
Gm43733,1,False
Gm43734,0,False
Gm43735,0,False
Gm43736,0,False
Gm43737,6,True
Gm43738,0,False
Gm43739,0,False
Gm4374,6,True
Gm43740,0,False
Gm43741,0,False
Gm43742,0,False
Gm43743,1,False
Gm43744,0,False
Gm43745,4,True
Gm43746,0,False
Gm43747,0,False
Gm43748,1,False
Gm43749,1,False
Gm43750,4,True
Gm43751,6,True
Gm43752,6,True
Gm43753,6,True
Gm43754,0,False
Gm43755,3,True
Gm43756,1,False
Gm43757,0,False
Gm43758,1,False
Gm43759,2,False
Gm43760,1,False
Gm43761,2,False
Gm43762,0,False
Gm43763,0,False
Gm43764,0,False
Gm43765,6,True
Gm43766,4,True
Gm43767,6,True
Gm43768,3,True
Gm43769,6,True
Gm43770,0,False
Gm43771,1,False
Gm43772,2,False
Gm43773,3,True
Gm43774,4,True
Gm43775,6,True
Gm43776,1,False
Gm43777,0,False
Gm43778,0,False
Gm43779,0,False
Gm43780,0,False
Gm43781,0,False
Gm43782,0,False
Gm43784,0,False
Gm43785,1,False
Gm43786,2,False
Gm43787,1,False
Gm43788,6,True
Gm43789,6,True
Gm43790,1,False
Gm43791,0,False
Gm43792,5,True
Gm43793,3,True
Gm43794,1,False
Gm43795,0,False
Gm43796,1,False
Gm43797,0,False
Gm43798,0,False
Gm43799,3,True
Gm438,0,False
Gm43800,1,False
Gm43801,0,False
Gm43802,0,False
Gm43803,1,False
Gm43804,0,False
Gm43805,2,False
Gm43806,0,False
Gm43807,2,False
Gm43808,5,True
Gm43809,0,False
Gm43810,1,False
Gm43811,4,True
Gm43812,0,False
Gm43813,6,True
Gm43814,2,False
Gm43815,2,False
Gm43817,1,False
Gm43818,0,False
Gm43819,1,False
Gm43820,3,True
Gm43821,0,False
Gm43822,2,False
Gm43823,6,True
Gm43824,0,False
Gm43825,1,False
Gm43826,3,True
Gm43827,0,False
Gm43828,0,False
Gm43829,1,False
Gm43830,0,False
Gm43831,0,False
Gm43832,0,False
Gm43833,0,False
Gm43834,1,False
Gm43835,0,False
Gm43836,1,False
Gm43837,1,False
Gm43838,1,False
Gm43839,0,False
Gm43840,2,False
Gm43841,1,False
Gm43842,1,False
Gm43843,6,True
Gm43844,4,True
Gm43845,0,False
Gm43846,0,False
Gm43847,5,True
Gm43848,4,True
Gm43849,0,False
Gm43850,0,False
Gm43851,0,False
Gm43852,6,True
Gm43853,0,False
Gm43854,1,False
Gm43855,3,True
Gm43856,0,False
Gm43857,6,True
Gm43858,3,True
Gm43859,6,True
Gm43860,2,False
Gm43861,1,False
Gm43863,5,True
Gm43864,0,False
Gm43865,0,False
Gm43866,0,False
Gm43867,0,False
Gm43868,3,True
Gm43869,1,False
Gm43870,0,False
Gm43871,0,False
Gm43872,0,False
Gm43873,1,False
Gm43874,2,False
Gm43875,1,False
Gm43876,0,False
Gm43877,1,False
Gm43878,1,False
Gm43879,1,False
Gm43880,0,False
Gm43881,0,False
Gm43882,0,False
Gm43883,0,False
Gm43884,1,False
Gm43885,0,False
Gm43886,0,False
Gm43887,0,False
Gm43888,0,False
Gm43889,3,True
Gm43890,0,False
Gm43891,1,False
Gm43892,0,False
Gm43893,0,False
Gm43894,0,False
Gm43895,0,False
Gm43896,1,False
Gm43897,0,False
Gm43898,0,False
Gm43899,0,False
Gm43900,0,False
Gm43901,0,False
Gm43902,1,False
Gm43903,1,False
Gm43904,0,False
Gm43905,1,False
Gm43906,0,False
Gm43907,0,False
Gm43908,0,False
Gm43909,4,True
Gm43910,1,False
Gm43911,0,False
Gm43912,3,True
Gm43913,0,False
Gm43914,0,False
Gm43915,5,True
Gm43916,2,False
Gm43917,6,True
Gm43918,1,False
Gm43919,0,False
Gm43920,5,True
Gm43921,1,False
Gm43922,0,False
Gm43923,5,True
Gm43924,1,False
Gm43925,0,False
Gm43926,1,False
Gm43927,1,False
Gm43928,0,False
Gm43929,0,False
Gm43930,0,False
Gm43931,4,True
Gm43932,0,False
Gm43933,1,False
Gm43934,0,False
Gm43935,2,False
Gm43936,2,False
Gm43937,0,False
Gm43938,5,True
Gm43940,0,False
Gm43941,0,False
Gm43942,6,True
Gm43943,0,False
Gm43944,0,False
Gm43945,1,False
Gm43946,2,False
Gm43947,2,False
Gm43948,1,False
Gm43949,3,True
Gm43950,1,False
Gm43951,3,True
Gm43952,0,False
Gm43953,6,True
Gm43954,0,False
Gm43955,0,False
Gm43956,4,True
Gm43957,0,False
Gm43958,4,True
Gm43959,0,False
Gm43960,6,True
Gm43961,4,True
Gm43962,0,False
Gm43963,6,True
Gm43964,0,False
Gm43965,0,False
Gm43966,2,False
Gm43967,0,False
Gm43968,0,False
Gm43969,1,False
Gm43970,1,False
Gm43971,1,False
Gm43972,0,False
Gm43973,0,False
Gm43974,0,False
Gm43975,6,True
Gm43976,0,False
Gm43977,0,False
Gm43978,0,False
Gm43979,4,True
Gm4398,1,False
Gm43980,6,True
Gm43981,0,False
Gm43982,0,False
Gm43983,0,False
Gm43984,6,True
Gm43985,0,False
Gm43986,0,False
Gm43988,1,False
Gm43989,0,False
Gm43990,0,False
Gm43991,0,False
Gm43992,0,False
Gm43993,0,False
Gm43994,0,False
Gm43995,1,False
Gm43996,0,False
Gm43997,0,False
Gm43998,0,False
Gm43999,5,True
Gm44,1,False
Gm44000,0,False
Gm44001,6,True
Gm44002,0,False
Gm44003,3,True
Gm44004,0,False
Gm44005,6,True
Gm44006,0,False
Gm44007,1,False
Gm44008,0,False
Gm44009,0,False
Gm44010,0,False
Gm44011,0,False
Gm44012,0,False
Gm44013,3,True
Gm44014,1,False
Gm44015,2,False
Gm44016,0,False
Gm44017,0,False
Gm44018,4,True
Gm44019,0,False
Gm44020,1,False
Gm44021,2,False
Gm44022,1,False
Gm44023,0,False
Gm44024,0,False
Gm44025,1,False
Gm44026,0,False
Gm44027,4,True
Gm44028,0,False
Gm44029,1,False
Gm44030,0,False
Gm44031,2,False
Gm44032,2,False
Gm44033,0,False
Gm44034,0,False
Gm44036,6,True
Gm44037,2,False
Gm44038,1,False
Gm44039,0,False
Gm44040,0,False
Gm44041,3,True
Gm44042,0,False
Gm44043,0,False
Gm44044,5,True
Gm44045,1,False
Gm44046,1,False
Gm44048,0,False
Gm44049,0,False
Gm4405,1,False
Gm44050,0,False
Gm44051,0,False
Gm44052,0,False
Gm44053,4,True
Gm44054,0,False
Gm44055,0,False
Gm44056,0,False
Gm44057,0,False
Gm44058,1,False
Gm44059,0,False
Gm44060,0,False
Gm44061,1,False
Gm44062,1,False
Gm44063,0,False
Gm44064,0,False
Gm44065,5,True
Gm44066,1,False
Gm44067,0,False
Gm44068,3,True
Gm44069,1,False
Gm44070,1,False
Gm44071,0,False
Gm44072,1,False
Gm44073,0,False
Gm44074,0,False
Gm44075,1,False
Gm44076,0,False
Gm44077,0,False
Gm44078,1,False
Gm44079,0,False
Gm44080,3,True
Gm44081,1,False
Gm44082,1,False
Gm44083,6,True
Gm44084,1,False
Gm44085,6,True
Gm44086,3,True
Gm44087,2,False
Gm44088,0,False
Gm44089,3,True
Gm4409,1,False
Gm44090,4,True
Gm44091,2,False
Gm44092,0,False
Gm44093,6,True
Gm44094,0,False
Gm44095,2,False
Gm44096,0,False
Gm44097,1,False
Gm44098,0,False
Gm44099,1,False
Gm4410,0,False
Gm44100,1,False
Gm44101,1,False
Gm44102,0,False
Gm44103,6,True
Gm44104,1,False
Gm44105,0,False
Gm44106,0,False
Gm44107,0,False
Gm44108,0,False
Gm44109,1,False
Gm44110,0,False
Gm44111,0,False
Gm44112,0,False
Gm44113,0,False
Gm44114,0,False
Gm44115,0,False
Gm44116,2,False
Gm44117,1,False
Gm44118,0,False
Gm44119,0,False
Gm4412,0,False
Gm44120,0,False
Gm44121,0,False
Gm44122,6,True
Gm44123,0,False
Gm44124,0,False
Gm44125,0,False
Gm44126,6,True
Gm44127,0,False
Gm44128,1,False
Gm44129,0,False
Gm44130,2,False
Gm44131,0,False
Gm44132,0,False
Gm44133,1,False
Gm44134,1,False
Gm44135,0,False
Gm44136,5,True
Gm44137,0,False
Gm44138,0,False
Gm44139,1,False
Gm44140,0,False
Gm44141,0,False
Gm44142,0,False
Gm44143,5,True
Gm44144,4,True
Gm44145,0,False
Gm44146,0,False
Gm44147,1,False
Gm44148,6,True
Gm44149,0,False
Gm44150,0,False
Gm44151,5,True
Gm44152,6,True
Gm44153,2,False
Gm44154,1,False
Gm44155,5,True
Gm44156,6,True
Gm44157,0,False
Gm44158,0,False
Gm44159,0,False
Gm44160,0,False
Gm44161,0,False
Gm44162,0,False
Gm44163,0,False
Gm44164,5,True
Gm44165,1,False
Gm44166,0,False
Gm44167,5,True
Gm44168,6,True
Gm44169,0,False
Gm44170,0,False
Gm44171,0,False
Gm44172,0,False
Gm44173,0,False
Gm44174,0,False
Gm44175,1,False
Gm44176,0,False
Gm44177,0,False
Gm44178,1,False
Gm44179,0,False
Gm44180,6,True
Gm44181,0,False
Gm44182,0,False
Gm44183,1,False
Gm44184,0,False
Gm44185,0,False
Gm44186,0,False
Gm44187,5,True
Gm44188,0,False
Gm44189,2,False
Gm4419,6,True
Gm44190,6,True
Gm44191,1,False
Gm44192,0,False
Gm44193,3,True
Gm44194,1,False
Gm44196,1,False
Gm44197,0,False
Gm44198,1,False
Gm44199,6,True
Gm44200,3,True
Gm44201,1,False
Gm44202,3,True
Gm44203,1,False
Gm44204,0,False
Gm44205,0,False
Gm44206,0,False
Gm44207,0,False
Gm44208,1,False
Gm44209,1,False
Gm44210,2,False
Gm44211,0,False
Gm44212,0,False
Gm44213,0,False
Gm44214,0,False
Gm44215,4,True
Gm44216,0,False
Gm44217,1,False
Gm44218,5,True
Gm44219,0,False
Gm44220,4,True
Gm44221,0,False
Gm44222,0,False
Gm44223,0,False
Gm44224,4,True
Gm44225,0,False
Gm44226,0,False
Gm44227,6,True
Gm44228,6,True
Gm44229,6,True
Gm44230,5,True
Gm44231,4,True
Gm44232,0,False
Gm44233,0,False
Gm44234,6,True
Gm44235,6,True
Gm44236,0,False
Gm44237,4,True
Gm44238,1,False
Gm44239,0,False
Gm44240,3,True
Gm44241,2,False
Gm44242,4,True
Gm44243,4,True
Gm44244,0,False
Gm44245,0,False
Gm44246,0,False
Gm44247,0,False
Gm44248,0,False
Gm44249,5,True
Gm4425,0,False
Gm44250,3,True
Gm44251,0,False
Gm44252,0,False
Gm44253,1,False
Gm44254,0,False
Gm44255,0,False
Gm44256,2,False
Gm44257,5,True
Gm44258,0,False
Gm44259,0,False
Gm44260,2,False
Gm44261,6,True
Gm44262,1,False
Gm44264,6,True
Gm44265,1,False
Gm44266,2,False
Gm44267,1,False
Gm44268,0,False
Gm44269,0,False
Gm44270,4,True
Gm44271,1,False
Gm44272,0,False
Gm44274,0,False
Gm44275,1,False
Gm44276,2,False
Gm44277,0,False
Gm44278,0,False
Gm44279,0,False
Gm44280,6,True
Gm44281,0,False
Gm44282,6,True
Gm44283,3,True
Gm44284,0,False
Gm44285,0,False
Gm44286,6,True
Gm44287,0,False
Gm44288,4,True
Gm44289,0,False
Gm44290,0,False
Gm44291,4,True
Gm44292,6,True
Gm44293,0,False
Gm44294,0,False
Gm44295,0,False
Gm44296,0,False
Gm44297,0,False
Gm44298,0,False
Gm44299,0,False
Gm4430,6,True
Gm44300,0,False
Gm44301,0,False
Gm44302,0,False
Gm44303,0,False
Gm44304,0,False
Gm44305,0,False
Gm44306,0,False
Gm44307,1,False
Gm44308,0,False
Gm44310,4,True
Gm44311,0,False
Gm44312,0,False
Gm44313,0,False
Gm44314,0,False
Gm44315,0,False
Gm44316,0,False
Gm44317,0,False
Gm44318,0,False
Gm44319,0,False
Gm44320,0,False
Gm44321,3,True
Gm44322,0,False
Gm44323,0,False
Gm44324,1,False
Gm44325,0,False
Gm44326,0,False
Gm44327,2,False
Gm44328,0,False
Gm44329,0,False
Gm44330,0,False
Gm44331,1,False
Gm44332,0,False
Gm44333,0,False
Gm44334,0,False
Gm44335,0,False
Gm44336,1,False
Gm44337,0,False
Gm44338,0,False
Gm44339,0,False
Gm44340,0,False
Gm44341,0,False
Gm44342,0,False
Gm44343,0,False
Gm44344,0,False
Gm44345,0,False
Gm44346,0,False
Gm44347,2,False
Gm44348,0,False
Gm44349,0,False
Gm44350,0,False
Gm44351,1,False
Gm44352,0,False
Gm44353,0,False
Gm44354,0,False
Gm44355,0,False
Gm44356,0,False
Gm44357,4,True
Gm44358,0,False
Gm44359,0,False
Gm44360,0,False
Gm44361,2,False
Gm44362,0,False
Gm44363,0,False
Gm44364,0,False
Gm44365,2,False
Gm44366,0,False
Gm44367,0,False
Gm44369,3,True
Gm44370,0,False
Gm44371,0,False
Gm44372,0,False
Gm44373,0,False
Gm44374,0,False
Gm44375,0,False
Gm44376,0,False
Gm44377,0,False
Gm44378,1,False
Gm44379,0,False
Gm44380,0,False
Gm44381,0,False
Gm44382,0,False
Gm44383,0,False
Gm44384,0,False
Gm44385,0,False
Gm44386,6,True
Gm44387,0,False
Gm44388,0,False
Gm44389,6,True
Gm44390,0,False
Gm44391,0,False
Gm44392,0,False
Gm44393,0,False
Gm44394,0,False
Gm44395,0,False
Gm44396,0,False
Gm44397,0,False
Gm44398,1,False
Gm44399,1,False
Gm44400,0,False
Gm44401,0,False
Gm44402,1,False
Gm44403,0,False
Gm44404,0,False
Gm44405,0,False
Gm44406,0,False
Gm44407,0,False
Gm44408,0,False
Gm44409,0,False
Gm44410,0,False
Gm44411,0,False
Gm44412,0,False
Gm44413,0,False
Gm44414,0,False
Gm44415,4,True
Gm44416,2,False
Gm44417,6,True
Gm44418,0,False
Gm44419,6,True
Gm44420,0,False
Gm44421,6,True
Gm44422,0,False
Gm44423,1,False
Gm44424,0,False
Gm44425,0,False
Gm44426,1,False
Gm44427,0,False
Gm44428,0,False
Gm44429,6,True
Gm44430,4,True
Gm44431,0,False
Gm44432,5,True
Gm44433,6,True
Gm44434,2,False
Gm44435,6,True
Gm44436,2,False
Gm44437,5,True
Gm44438,5,True
Gm44439,3,True
Gm44440,2,False
Gm44441,1,False
Gm44442,0,False
Gm44443,4,True
Gm44444,0,False
Gm44445,1,False
Gm44446,0,False
Gm44447,1,False
Gm44448,0,False
Gm44449,0,False
Gm44450,0,False
Gm44451,0,False
Gm44452,0,False
Gm44453,0,False
Gm44454,0,False
Gm44455,0,False
Gm44456,0,False
Gm44457,0,False
Gm44458,0,False
Gm44459,0,False
Gm44460,0,False
Gm44461,0,False
Gm44462,0,False
Gm44463,0,False
Gm44464,0,False
Gm44465,0,False
Gm44466,0,False
Gm44467,0,False
Gm44468,0,False
Gm44469,0,False
Gm44470,0,False
Gm44471,0,False
Gm44472,0,False
Gm44473,0,False
Gm44474,0,False
Gm44475,1,False
Gm44476,0,False
Gm44477,0,False
Gm44478,0,False
Gm44479,0,False
Gm44480,0,False
Gm44481,0,False
Gm44482,0,False
Gm44483,0,False
Gm44484,0,False
Gm44485,0,False
Gm44486,0,False
Gm44487,0,False
Gm44488,0,False
Gm44489,0,False
Gm44490,0,False
Gm44491,0,False
Gm44492,0,False
Gm44493,0,False
Gm44494,0,False
Gm44495,0,False
Gm44496,0,False
Gm44497,0,False
Gm44498,6,True
Gm44499,0,False
Gm4450,0,False
Gm44500,0,False
Gm44501,0,False
Gm44503,0,False
Gm44506,0,False
Gm44507,0,False
Gm44508,0,False
Gm44509,6,True
Gm4451,0,False
Gm44510,6,True
Gm44511,0,False
Gm44512,0,False
Gm44513,0,False
Gm44514,3,True
Gm44515,0,False
Gm44516,0,False
Gm44517,1,False
Gm44518,4,True
Gm44519,0,False
Gm44520,0,False
Gm44521,3,True
Gm44522,1,False
Gm44523,2,False
Gm44524,6,True
Gm44525,0,False
Gm44526,0,False
Gm44528,0,False
Gm44529,0,False
Gm44530,3,True
Gm44531,0,False
Gm44532,0,False
Gm44533,0,False
Gm44534,0,False
Gm44535,0,False
Gm44536,6,True
Gm44537,0,False
Gm44538,0,False
Gm44539,0,False
Gm4454,2,False
Gm44540,1,False
Gm44541,3,True
Gm44542,2,False
Gm44543,0,False
Gm44544,0,False
Gm44545,2,False
Gm44546,0,False
Gm44547,1,False
Gm44548,1,False
Gm44549,0,False
Gm44550,4,True
Gm44551,0,False
Gm44552,0,False
Gm44553,4,True
Gm44554,0,False
Gm44555,0,False
Gm44556,1,False
Gm44557,1,False
Gm44558,0,False
Gm44559,4,True
Gm44560,5,True
Gm44561,0,False
Gm44562,4,True
Gm44563,0,False
Gm44564,0,False
Gm44565,0,False
Gm44566,0,False
Gm44567,5,True
Gm44568,0,False
Gm44569,0,False
Gm44570,4,True
Gm44571,3,True
Gm44572,0,False
Gm44573,1,False
Gm44574,0,False
Gm44575,0,False
Gm44576,6,True
Gm44577,0,False
Gm44578,2,False
Gm44579,0,False
Gm44580,0,False
Gm44581,2,False
Gm44582,1,False
Gm44583,0,False
Gm44584,1,False
Gm44585,0,False
Gm44586,0,False
Gm44587,2,False
Gm44588,0,False
Gm44589,0,False
Gm4459,6,True
Gm44590,0,False
Gm44591,6,True
Gm44592,1,False
Gm44593,0,False
Gm44594,0,False
Gm44596,0,False
Gm44597,5,True
Gm44598,0,False
Gm44599,0,False
Gm44600,0,False
Gm44601,1,False
Gm44602,0,False
Gm44603,0,False
Gm44604,0,False
Gm44605,0,False
Gm44606,0,False
Gm44607,0,False
Gm44608,0,False
Gm44609,6,True
Gm4461,0,False
Gm44610,0,False
Gm44611,0,False
Gm44612,0,False
Gm44613,0,False
Gm44614,0,False
Gm44615,0,False
Gm44616,6,True
Gm44617,1,False
Gm44618,0,False
Gm44619,0,False
Gm4462,6,True
Gm44620,2,False
Gm44621,0,False
Gm44622,2,False
Gm44623,4,True
Gm44624,4,True
Gm44625,2,False
Gm44626,4,True
Gm44627,0,False
Gm44628,4,True
Gm44629,0,False
Gm44630,4,True
Gm44631,0,False
Gm44632,0,False
Gm44633,1,False
Gm44634,0,False
Gm44635,1,False
Gm44636,3,True
Gm44638,0,False
Gm44639,6,True
Gm44640,0,False
Gm44641,3,True
Gm44642,1,False
Gm44643,3,True
Gm44644,4,True
Gm44645,5,True
Gm44646,1,False
Gm44647,5,True
Gm44648,0,False
Gm44649,2,False
Gm44650,0,False
Gm44651,0,False
Gm44652,0,False
Gm44653,2,False
Gm44654,0,False
Gm44655,0,False
Gm44656,0,False
Gm44657,0,False
Gm44658,0,False
Gm44659,0,False
Gm44660,3,True
Gm44661,1,False
Gm44662,1,False
Gm44663,0,False
Gm44664,3,True
Gm44665,0,False
Gm44666,0,False
Gm44667,5,True
Gm44668,1,False
Gm44669,2,False
Gm44670,6,True
Gm44671,0,False
Gm44672,2,False
Gm44673,2,False
Gm44674,6,True
Gm44675,2,False
Gm44676,6,True
Gm44677,3,True
Gm44678,5,True
Gm44679,4,True
Gm4468,6,True
Gm44680,5,True
Gm44681,3,True
Gm44682,0,False
Gm44683,0,False
Gm44684,6,True
Gm44685,3,True
Gm44686,1,False
Gm44687,0,False
Gm44688,0,False
Gm44689,0,False
Gm44690,0,False
Gm44691,0,False
Gm44692,0,False
Gm44693,0,False
Gm44694,4,True
Gm44695,1,False
Gm44696,0,False
Gm44697,0,False
Gm44698,0,False
Gm44699,4,True
Gm44700,0,False
Gm44701,0,False
Gm44702,3,True
Gm44703,1,False
Gm44704,0,False
Gm44705,6,True
Gm44706,2,False
Gm44707,2,False
Gm44708,2,False
Gm44709,6,True
Gm44710,0,False
Gm44711,0,False
Gm44712,1,False
Gm44713,0,False
Gm44714,0,False
Gm44715,2,False
Gm44716,0,False
Gm44717,0,False
Gm44718,2,False
Gm44719,0,False
Gm44720,0,False
Gm44721,0,False
Gm44722,0,False
Gm44723,1,False
Gm44724,1,False
Gm44725,0,False
Gm44726,0,False
Gm44727,0,False
Gm44728,0,False
Gm44729,4,True
Gm4473,2,False
Gm44730,0,False
Gm44731,0,False
Gm44732,0,False
Gm44733,0,False
Gm44734,1,False
Gm44735,1,False
Gm44736,0,False
Gm44737,1,False
Gm44738,0,False
Gm44739,1,False
Gm44740,1,False
Gm44741,0,False
Gm44742,0,False
Gm44743,0,False
Gm44744,0,False
Gm44745,4,True
Gm44746,2,False
Gm44747,0,False
Gm44748,1,False
Gm44749,0,False
Gm44750,4,True
Gm44751,4,True
Gm44752,1,False
Gm44753,1,False
Gm44754,0,False
Gm44755,1,False
Gm44756,0,False
Gm44757,0,False
Gm44758,6,True
Gm44759,2,False
Gm44760,3,True
Gm44761,0,False
Gm44762,0,False
Gm44763,6,True
Gm44764,2,False
Gm44765,0,False
Gm44766,1,False
Gm44767,0,False
Gm44768,6,True
Gm44769,6,True
Gm44770,2,False
Gm44771,6,True
Gm44772,0,False
Gm44773,1,False
Gm44774,0,False
Gm44775,4,True
Gm44776,0,False
Gm44777,6,True
Gm44778,0,False
Gm44779,0,False
Gm44780,1,False
Gm44781,1,False
Gm44782,0,False
Gm44783,1,False
Gm44784,0,False
Gm44785,0,False
Gm44786,0,False
Gm44787,0,False
Gm44788,0,False
Gm44789,0,False
Gm4479,0,False
Gm44790,0,False
Gm44791,0,False
Gm44792,1,False
Gm44793,0,False
Gm44794,0,False
Gm44795,1,False
Gm44796,0,False
Gm44797,6,True
Gm44798,3,True
Gm44799,4,True
Gm44800,6,True
Gm44801,3,True
Gm44802,1,False
Gm44803,0,False
Gm44804,0,False
Gm44805,0,False
Gm44806,2,False
Gm44807,5,True
Gm44808,0,False
Gm44809,1,False
Gm44810,2,False
Gm44811,0,False
Gm44812,3,True
Gm44813,1,False
Gm44814,0,False
Gm44815,0,False
Gm44816,0,False
Gm44817,0,False
Gm44818,0,False
Gm44819,1,False
Gm4482,6,True
Gm44820,1,False
Gm44821,0,False
Gm44822,4,True
Gm44824,0,False
Gm44825,0,False
Gm44826,0,False
Gm44827,1,False
Gm44828,0,False
Gm44829,5,True
Gm44830,2,False
Gm44831,1,False
Gm44832,1,False
Gm44833,0,False
Gm44834,2,False
Gm44835,0,False
Gm44836,1,False
Gm44837,0,False
Gm44838,1,False
Gm44839,0,False
Gm44840,0,False
Gm44841,2,False
Gm44842,1,False
Gm44843,1,False
Gm44844,0,False
Gm44845,0,False
Gm44846,1,False
Gm44847,2,False
Gm44848,3,True
Gm44849,0,False
Gm44850,0,False
Gm44851,0,False
Gm44852,0,False
Gm44853,0,False
Gm44854,2,False
Gm44855,0,False
Gm44856,0,False
Gm44857,0,False
Gm44858,0,False
Gm44859,0,False
Gm44860,1,False
Gm44861,1,False
Gm44862,0,False
Gm44863,1,False
Gm44864,0,False
Gm44865,0,False
Gm44866,1,False
Gm44867,3,True
Gm44868,1,False
Gm44869,1,False
Gm4487,0,False
Gm44870,6,True
Gm44871,0,False
Gm44872,1,False
Gm44873,3,True
Gm44874,1,False
Gm44875,0,False
Gm44876,0,False
Gm44877,0,False
Gm44878,3,True
Gm44879,0,False
Gm44880,0,False
Gm44881,0,False
Gm44882,0,False
Gm44883,3,True
Gm44884,3,True
Gm44885,2,False
Gm44886,0,False
Gm44887,0,False
Gm44888,1,False
Gm44889,1,False
Gm44890,4,True
Gm44891,4,True
Gm44892,0,False
Gm44893,0,False
Gm44894,6,True
Gm44895,6,True
Gm44896,4,True
Gm44897,6,True
Gm44898,2,False
Gm44899,0,False
Gm44900,2,False
Gm44901,5,True
Gm44902,0,False
Gm44903,0,False
Gm44904,1,False
Gm44905,2,False
Gm44906,0,False
Gm44907,4,True
Gm44908,0,False
Gm44909,0,False
Gm4491,6,True
Gm44910,0,False
Gm44911,5,True
Gm44912,0,False
Gm44913,4,True
Gm44914,1,False
Gm44915,0,False
Gm44916,4,True
Gm44917,0,False
Gm44918,6,True
Gm44919,0,False
Gm44920,0,False
Gm44921,0,False
Gm44922,0,False
Gm44923,0,False
Gm44924,0,False
Gm44925,0,False
Gm44926,0,False
Gm44927,4,True
Gm44928,1,False
Gm44929,1,False
Gm44930,1,False
Gm44931,3,True
Gm44932,0,False
Gm44933,0,False
Gm44934,0,False
Gm44935,6,True
Gm44936,0,False
Gm44937,2,False
Gm44938,0,False
Gm44939,0,False
Gm44940,0,False
Gm44941,1,False
Gm44942,5,True
Gm44943,0,False
Gm44944,2,False
Gm44945,0,False
Gm44946,1,False
Gm44947,0,False
Gm44948,0,False
Gm44949,5,True
Gm44950,6,True
Gm44951,5,True
Gm44953,1,False
Gm44954,1,False
Gm44955,0,False
Gm44956,1,False
Gm44957,2,False
Gm44958,5,True
Gm44959,0,False
Gm44960,0,False
Gm44961,0,False
Gm44962,0,False
Gm44963,0,False
Gm44964,0,False
Gm44965,0,False
Gm44966,5,True
Gm44967,4,True
Gm44968,0,False
Gm44969,0,False
Gm44970,1,False
Gm44971,0,False
Gm44972,0,False
Gm44973,0,False
Gm44974,1,False
Gm44975,0,False
Gm44976,0,False
Gm44977,0,False
Gm44978,0,False
Gm44979,0,False
Gm4498,0,False
Gm44980,0,False
Gm44981,0,False
Gm44982,1,False
Gm44983,3,True
Gm44984,0,False
Gm44985,4,True
Gm44986,6,True
Gm44987,0,False
Gm44988,1,False
Gm44989,0,False
Gm44990,0,False
Gm44991,0,False
Gm44992,1,False
Gm44993,0,False
Gm44994,0,False
Gm44995,0,False
Gm44996,3,True
Gm44997,5,True
Gm44998,0,False
Gm44999,0,False
Gm45000,2,False
Gm45001,1,False
Gm45002,0,False
Gm45003,0,False
Gm45004,0,False
Gm45005,0,False
Gm45006,0,False
Gm45007,1,False
Gm45008,1,False
Gm45009,1,False
Gm4501,0,False
Gm45010,3,True
Gm45011,2,False
Gm45012,0,False
Gm45013,0,False
Gm45014,2,False
Gm45015,0,False
Gm45016,1,False
Gm45017,0,False
Gm45018,0,False
Gm45019,5,True
Gm45020,0,False
Gm45021,0,False
Gm45022,3,True
Gm45023,0,False
Gm45024,0,False
Gm45025,3,True
Gm45026,0,False
Gm45027,0,False
Gm45028,0,False
Gm45029,0,False
Gm45030,0,False
Gm45031,0,False
Gm45032,0,False
Gm45033,0,False
Gm45034,0,False
Gm45035,1,False
Gm45036,0,False
Gm45037,0,False
Gm45038,1,False
Gm45039,0,False
Gm45040,1,False
Gm45041,1,False
Gm45042,0,False
Gm45043,2,False
Gm45044,0,False
Gm45045,0,False
Gm45046,1,False
Gm45047,0,False
Gm45048,6,True
Gm45049,3,True
Gm45050,0,False
Gm45051,5,True
Gm45052,0,False
Gm45053,6,True
Gm45054,1,False
Gm45055,2,False
Gm45056,0,False
Gm45057,0,False
Gm45058,0,False
Gm45059,0,False
Gm45060,2,False
Gm45061,1,False
Gm45062,0,False
Gm45064,0,False
Gm45065,0,False
Gm45066,0,False
Gm45067,1,False
Gm45068,5,True
Gm45069,5,True
Gm45070,5,True
Gm45071,1,False
Gm45072,1,False
Gm45073,2,False
Gm45074,1,False
Gm45075,0,False
Gm45076,0,False
Gm45077,0,False
Gm45078,0,False
Gm45079,0,False
Gm45080,6,True
Gm45081,1,False
Gm45082,1,False
Gm45083,0,False
Gm45084,4,True
Gm45085,1,False
Gm45086,1,False
Gm45087,1,False
Gm45088,2,False
Gm45089,0,False
Gm45090,0,False
Gm45091,4,True
Gm45092,0,False
Gm45093,0,False
Gm45094,4,True
Gm45095,0,False
Gm45096,0,False
Gm45097,0,False
Gm45098,0,False
Gm45099,3,True
Gm45100,0,False
Gm45101,0,False
Gm45102,1,False
Gm45103,1,False
Gm45104,1,False
Gm45105,0,False
Gm45106,0,False
Gm45107,1,False
Gm45108,1,False
Gm45109,6,True
Gm45110,4,True
Gm45111,1,False
Gm45112,2,False
Gm45113,6,True
Gm45114,2,False
Gm45115,0,False
Gm45116,0,False
Gm45117,0,False
Gm45118,0,False
Gm45119,0,False
Gm45120,6,True
Gm45121,3,True
Gm45122,0,False
Gm45123,6,True
Gm45124,4,True
Gm45125,0,False
Gm45126,0,False
Gm45127,0,False
Gm45128,1,False
Gm45129,3,True
Gm4513,2,False
Gm45130,3,True
Gm45131,0,False
Gm45132,1,False
Gm45133,5,True
Gm45134,0,False
Gm45135,1,False
Gm45136,0,False
Gm45137,6,True
Gm45138,0,False
Gm45139,0,False
Gm45140,4,True
Gm45141,3,True
Gm45142,4,True
Gm45143,0,False
Gm45144,1,False
Gm45145,0,False
Gm45146,0,False
Gm45147,0,False
Gm45148,4,True
Gm45149,0,False
Gm45150,6,True
Gm45151,0,False
Gm45152,0,False
Gm45153,6,True
Gm45154,0,False
Gm45155,1,False
Gm45156,0,False
Gm45157,0,False
Gm45158,0,False
Gm45159,6,True
Gm45160,1,False
Gm45161,0,False
Gm45162,6,True
Gm45163,2,False
Gm45164,0,False
Gm45165,1,False
Gm45166,0,False
Gm45167,0,False
Gm45168,4,True
Gm45169,6,True
Gm45170,5,True
Gm45171,0,False
Gm45172,1,False
Gm45173,0,False
Gm45174,2,False
Gm45175,0,False
Gm45176,3,True
Gm45177,5,True
Gm45178,5,True
Gm45179,5,True
Gm4518,6,True
Gm45180,0,False
Gm45181,0,False
Gm45182,6,True
Gm45183,6,True
Gm45184,6,True
Gm45185,1,False
Gm45186,1,False
Gm45187,0,False
Gm45188,1,False
Gm45189,1,False
Gm45190,0,False
Gm45191,5,True
Gm45192,0,False
Gm45193,0,False
Gm45194,1,False
Gm45195,1,False
Gm45196,0,False
Gm45197,1,False
Gm45198,0,False
Gm45199,0,False
Gm45200,6,True
Gm45201,2,False
Gm45202,0,False
Gm45203,6,True
Gm45204,5,True
Gm45205,5,True
Gm45206,4,True
Gm45207,0,False
Gm45208,0,False
Gm45209,0,False
Gm45210,0,False
Gm45211,2,False
Gm45212,5,True
Gm45213,0,False
Gm45214,0,False
Gm45215,0,False
Gm45216,4,True
Gm45217,1,False
Gm45218,1,False
Gm45219,0,False
Gm45220,5,True
Gm45221,0,False
Gm45222,5,True
Gm45223,5,True
Gm45224,6,True
Gm45225,0,False
Gm45226,0,False
Gm45227,0,False
Gm45228,0,False
Gm45229,0,False
Gm45230,6,True
Gm45231,5,True
Gm45232,0,False
Gm45233,0,False
Gm45234,2,False
Gm45235,5,True
Gm45236,0,False
Gm4524,0,False
Gm4525,6,True
Gm4526,3,True
Gm4528,0,False
Gm4535,6,True
Gm4536,0,False
Gm454,0,False
Gm4540,6,True
Gm4541,0,False
Gm4545,2,False
Gm4548,0,False
Gm4553,0,False
Gm4557,3,True
Gm4558,0,False
Gm4559,0,False
Gm4565,2,False
Gm4567,2,False
Gm4574,0,False
Gm4575,6,True
Gm4577,4,True
Gm4585,0,False
Gm4587,6,True
Gm4593,5,True
Gm4596,6,True
Gm4598,1,False
Gm4602,6,True
Gm4604,6,True
Gm4605,6,True
Gm4607,0,False
Gm4609,6,True
Gm4613,6,True
Gm4617,6,True
Gm4631,6,True
Gm4640,0,False
Gm4644,0,False
Gm4651,1,False
Gm4654,6,True
Gm4660,2,False
Gm4665,0,False
Gm4673,5,True
Gm4675,6,True
Gm4691,6,True
Gm4705,6,True
Gm4707,6,True
Gm4714,0,False
Gm4723,6,True
Gm4724,6,True
Gm4725,1,False
Gm4726,1,False
Gm4732,0,False
Gm4734,6,True
Gm4735,6,True
Gm4736,0,False
Gm4737,6,True
Gm4742,6,True
Gm4744,0,False
Gm4746,0,False
Gm4750,6,True
Gm4751,6,True
Gm4753,4,True
Gm4754,6,True
Gm4755,0,False
Gm4756,6,True
Gm4758,0,False
Gm4759,0,False
Gm4760,0,False
Gm4761,6,True
Gm4763,0,False
Gm4764,0,False
Gm4767,6,True
Gm4768,6,True
Gm4772,6,True
Gm4773,6,True
Gm4775,0,False
Gm4778,0,False
Gm4779,1,False
Gm4781,0,False
Gm4782,5,True
Gm4784,6,True
Gm4785,6,True
Gm4787,3,True
Gm4788,6,True
Gm4789,0,False
Gm4791,0,False
Gm4792,1,False
Gm4793,4,True
Gm4795,6,True
Gm4799,6,True
Gm4804,6,True
Gm4810,6,True
Gm4812,0,False
Gm4819,4,True
Gm4822,0,False
Gm4823,3,True
Gm4825,0,False
Gm4831,0,False
Gm4832,5,True
Gm4835,6,True
Gm4836,0,False
Gm4841,2,False
Gm4842,0,False
Gm4845,5,True
Gm4846,0,False
Gm4847,1,False
Gm4849,6,True
Gm4850,0,False
Gm4852,6,True
Gm4853,6,True
Gm4854,6,True
Gm4855,6,True
Gm4856,0,False
Gm4857,6,True
Gm4858,1,False
Gm4859,6,True
Gm4860,1,False
Gm4861,0,False
Gm4862,0,False
Gm4863,5,True
Gm4865,6,True
Gm4866,6,True
Gm4868,1,False
Gm4869,0,False
Gm4870,6,True
Gm4871,1,False
Gm4872,0,False
Gm4873,6,True
Gm4874,0,False
Gm4875,6,True
Gm4876,6,True
Gm4877,5,True
Gm4879,6,True
Gm4880,6,True
Gm4881,3,True
Gm4883,6,True
Gm4884,0,False
Gm4886,0,False
Gm4887,6,True
Gm4889,2,False
Gm4890,5,True
Gm4891,0,False
Gm4894,1,False
Gm4895,6,True
Gm4899,5,True
Gm4904,0,False
Gm4906,0,False
Gm4907,0,False
Gm4908,0,False
Gm4909,0,False
Gm4910,2,False
Gm4911,0,False
Gm4912,0,False
Gm4913,0,False
Gm4914,5,True
Gm4915,0,False
Gm4916,0,False
Gm4917,4,True
Gm4918,0,False
Gm4919,0,False
Gm4922,2,False
Gm4924,6,True
Gm4925,5,True
Gm4926,1,False
Gm4929,6,True
Gm4938,6,True
Gm4943,6,True
Gm4944,6,True
Gm4945,2,False
Gm4950,6,True
Gm4951,5,True
Gm4952,0,False
Gm4953,6,True
Gm4954,5,True
Gm4955,4,True
Gm4956,1,False
Gm4959,6,True
Gm4960,6,True
Gm4961,5,True
Gm4962,6,True
Gm4963,6,True
Gm4968,6,True
Gm4969,3,True
Gm4971,0,False
Gm4973,6,True
Gm4978,6,True
Gm498,1,False
Gm4981,2,False
Gm4982,0,False
Gm4984,0,False
Gm4985,0,False
Gm4986,6,True
Gm4987,6,True
Gm4989,6,True
Gm4991,6,True
Gm4992,5,True
Gm4993,6,True
Gm4994,3,True
Gm4995,6,True
Gm4996,0,False
Gm4997,6,True
Gm5,1,False
Gm5001,0,False
Gm5002,0,False
Gm5027,0,False
Gm5034,0,False
Gm5037,6,True
Gm5039,6,True
Gm5043,1,False
Gm5045,6,True
Gm5046,0,False
Gm5049,6,True
Gm5050,6,True
Gm5051,6,True
Gm5053,0,False
Gm5054,3,True
Gm5058,0,False
Gm5060,6,True
Gm5065,6,True
Gm5066,6,True
Gm5067,6,True
Gm5069,6,True
Gm5070,6,True
Gm5071,1,False
Gm5072,0,False
Gm5073,0,False
Gm5075,6,True
Gm5082,0,False
Gm5083,3,True
Gm5084,0,False
Gm5087,3,True
Gm5089,6,True
Gm5091,0,False
Gm5092,1,False
Gm5093,6,True
Gm5096,0,False
Gm5099,0,False
Gm5100,6,True
Gm5103,0,False
Gm5105,1,False
Gm5106,2,False
Gm5107,1,False
Gm5108,0,False
Gm5110,2,False
Gm5111,0,False
Gm5112,5,True
Gm5113,6,True
Gm5114,2,False
Gm5116,1,False
Gm5117,6,True
Gm5118,0,False
Gm5121,6,True
Gm5123,0,False
Gm5124,6,True
Gm5125,0,False
Gm5127,0,False
Gm5128,1,False
Gm5129,1,False
Gm5132,0,False
Gm5133,0,False
Gm5134,2,False
Gm5135,0,False
Gm5138,6,True
Gm5139,6,True
Gm5141,6,True
Gm5142,0,False
Gm5145,6,True
Gm5147,6,True
Gm5148,6,True
Gm5150,1,False
Gm5152,0,False
Gm5154,0,False
Gm5155,0,False
Gm5157,3,True
Gm5160,6,True
Gm5161,6,True
Gm5166,0,False
Gm5168,0,False
Gm5169,1,False
Gm5174,0,False
Gm5177,6,True
Gm5181,0,False
Gm5185,0,False
Gm5187,6,True
Gm5190,5,True
Gm5205,1,False
Gm5210,6,True
Gm5215,0,False
Gm5218,6,True
Gm5224,6,True
Gm5225,2,False
Gm5228,6,True
Gm5229,0,False
Gm5239,6,True
Gm5244,2,False
Gm5248,2,False
Gm525,0,False
Gm5250,0,False
Gm5251,5,True
Gm5252,2,False
Gm5253,6,True
Gm5254,6,True
Gm5255,0,False
Gm5256,6,True
Gm5257,6,True
Gm5258,0,False
Gm5259,6,True
Gm5260,6,True
Gm5261,0,False
Gm5262,0,False
Gm5263,5,True
Gm5264,6,True
Gm5265,6,True
Gm5266,6,True
Gm5267,2,False
Gm5268,6,True
Gm5269,6,True
Gm527,3,True
Gm5270,6,True
Gm5272,0,False
Gm5274,0,False
Gm5276,6,True
Gm5277,0,False
Gm5278,6,True
Gm5279,0,False
Gm5281,1,False
Gm5283,6,True
Gm5284,0,False
Gm5285,0,False
Gm5286,0,False
Gm5287,0,False
Gm5288,6,True
Gm5291,6,True
Gm5292,6,True
Gm5294,0,False
Gm5297,6,True
Gm5298,6,True
Gm53,0,False
Gm5300,1,False
Gm5302,6,True
Gm5303,6,True
Gm5306,0,False
Gm5307,4,True
Gm5308,6,True
Gm5309,6,True
Gm5310,6,True
Gm5311,5,True
Gm5312,6,True
Gm5313,1,False
Gm5314,1,False
Gm5315,6,True
Gm5316,0,False
Gm5317,0,False
Gm5318,6,True
Gm5319,4,True
Gm5320,6,True
Gm5321,6,True
Gm5322,6,True
Gm5324,0,False
Gm5327,0,False
Gm5329,0,False
Gm5334,3,True
Gm5335,6,True
Gm5340,0,False
Gm5341,1,False
Gm5342,1,False
Gm5345,6,True
Gm5346,1,False
Gm5350,0,False
Gm5353,2,False
Gm5354,0,False
Gm5356,6,True
Gm5368,2,False
Gm5370,0,False
Gm5371,0,False
Gm5372,0,False
Gm5379,0,False
Gm5380,6,True
Gm5381,6,True
Gm5382,0,False
Gm5383,0,False
Gm5384,6,True
Gm5385,6,True
Gm5386,1,False
Gm5387,0,False
Gm5388,6,True
Gm5389,6,True
Gm5390,0,False
Gm5391,6,True
Gm5392,6,True
Gm5393,6,True
Gm5394,0,False
Gm5395,1,False
Gm5396,6,True
Gm5397,0,False
Gm5398,5,True
Gm5400,0,False
Gm5401,1,False
Gm5402,5,True
Gm5403,6,True
Gm5405,4,True
Gm5406,6,True
Gm5407,0,False
Gm5408,2,False
Gm5409,0,False
Gm5414,3,True
Gm5415,4,True
Gm5416,0,False
Gm5417,6,True
Gm5418,0,False
Gm5419,0,False
Gm5420,0,False
Gm5421,6,True
Gm5422,6,True
Gm5424,6,True
Gm5426,6,True
Gm5430,6,True
Gm5431,4,True
Gm5432,3,True
Gm5434,6,True
Gm5435,5,True
Gm5436,6,True
Gm5441,2,False
Gm5442,0,False
Gm5444,0,False
Gm5445,6,True
Gm5446,6,True
Gm5447,0,False
Gm5449,6,True
Gm5451,6,True
Gm5453,6,True
Gm5454,6,True
Gm5455,5,True
Gm5456,6,True
Gm5457,6,True
Gm5458,3,True
Gm5459,6,True
Gm5460,0,False
Gm5464,2,False
Gm5466,4,True
Gm5468,3,True
Gm5471,6,True
Gm5472,6,True
Gm5473,6,True
Gm5475,1,False
Gm5478,1,False
Gm5479,6,True
Gm5483,0,False
Gm5493,5,True
Gm5499,6,True
Gm5501,0,False
Gm5507,6,True
Gm5510,6,True
Gm5511,6,True
Gm5513,6,True
Gm5514,6,True
Gm5518,6,True
Gm5519,5,True
Gm5522,4,True
Gm5523,6,True
Gm5524,0,False
Gm5525,6,True
Gm5526,6,True
Gm5527,6,True
Gm5528,6,True
Gm5529,6,True
Gm553,1,False
Gm5530,6,True
Gm5532,4,True
Gm5533,0,False
Gm5535,2,False
Gm5537,6,True
Gm5538,0,False
Gm5539,6,True
Gm5540,6,True
Gm5541,0,False
Gm5542,0,False
Gm5543,0,False
Gm5544,1,False
Gm5546,0,False
Gm5547,1,False
Gm5548,6,True
Gm5550,4,True
Gm5551,6,True
Gm5552,6,True
Gm5554,0,False
Gm5555,6,True
Gm5558,6,True
Gm5559,6,True
Gm5560,6,True
Gm5561,6,True
Gm5564,6,True
Gm5565,0,False
Gm5566,6,True
Gm5570,0,False
Gm5575,6,True
Gm5576,6,True
Gm5577,6,True
Gm5578,5,True
Gm5580,6,True
Gm5581,0,False
Gm5582,6,True
Gm5583,0,False
Gm5586,6,True
Gm5587,6,True
Gm5590,6,True
Gm5591,3,True
Gm5592,1,False
Gm5593,6,True
Gm5594,0,False
Gm5595,6,True
Gm5596,3,True
Gm5597,6,True
Gm5600,1,False
Gm5601,6,True
Gm5602,0,False
Gm5605,6,True
Gm5607,6,True
Gm561,6,True
Gm5611,6,True
Gm5612,6,True
Gm5614,6,True
Gm5615,0,False
Gm5616,6,True
Gm5617,6,True
Gm5619,6,True
Gm5620,6,True
Gm5621,6,True
Gm5622,0,False
Gm5624,0,False
Gm5627,0,False
Gm5637,6,True
Gm5638,6,True
Gm5639,2,False
Gm5640,1,False
Gm5641,6,True
Gm5643,6,True
Gm5644,6,True
Gm5645,1,False
Gm5646,1,False
Gm5648,6,True
Gm5652,6,True
Gm5656,0,False
Gm5660,2,False
Gm5662,5,True
Gm567,0,False
Gm5670,0,False
Gm5678,6,True
Gm568,1,False
Gm5681,1,False
Gm5682,0,False
Gm5684,0,False
Gm5687,6,True
Gm5689,0,False
Gm5692,0,False
Gm5694,6,True
Gm5696,2,False
Gm5697,6,True
Gm5698,1,False
Gm5699,0,False
Gm5700,4,True
Gm5702,6,True
Gm5703,6,True
Gm5705,0,False
Gm5706,5,True
Gm5708,0,False
Gm5709,0,False
Gm5710,0,False
Gm5711,0,False
Gm5712,0,False
Gm5714,1,False
Gm5715,6,True
Gm5717,0,False
Gm572,1,False
Gm5721,6,True
Gm5723,0,False
Gm5724,1,False
Gm5725,1,False
Gm5726,0,False
Gm5728,0,False
Gm5731,0,False
Gm5732,5,True
Gm5733,0,False
Gm5734,1,False
Gm5735,6,True
Gm5737,0,False
Gm5738,6,True
Gm5739,6,True
Gm5741,2,False
Gm5742,1,False
Gm5745,1,False
Gm5746,0,False
Gm5751,6,True
Gm5752,6,True
Gm5754,2,False
Gm5755,0,False
Gm5757,2,False
Gm5759,0,False
Gm5760,6,True
Gm5761,6,True
Gm5762,0,False
Gm5763,6,True
Gm5764,5,True
Gm5766,6,True
Gm5771,0,False
Gm5773,1,False
Gm5776,6,True
Gm5777,6,True
Gm5778,6,True
Gm5784,2,False
Gm5786,6,True
Gm5787,6,True
Gm5793,0,False
Gm5795,2,False
Gm5796,6,True
Gm5797,1,False
Gm5798,0,False
Gm5799,0,False
Gm5800,1,False
Gm5801,6,True
Gm5803,6,True
Gm5805,6,True
Gm5808,6,True
Gm5809,6,True
Gm5812,0,False
Gm5814,6,True
Gm5815,6,True
Gm5819,5,True
Gm5822,6,True
Gm5828,5,True
Gm5829,6,True
Gm5830,6,True
Gm5832,6,True
Gm5833,1,False
Gm5834,1,False
Gm5835,6,True
Gm5837,6,True
Gm5839,0,False
Gm5841,6,True
Gm5842,6,True
Gm5843,0,False
Gm5844,6,True
Gm5845,6,True
Gm5846,6,True
Gm5847,6,True
Gm5849,1,False
Gm5850,6,True
Gm5851,6,True
Gm5852,0,False
Gm5853,6,True
Gm5855,6,True
Gm5857,6,True
Gm5859,4,True
Gm5860,2,False
Gm5861,0,False
Gm5862,5,True
Gm5863,6,True
Gm5864,4,True
Gm5865,6,True
Gm5866,6,True
Gm5867,6,True
Gm5868,1,False
Gm5869,6,True
Gm5870,6,True
Gm5871,6,True
Gm5873,6,True
Gm5874,6,True
Gm5876,4,True
Gm5878,1,False
Gm5879,6,True
Gm5881,6,True
Gm5883,6,True
Gm5884,6,True
Gm5885,0,False
Gm5886,0,False
Gm5890,3,True
Gm5891,2,False
Gm5893,0,False
Gm5896,4,True
Gm5898,6,True
Gm5899,0,False
Gm590,0,False
Gm5900,6,True
Gm5901,0,False
Gm5903,6,True
Gm5909,6,True
Gm5912,6,True
Gm5913,6,True
Gm5914,6,True
Gm5915,6,True
Gm5916,0,False
Gm5920,6,True
Gm5921,6,True
Gm5924,1,False
Gm5925,0,False
Gm5926,1,False
Gm5929,0,False
Gm5930,1,False
Gm5931,6,True
Gm5934,0,False
Gm5935,0,False
Gm5936,1,False
Gm5937,6,True
Gm5938,0,False
Gm5939,6,True
Gm5940,6,True
Gm5941,0,False
Gm5942,0,False
Gm5943,6,True
Gm5944,6,True
Gm5946,6,True
Gm5947,1,False
Gm595,1,False
Gm5958,0,False
Gm5960,1,False
Gm5963,6,True
Gm5965,1,False
Gm5967,6,True
Gm597,1,False
Gm5970,0,False
Gm5973,0,False
Gm5974,0,False
Gm5975,0,False
Gm5976,6,True
Gm5977,0,False
Gm5979,0,False
Gm5981,6,True
Gm5982,0,False
Gm5983,6,True
Gm5987,6,True
Gm5989,5,True
Gm5990,3,True
Gm5995,6,True
Gm5997,6,True
Gm6003,0,False
Gm6004,0,False
Gm6007,0,False
Gm6008,5,True
Gm6019,1,False
Gm6020,0,False
Gm6023,6,True
Gm6024,0,False
Gm6025,0,False
Gm6026,0,False
Gm6027,3,True
Gm6028,6,True
Gm6030,6,True
Gm6031,5,True
Gm6034,1,False
Gm6038,0,False
Gm6039,5,True
Gm6040,0,False
Gm6043,6,True
Gm6044,1,False
Gm6047,6,True
Gm6051,6,True
Gm6054,6,True
Gm6055,6,True
Gm6057,0,False
Gm6058,0,False
Gm6059,6,True
Gm6060,6,True
Gm6061,0,False
Gm6062,1,False
Gm6063,6,True
Gm6064,0,False
Gm6065,6,True
Gm6067,0,False
Gm6069,6,True
Gm6070,6,True
Gm6071,0,False
Gm6072,1,False
Gm6073,0,False
Gm6074,0,False
Gm6075,6,True
Gm6077,1,False
Gm6079,0,False
Gm6081,0,False
Gm6083,0,False
Gm6085,6,True
Gm6086,1,False
Gm6088,5,True
Gm6089,6,True
Gm609,0,False
Gm6091,5,True
Gm6092,5,True
Gm6096,1,False
Gm6098,6,True
Gm6100,6,True
Gm6101,6,True
Gm6104,6,True
Gm6105,0,False
Gm6108,6,True
Gm6112,6,True
Gm6113,0,False
Gm6114,0,False
Gm6116,0,False
Gm6117,1,False
Gm6119,5,True
Gm6121,0,False
Gm6123,6,True
Gm6124,1,False
Gm6133,6,True
Gm6134,6,True
Gm6135,0,False
Gm6136,6,True
Gm6137,5,True
Gm6139,6,True
Gm614,1,False
Gm6140,6,True
Gm6141,6,True
Gm6142,6,True
Gm6152,5,True
Gm6153,2,False
Gm6155,6,True
Gm6157,6,True
Gm6158,6,True
Gm6159,6,True
Gm6161,6,True
Gm6162,6,True
Gm6164,1,False
Gm6166,6,True
Gm6169,6,True
Gm6170,6,True
Gm6175,6,True
Gm6176,2,False
Gm6177,6,True
Gm6180,6,True
Gm6181,6,True
Gm6182,1,False
Gm6184,0,False
Gm6185,5,True
Gm6187,6,True
Gm6189,0,False
Gm6195,6,True
Gm6197,6,True
Gm6198,4,True
Gm6204,6,True
Gm6205,0,False
Gm6206,6,True
Gm6207,0,False
Gm6209,1,False
Gm6210,6,True
Gm6211,6,True
Gm6214,0,False
Gm6215,0,False
Gm6216,0,False
Gm6221,0,False
Gm6222,6,True
Gm6223,6,True
Gm6225,1,False
Gm6226,4,True
Gm6227,6,True
Gm6228,0,False
Gm6230,0,False
Gm6236,0,False
Gm6238,6,True
Gm6240,0,False
Gm6244,1,False
Gm6245,6,True
Gm6253,6,True
Gm6254,6,True
Gm6257,6,True
Gm626,1,False
Gm6260,0,False
Gm6261,6,True
Gm6263,6,True
Gm6264,5,True
Gm6265,6,True
Gm6266,6,True
Gm6268,0,False
Gm6270,1,False
Gm6272,3,True
Gm6274,6,True
Gm6275,5,True
Gm6276,0,False
Gm6277,6,True
Gm6283,6,True
Gm6285,6,True
Gm6286,6,True
Gm6288,1,False
Gm6290,0,False
Gm6291,0,False
Gm6292,5,True
Gm6293,6,True
Gm6297,5,True
Gm6298,2,False
Gm6300,0,False
Gm6304,6,True
Gm6305,6,True
Gm6308,6,True
Gm6309,0,False
Gm6311,6,True
Gm6312,0,False
Gm6313,0,False
Gm6316,6,True
Gm6317,6,True
Gm6321,0,False
Gm6322,6,True
Gm6325,0,False
Gm6327,0,False
Gm6334,6,True
Gm6335,6,True
Gm6337,1,False
Gm6341,6,True
Gm6342,0,False
Gm6344,3,True
Gm6345,1,False
Gm6346,1,False
Gm6348,1,False
Gm6350,2,False
Gm6351,1,False
Gm6352,6,True
Gm6356,1,False
Gm6358,0,False
Gm6361,6,True
Gm6365,6,True
Gm6366,4,True
Gm6367,1,False
Gm6368,6,True
Gm6369,0,False
Gm6370,0,False
Gm6373,0,False
Gm6374,5,True
Gm6375,6,True
Gm6377,2,False
Gm6378,6,True
Gm6382,6,True
Gm6394,6,True
Gm6395,6,True
Gm6397,6,True
Gm6401,1,False
Gm6407,6,True
Gm6408,0,False
Gm6410,0,False
Gm6415,6,True
Gm6418,6,True
Gm6419,6,True
Gm6420,0,False
Gm6421,6,True
Gm6423,6,True
Gm6425,6,True
Gm6426,6,True
Gm6427,6,True
Gm6428,6,True
Gm6429,0,False
Gm6430,6,True
Gm6433,6,True
Gm6434,6,True
Gm6439,6,True
Gm6441,2,False
Gm6443,6,True
Gm6444,6,True
Gm6445,5,True
Gm6446,0,False
Gm6447,6,True
Gm6450,6,True
Gm6451,6,True
Gm6455,0,False
Gm6457,6,True
Gm6460,0,False
Gm6461,1,False
Gm6462,0,False
Gm6463,0,False
Gm6465,0,False
Gm6467,6,True
Gm6468,1,False
Gm6471,0,False
Gm6472,6,True
Gm6473,6,True
Gm6478,6,True
Gm648,0,False
Gm6480,0,False
Gm6482,1,False
Gm6483,6,True
Gm6485,6,True
Gm6486,0,False
Gm6489,3,True
Gm649,0,False
Gm6490,0,False
Gm6491,0,False
Gm6493,6,True
Gm6498,6,True
Gm650,0,False
Gm6500,6,True
Gm6501,6,True
Gm6502,1,False
Gm6505,6,True
Gm6506,1,False
Gm6507,0,False
Gm6509,1,False
Gm6510,5,True
Gm6517,6,True
Gm6518,0,False
Gm6520,6,True
Gm6522,1,False
Gm6525,6,True
Gm6526,1,False
Gm6536,0,False
Gm6539,1,False
Gm6541,0,False
Gm6542,6,True
Gm6543,6,True
Gm6546,1,False
Gm6548,6,True
Gm6550,0,False
Gm6555,1,False
Gm6556,3,True
Gm6558,0,False
Gm6559,0,False
Gm6560,6,True
Gm6563,6,True
Gm6564,6,True
Gm6565,6,True
Gm6567,1,False
Gm6568,6,True
Gm6569,0,False
Gm6574,0,False
Gm6576,6,True
Gm6578,6,True
Gm6580,6,True
Gm6583,0,False
Gm6584,0,False
Gm6586,2,False
Gm6587,0,False
Gm6588,3,True
Gm6590,0,False
Gm6591,0,False
Gm6592,3,True
Gm6594,6,True
Gm6600,1,False
Gm6602,1,False
Gm6605,1,False
Gm6606,6,True
Gm6610,0,False
Gm6611,0,False
Gm6612,6,True
Gm6614,1,False
Gm6615,6,True
Gm6619,0,False
Gm6620,0,False
Gm6621,2,False
Gm6623,6,True
Gm6625,6,True
Gm6630,0,False
Gm6631,0,False
Gm6632,0,False
Gm6633,0,False
Gm6634,0,False
Gm6637,6,True
Gm6639,2,False
Gm6640,6,True
Gm6641,1,False
Gm6644,0,False
Gm6645,4,True
Gm6647,0,False
Gm6649,0,False
Gm6650,0,False
Gm6651,6,True
Gm6652,5,True
Gm6654,0,False
Gm6655,6,True
Gm6657,2,False
Gm6658,6,True
Gm6659,6,True
Gm6660,0,False
Gm6664,0,False
Gm6665,6,True
Gm6669,0,False
Gm6673,0,False
Gm6676,3,True
Gm6677,0,False
Gm6679,6,True
Gm6680,0,False
Gm6681,6,True
Gm6682,6,True
Gm6684,6,True
Gm6685,6,True
Gm6686,0,False
Gm6689,6,True
Gm6693,6,True
Gm6695,5,True
Gm6696,0,False
Gm6702,6,True
Gm6706,0,False
Gm6710,6,True
Gm6712,6,True
Gm6717,0,False
Gm6719,0,False
Gm6723,6,True
Gm6726,0,False
Gm6727,3,True
Gm6728,5,True
Gm6729,0,False
Gm6733,6,True
Gm6736,6,True
Gm6740,6,True
Gm6741,6,True
Gm6743,6,True
Gm6744,0,False
Gm6745,6,True
Gm6746,0,False
Gm6750,6,True
Gm6754,0,False
Gm6755,6,True
Gm6756,6,True
Gm6757,0,False
Gm6758,5,True
Gm6760,0,False
Gm6762,1,False
Gm6763,0,False
Gm6767,6,True
Gm6768,6,True
Gm6771,1,False
Gm6773,0,False
Gm6776,6,True
Gm6781,6,True
Gm6783,4,True
Gm6786,6,True
Gm6787,1,False
Gm6788,6,True
Gm6792,2,False
Gm6793,6,True
Gm6794,6,True
Gm6797,0,False
Gm6798,0,False
Gm6799,0,False
Gm6801,3,True
Gm6802,1,False
Gm6803,1,False
Gm6806,0,False
Gm6807,6,True
Gm6808,6,True
Gm6811,0,False
Gm6812,0,False
Gm6818,1,False
Gm6819,0,False
Gm6820,0,False
Gm6821,6,True
Gm6822,6,True
Gm6823,6,True
Gm6828,6,True
Gm6829,6,True
Gm6838,1,False
Gm684,6,True
Gm6851,6,True
Gm6855,6,True
Gm6858,0,False
Gm6863,6,True
Gm6866,2,False
Gm6871,4,True
Gm6872,6,True
Gm6877,5,True
Gm6878,0,False
Gm6880,0,False
Gm6881,0,False
Gm6882,2,False
Gm6884,6,True
Gm6887,6,True
Gm6890,0,False
Gm6893,6,True
Gm6897,0,False
Gm6899,0,False
Gm6900,6,True
Gm6902,2,False
Gm6903,6,True
Gm6904,2,False
Gm6905,6,True
Gm6912,1,False
Gm6913,6,True
Gm6916,6,True
Gm6918,0,False
Gm6919,6,True
Gm6921,1,False
Gm6923,0,False
Gm6931,1,False
Gm6934,2,False
Gm6938,2,False
Gm6939,6,True
Gm694,1,False
Gm6944,6,True
Gm6946,5,True
Gm6947,5,True
Gm6952,0,False
Gm6954,6,True
Gm6956,0,False
Gm6960,1,False
Gm6963,1,False
Gm6964,6,True
Gm6967,1,False
Gm6969,6,True
Gm6970,0,False
Gm6973,0,False
Gm6977,6,True
Gm6981,6,True
Gm6982,3,True
Gm6985,0,False
Gm6987,1,False
Gm6990,0,False
Gm6994,5,True
Gm6999,1,False
Gm7003,0,False
Gm7008,6,True
Gm7019,5,True
Gm7023,0,False
Gm7027,6,True
Gm7029,0,False
Gm7030,6,True
Gm7031,1,False
Gm7039,0,False
Gm7041,5,True
Gm7047,0,False
Gm7048,0,False
Gm7052,0,False
Gm7058,1,False
Gm7061,4,True
Gm7063,6,True
Gm7067,0,False
Gm7068,4,True
Gm7069,2,False
Gm7071,0,False
Gm7073,0,False
Gm7075,6,True
Gm7076,6,True
Gm7079,6,True
Gm7083,6,True
Gm7091,6,True
Gm7094,5,True
Gm7097,0,False
Gm7099,6,True
Gm7102,6,True
Gm7103,1,False
Gm7104,4,True
Gm7108,6,True
Gm7113,0,False
Gm7114,6,True
Gm7115,0,False
Gm7117,6,True
Gm7118,5,True
Gm7120,6,True
Gm7123,4,True
Gm7125,6,True
Gm7129,6,True
Gm7132,0,False
Gm7133,1,False
Gm7134,0,False
Gm7135,0,False
Gm7137,0,False
Gm7138,0,False
Gm7142,0,False
Gm7145,1,False
Gm7146,0,False
Gm715,6,True
Gm7150,0,False
Gm7152,0,False
Gm7153,6,True
Gm7155,6,True
Gm7158,6,True
Gm7160,5,True
Gm7162,5,True
Gm7164,0,False
Gm7166,0,False
Gm7168,3,True
Gm7171,0,False
Gm7173,6,True
Gm7180,6,True
Gm7181,6,True
Gm7182,0,False
Gm7189,0,False
Gm7190,6,True
Gm7191,2,False
Gm7195,0,False
Gm7199,5,True
Gm7200,6,True
Gm7204,6,True
Gm7205,0,False
Gm7206,6,True
Gm7209,6,True
Gm7211,3,True
Gm7212,0,False
Gm7219,0,False
Gm7221,5,True
Gm7222,5,True
Gm7224,6,True
Gm7230,0,False
Gm7233,1,False
Gm7236,3,True
Gm7237,1,False
Gm7238,6,True
Gm7241,6,True
Gm7244,6,True
Gm7247,1,False
Gm7251,6,True
Gm7255,1,False
Gm7257,0,False
Gm7258,6,True
Gm7265,6,True
Gm7266,6,True
Gm7270,5,True
Gm7271,0,False
Gm7275,0,False
Gm7276,5,True
Gm7278,5,True
Gm7281,2,False
Gm7284,0,False
Gm7285,6,True
Gm7286,6,True
Gm7287,6,True
Gm7289,6,True
Gm7290,6,True
Gm7291,6,True
Gm7292,6,True
Gm7293,6,True
Gm7298,0,False
Gm7299,6,True
Gm7308,6,True
Gm7309,1,False
Gm7312,5,True
Gm7316,0,False
Gm732,0,False
Gm7324,6,True
Gm7325,0,False
Gm7327,6,True
Gm7329,6,True
Gm7331,6,True
Gm7332,6,True
Gm7334,6,True
Gm7335,6,True
Gm7336,6,True
Gm7337,0,False
Gm7340,0,False
Gm7341,3,True
Gm7343,0,False
Gm7346,0,False
Gm7347,6,True
Gm7350,0,False
Gm7352,1,False
Gm7353,6,True
Gm7356,0,False
Gm7357,4,True
Gm7358,0,False
Gm7361,5,True
Gm7363,6,True
Gm7364,0,False
Gm7365,0,False
Gm7367,6,True
Gm7369,3,True
Gm7375,0,False
Gm7381,3,True
Gm7384,6,True
Gm7386,0,False
Gm7389,6,True
Gm7391,0,False
Gm7393,5,True
Gm7394,1,False
Gm7397,1,False
Gm7398,0,False
Gm7399,4,True
Gm7405,0,False
Gm7407,6,True
Gm7408,0,False
Gm7412,0,False
Gm7415,0,False
Gm7416,3,True
Gm7417,1,False
Gm7418,5,True
Gm7420,4,True
Gm7421,0,False
Gm7424,6,True
Gm7426,5,True
Gm7429,6,True
Gm7430,0,False
Gm7434,6,True
Gm7436,6,True
Gm7437,0,False
Gm7438,0,False
Gm7442,6,True
Gm7443,0,False
Gm7445,1,False
Gm7449,4,True
Gm7451,6,True
Gm7452,6,True
Gm7456,1,False
Gm7457,0,False
Gm7461,2,False
Gm7463,6,True
Gm7467,2,False
Gm7468,6,True
Gm7470,4,True
Gm7478,6,True
Gm7481,3,True
Gm7482,6,True
Gm7485,0,False
Gm7488,6,True
Gm7489,1,False
Gm7492,6,True
Gm7493,6,True
Gm7494,1,False
Gm7496,6,True
Gm7497,1,False
Gm7498,4,True
Gm7502,6,True
Gm7504,6,True
Gm7506,6,True
Gm7507,6,True
Gm7512,6,True
Gm7516,6,True
Gm7534,0,False
Gm7535,6,True
Gm7536,6,True
Gm7538,1,False
Gm7539,6,True
Gm7541,6,True
Gm7542,5,True
Gm7545,4,True
Gm7546,0,False
Gm7551,6,True
Gm7553,6,True
Gm7554,6,True
Gm7556,6,True
Gm7558,6,True
Gm7560,6,True
Gm7565,6,True
Gm7568,2,False
Gm7571,5,True
Gm7572,1,False
Gm7577,0,False
Gm7579,0,False
Gm7580,0,False
Gm7582,2,False
Gm7583,0,False
Gm7584,3,True
Gm7587,0,False
Gm7589,6,True
Gm7592,2,False
Gm7593,6,True
Gm7596,1,False
Gm7598,5,True
Gm7599,3,True
Gm7609,3,True
Gm7611,3,True
Gm7613,0,False
Gm7616,0,False
Gm7618,6,True
Gm7626,1,False
Gm7627,0,False
Gm7628,4,True
Gm7631,1,False
Gm7634,0,False
Gm7638,6,True
Gm7645,6,True
Gm7646,1,False
Gm7647,1,False
Gm7648,0,False
Gm765,1,False
Gm7651,0,False
Gm7652,0,False
Gm7654,6,True
Gm7656,2,False
Gm7657,0,False
Gm7658,6,True
Gm7663,2,False
Gm7664,6,True
Gm7665,5,True
Gm7666,6,True
Gm7670,1,False
Gm7672,5,True
Gm7675,0,False
Gm7676,6,True
Gm7678,0,False
Gm7682,0,False
Gm7690,6,True
Gm7693,0,False
Gm7694,6,True
Gm7696,1,False
Gm7697,5,True
Gm7700,6,True
Gm7701,6,True
Gm7707,6,True
Gm7709,0,False
Gm7713,0,False
Gm7714,0,False
Gm7719,0,False
Gm7721,6,True
Gm7722,6,True
Gm7726,0,False
Gm7729,6,True
Gm773,0,False
Gm7731,0,False
Gm7732,0,False
Gm7733,6,True
Gm7734,2,False
Gm7735,0,False
Gm7736,1,False
Gm7740,1,False
Gm7741,3,True
Gm7742,0,False
Gm7745,0,False
Gm7746,0,False
Gm7761,1,False
Gm7763,0,False
Gm7765,1,False
Gm7774,6,True
Gm7776,6,True
Gm7781,6,True
Gm7783,6,True
Gm7784,5,True
Gm7785,6,True
Gm7790,0,False
Gm7792,1,False
Gm7799,4,True
Gm7803,6,True
Gm7804,1,False
Gm7805,6,True
Gm7808,6,True
Gm7809,6,True
Gm7812,1,False
Gm7815,6,True
Gm7816,6,True
Gm7820,6,True
Gm7821,0,False
Gm7823,6,True
Gm7824,0,False
Gm7825,0,False
Gm7831,0,False
Gm7832,6,True
Gm7833,1,False
Gm7834,0,False
Gm7837,0,False
Gm7838,6,True
Gm7840,0,False
Gm7841,6,True
Gm7846,6,True
Gm7847,5,True
Gm7849,0,False
Gm7851,0,False
Gm7853,0,False
Gm7854,5,True
Gm7855,6,True
Gm7856,5,True
Gm7857,6,True
Gm7858,6,True
Gm7860,6,True
Gm7861,0,False
Gm7862,6,True
Gm7863,0,False
Gm7866,6,True
Gm7867,6,True
Gm7869,6,True
Gm7870,6,True
Gm7871,0,False
Gm7876,3,True
Gm7879,6,True
Gm7880,6,True
Gm7882,1,False
Gm7887,6,True
Gm7889,6,True
Gm7890,6,True
Gm7891,0,False
Gm7893,0,False
Gm7895,6,True
Gm7897,0,False
Gm7899,6,True
Gm7901,6,True
Gm7902,5,True
Gm7903,1,False
Gm7905,0,False
Gm7909,6,True
Gm7910,6,True
Gm7916,0,False
Gm7919,0,False
Gm7924,2,False
Gm7925,0,False
Gm7927,6,True
Gm7928,6,True
Gm7929,1,False
Gm7931,6,True
Gm7932,6,True
Gm7933,6,True
Gm7935,6,True
Gm7936,6,True
Gm7939,2,False
Gm7942,1,False
Gm7945,2,False
Gm7946,0,False
Gm7950,0,False
Gm7951,1,False
Gm7952,1,False
Gm7953,0,False
Gm7954,2,False
Gm7957,6,True
Gm7958,0,False
Gm7961,2,False
Gm7964,6,True
Gm7967,6,True
Gm7970,1,False
Gm7971,0,False
Gm7972,2,False
Gm7973,6,True
Gm7974,0,False
Gm7976,1,False
Gm7977,6,True
Gm7978,1,False
Gm7980,1,False
Gm7982,0,False
Gm7984,6,True
Gm7985,6,True
Gm7988,5,True
Gm7991,0,False
Gm7993,6,True
Gm7995,0,False
Gm8000,1,False
Gm8004,1,False
Gm8005,1,False
Gm8009,5,True
Gm8010,6,True
Gm8011,0,False
Gm8013,1,False
Gm8018,0,False
Gm8019,6,True
Gm8020,1,False
Gm8022,0,False
Gm8023,0,False
Gm8024,0,False
Gm8032,0,False
Gm8034,5,True
Gm8035,0,False
Gm8036,6,True
Gm8038,5,True
Gm8039,1,False
Gm8041,6,True
Gm8046,0,False
Gm8048,1,False
Gm805,1,False
Gm8050,3,True
Gm8051,4,True
Gm8054,6,True
Gm8055,6,True
Gm8061,6,True
Gm8062,4,True
Gm8065,0,False
Gm8066,0,False
Gm8068,1,False
Gm8069,6,True
Gm807,5,True
Gm8074,0,False
Gm8079,0,False
Gm8080,0,False
Gm8082,1,False
Gm8083,3,True
Gm8084,0,False
Gm8087,0,False
Gm8089,0,False
Gm8091,0,False
Gm8093,2,False
Gm8094,1,False
Gm8097,1,False
Gm8098,4,True
Gm8099,6,True
Gm8100,6,True
Gm8101,6,True
Gm8104,0,False
Gm8107,0,False
Gm8108,6,True
Gm8109,5,True
Gm8111,0,False
Gm8112,6,True
Gm8113,6,True
Gm8114,1,False
Gm8115,6,True
Gm8116,6,True
Gm8121,6,True
Gm8122,1,False
Gm8126,2,False
Gm8127,0,False
Gm8129,6,True
Gm813,1,False
Gm8132,6,True
Gm8138,1,False
Gm8141,6,True
Gm8143,0,False
Gm8145,0,False
Gm8146,5,True
Gm815,1,False
Gm8151,0,False
Gm8152,6,True
Gm8159,2,False
Gm816,1,False
Gm8161,0,False
Gm8163,6,True
Gm8164,2,False
Gm8165,1,False
Gm8167,0,False
Gm8172,6,True
Gm8173,6,True
Gm8174,6,True
Gm8176,1,False
Gm8177,6,True
Gm8178,1,False
Gm8180,0,False
Gm8181,6,True
Gm8182,4,True
Gm8183,1,False
Gm8185,6,True
Gm8186,6,True
Gm8190,0,False
Gm8192,0,False
Gm8194,1,False
Gm8197,0,False
Gm8199,0,False
Gm8200,0,False
Gm8202,6,True
Gm8203,0,False
Gm8204,0,False
Gm8206,5,True
Gm8207,0,False
Gm8209,1,False
Gm8210,6,True
Gm8212,1,False
Gm8213,6,True
Gm8214,0,False
Gm8215,5,True
Gm8216,6,True
Gm8217,0,False
Gm8220,1,False
Gm8221,0,False
Gm8224,0,False
Gm8225,6,True
Gm8226,6,True
Gm8228,6,True
Gm8229,1,False
Gm8232,1,False
Gm8234,5,True
Gm8237,6,True
Gm8239,0,False
Gm8241,6,True
Gm8242,6,True
Gm8244,0,False
Gm8245,0,False
Gm8246,3,True
Gm8247,1,False
Gm8250,6,True
Gm8251,1,False
Gm8254,1,False
Gm8256,0,False
Gm8257,0,False
Gm8258,6,True
Gm826,0,False
Gm8260,6,True
Gm8261,5,True
Gm8265,0,False
Gm8266,1,False
Gm8267,1,False
Gm8271,3,True
Gm8276,6,True
Gm8279,1,False
Gm8281,6,True
Gm8282,0,False
Gm8285,1,False
Gm8289,0,False
Gm829,0,False
Gm8292,6,True
Gm8296,0,False
Gm8297,0,False
Gm8298,0,False
Gm830,0,False
Gm8300,6,True
Gm8302,6,True
Gm8303,6,True
Gm8304,0,False
Gm8305,1,False
Gm8307,6,True
Gm8309,4,True
Gm831,0,False
Gm8310,2,False
Gm8312,0,False
Gm8314,6,True
Gm8317,6,True
Gm8318,6,True
Gm8319,6,True
Gm8320,6,True
Gm8321,0,False
Gm8323,1,False
Gm8324,1,False
Gm8325,6,True
Gm8326,6,True
Gm833,1,False
Gm8330,6,True
Gm8331,6,True
Gm8332,4,True
Gm8334,0,False
Gm8337,6,True
Gm8338,0,False
Gm8340,1,False
Gm8343,0,False
Gm8344,0,False
Gm8346,6,True
Gm8349,6,True
Gm8354,0,False
Gm8355,6,True
Gm8356,2,False
Gm8357,0,False
Gm8358,0,False
Gm8362,2,False
Gm8365,0,False
Gm8366,6,True
Gm8367,0,False
Gm8369,2,False
Gm8374,0,False
Gm8378,1,False
Gm8379,1,False
Gm8383,5,True
Gm8384,0,False
Gm8385,0,False
Gm8388,6,True
Gm839,1,False
Gm8391,0,False
Gm8392,6,True
Gm8394,6,True
Gm8396,6,True
Gm8398,0,False
Gm8399,6,True
Gm8401,6,True
Gm8402,6,True
Gm8403,0,False
Gm8407,1,False
Gm8410,6,True
Gm8412,4,True
Gm8419,5,True
Gm8420,6,True
Gm8421,0,False
Gm8424,1,False
Gm8425,5,True
Gm8428,6,True
Gm8430,6,True
Gm8439,1,False
Gm8444,6,True
Gm8446,1,False
Gm8449,6,True
Gm8451,6,True
Gm8453,1,False
Gm8454,0,False
Gm8458,1,False
Gm8459,6,True
Gm8463,0,False
Gm8464,6,True
Gm8473,6,True
Gm8475,0,False
Gm8479,6,True
Gm8480,1,False
Gm8482,6,True
Gm8486,1,False
Gm8488,6,True
Gm8492,6,True
Gm8493,0,False
Gm8494,6,True
Gm8495,1,False
Gm8498,0,False
Gm8501,1,False
Gm8502,0,False
Gm8503,6,True
Gm8506,0,False
Gm8508,6,True
Gm8510,0,False
Gm8513,0,False
Gm8515,6,True
Gm8520,6,True
Gm8521,0,False
Gm8522,6,True
Gm8524,6,True
Gm8525,6,True
Gm8526,6,True
Gm8529,5,True
Gm853,1,False
Gm8531,0,False
Gm8532,0,False
Gm8534,2,False
Gm8539,6,True
Gm8540,0,False
Gm8545,6,True
Gm8546,6,True
Gm8550,0,False
Gm8565,6,True
Gm8566,6,True
Gm8569,0,False
Gm8574,6,True
Gm8577,6,True
Gm8579,0,False
Gm8580,6,True
Gm8581,0,False
Gm8582,1,False
Gm8584,0,False
Gm8587,6,True
Gm8595,0,False
Gm8596,0,False
Gm8597,1,False
Gm8599,6,True
Gm8600,3,True
Gm8601,1,False
Gm8602,0,False
Gm8603,4,True
Gm8604,0,False
Gm8606,6,True
Gm8609,0,False
Gm8614,1,False
Gm8615,6,True
Gm8617,1,False
Gm8618,6,True
Gm8623,6,True
Gm8624,6,True
Gm8625,0,False
Gm8641,6,True
Gm8643,1,False
Gm8644,6,True
Gm8648,6,True
Gm8649,2,False
Gm8652,6,True
Gm8653,1,False
Gm8659,6,True
Gm8660,0,False
Gm8661,1,False
Gm8662,6,True
Gm8666,6,True
Gm8668,0,False
Gm8669,1,False
Gm867,4,True
Gm8674,1,False
Gm8676,1,False
Gm8677,1,False
Gm8682,6,True
Gm8684,0,False
Gm8685,1,False
Gm8686,0,False
Gm8688,0,False
Gm8692,6,True
Gm8693,0,False
Gm8696,6,True
Gm8701,0,False
Gm8703,0,False
Gm8704,0,False
Gm8705,0,False
Gm8706,4,True
Gm8707,5,True
Gm8708,3,True
Gm8709,1,False
Gm8711,0,False
Gm8715,0,False
Gm8719,0,False
Gm8720,1,False
Gm8722,6,True
Gm8723,0,False
Gm8724,6,True
Gm8728,2,False
Gm8730,6,True
Gm8731,6,True
Gm8737,6,True
Gm8738,6,True
Gm8739,0,False
Gm8741,6,True
Gm8744,5,True
Gm8745,2,False
Gm8747,1,False
Gm8749,0,False
Gm8750,6,True
Gm8752,6,True
Gm8754,0,False
Gm8756,6,True
Gm8757,1,False
Gm8761,6,True
Gm8762,6,True
Gm8764,0,False
Gm8765,3,True
Gm8770,3,True
Gm8773,3,True
Gm8774,6,True
Gm8775,6,True
Gm8778,4,True
Gm8783,6,True
Gm8790,0,False
Gm8793,6,True
Gm8797,6,True
Gm8801,4,True
Gm8802,6,True
Gm8805,6,True
Gm8806,6,True
Gm8807,6,True
Gm8809,0,False
Gm8810,6,True
Gm8812,6,True
Gm8813,3,True
Gm8814,2,False
Gm8815,6,True
Gm8816,6,True
Gm8817,0,False
Gm8818,5,True
Gm8820,1,False
Gm8822,6,True
Gm8823,0,False
Gm8824,6,True
Gm8825,6,True
Gm8826,3,True
Gm8828,0,False
Gm8832,4,True
Gm8835,3,True
Gm8836,1,False
Gm8837,6,True
Gm8839,6,True
Gm884,3,True
Gm8840,0,False
Gm8844,6,True
Gm8848,0,False
Gm8849,6,True
Gm8850,6,True
Gm8853,2,False
Gm8855,3,True
Gm8856,6,True
Gm8857,0,False
Gm8858,0,False
Gm8860,6,True
Gm8861,6,True
Gm8862,1,False
Gm8864,6,True
Gm8865,6,True
Gm8868,0,False
Gm8869,6,True
Gm8870,0,False
Gm8871,0,False
Gm8872,2,False
Gm8874,1,False
Gm8876,5,True
Gm8877,1,False
Gm8878,5,True
Gm8879,0,False
Gm8880,6,True
Gm8882,0,False
Gm8883,0,False
Gm8885,6,True
Gm8888,0,False
Gm8890,0,False
Gm8891,6,True
Gm8893,0,False
Gm8894,6,True
Gm8895,0,False
Gm8896,6,True
Gm8897,0,False
Gm8898,6,True
Gm8902,0,False
Gm8906,0,False
Gm8907,6,True
Gm8908,0,False
Gm8909,6,True
Gm8914,1,False
Gm8916,0,False
Gm8918,6,True
Gm8919,0,False
Gm8920,6,True
Gm8921,0,False
Gm8922,0,False
Gm8923,6,True
Gm8924,6,True
Gm8925,6,True
Gm8926,0,False
Gm8927,6,True
Gm8929,6,True
Gm8930,6,True
Gm8935,6,True
Gm8939,0,False
Gm8941,0,False
Gm8952,1,False
Gm8953,0,False
Gm8955,1,False
Gm8956,6,True
Gm8957,4,True
Gm8964,0,False
Gm8968,0,False
Gm8969,0,False
Gm8973,6,True
Gm8974,6,True
Gm8976,5,True
Gm8978,1,False
Gm8979,3,True
Gm8980,2,False
Gm8982,2,False
Gm8984,0,False
Gm8988,1,False
Gm8989,3,True
Gm8991,6,True
Gm8992,0,False
Gm8993,0,False
Gm8994,6,True
Gm8995,3,True
Gm8999,0,False
Gm9,0,False
Gm9001,6,True
Gm9002,0,False
Gm9003,1,False
Gm9005,0,False
Gm9006,1,False
Gm9008,6,True
Gm9009,6,True
Gm9013,6,True
Gm9017,1,False
Gm9022,6,True
Gm9023,6,True
Gm9025,4,True
Gm9027,5,True
Gm9034,6,True
Gm9038,5,True
Gm904,2,False
Gm9040,6,True
Gm9043,0,False
Gm9044,6,True
Gm9045,6,True
Gm9046,6,True
Gm9047,0,False
Gm9048,6,True
Gm9049,6,True
Gm9050,0,False
Gm9051,6,True
Gm9057,6,True
Gm9059,0,False
Gm906,2,False
Gm9060,0,False
Gm9061,6,True
Gm9062,6,True
Gm9064,1,False
Gm9071,1,False
Gm9075,1,False
Gm9078,6,True
Gm9081,6,True
Gm9083,6,True
Gm9085,4,True
Gm9089,6,True
Gm9095,6,True
Gm9097,6,True
Gm9103,3,True
Gm9104,6,True
Gm9105,6,True
Gm9109,6,True
Gm9112,0,False
Gm9113,0,False
Gm9114,1,False
Gm9115,5,True
Gm9116,0,False
Gm9117,1,False
Gm9119,0,False
Gm9120,0,False
Gm9121,0,False
Gm9124,0,False
Gm9125,1,False
Gm9126,0,False
Gm9127,2,False
Gm9131,0,False
Gm9133,0,False
Gm9134,6,True
Gm9135,3,True
Gm9136,4,True
Gm9141,1,False
Gm9142,0,False
Gm9143,6,True
Gm9144,6,True
Gm9146,1,False
Gm9149,0,False
Gm9156,0,False
Gm9157,6,True
Gm9159,0,False
Gm9162,5,True
Gm9164,6,True
Gm9165,6,True
Gm9166,2,False
Gm9167,0,False
Gm9169,6,True
Gm9173,6,True
Gm9174,6,True
Gm9192,0,False
Gm9195,3,True
Gm9200,6,True
Gm9207,6,True
Gm9208,0,False
Gm9211,6,True
Gm9218,1,False
Gm9220,2,False
Gm9225,0,False
Gm9226,6,True
Gm9227,0,False
Gm9230,0,False
Gm9234,6,True
Gm9236,0,False
Gm9238,6,True
Gm9239,2,False
Gm9240,6,True
Gm9242,6,True
Gm9244,0,False
Gm9245,1,False
Gm9246,6,True
Gm9251,0,False
Gm9252,6,True
Gm9256,5,True
Gm9257,0,False
Gm9260,5,True
Gm9266,6,True
Gm9268,1,False
Gm9271,3,True
Gm9273,6,True
Gm9274,0,False
Gm9278,6,True
Gm9285,0,False
Gm9286,2,False
Gm9294,6,True
Gm9299,6,True
Gm9308,0,False
Gm9311,5,True
Gm9312,0,False
Gm9314,4,True
Gm9317,0,False
Gm9320,6,True
Gm9322,0,False
Gm933,0,False
Gm9332,2,False
Gm9333,6,True
Gm9341,1,False
Gm9343,2,False
Gm9353,6,True
Gm9354,6,True
Gm9357,0,False
Gm9358,1,False
Gm9359,6,True
Gm9361,0,False
Gm9364,6,True
Gm9367,0,False
Gm9369,6,True
Gm9372,0,False
Gm9373,0,False
Gm9375,0,False
Gm9376,0,False
Gm9377,1,False
Gm9378,1,False
Gm9379,6,True
Gm9381,1,False
Gm9385,6,True
Gm9386,6,True
Gm9387,6,True
Gm9392,6,True
Gm9396,6,True
Gm9397,6,True
Gm9399,0,False
Gm94,0,False
Gm9402,6,True
Gm9403,6,True
Gm9408,0,False
Gm9409,6,True
Gm9415,0,False
Gm9419,6,True
Gm9423,0,False
Gm9427,0,False
Gm9428,1,False
Gm9429,6,True
Gm9430,4,True
Gm9431,4,True
Gm9432,6,True
Gm9434,6,True
Gm9435,5,True
Gm9436,6,True
Gm9439,0,False
Gm9440,0,False
Gm9442,2,False
Gm9443,5,True
Gm9445,0,False
Gm9449,6,True
Gm9451,0,False
Gm9457,6,True
Gm9458,0,False
Gm9463,4,True
Gm9476,0,False
Gm9480,6,True
Gm9484,4,True
Gm9493,6,True
Gm9495,5,True
Gm9496,6,True
Gm9497,6,True
Gm9498,0,False
Gm9499,0,False
Gm9504,6,True
Gm9506,6,True
Gm9507,0,False
Gm9513,0,False
Gm9515,1,False
Gm9516,0,False
Gm9517,6,True
Gm9519,0,False
Gm9521,0,False
Gm9522,6,True
Gm9523,6,True
Gm9529,6,True
Gm9530,2,False
Gm9531,6,True
Gm9540,6,True
Gm9541,0,False
Gm9550,0,False
Gm9553,0,False
Gm9555,0,False
Gm9556,2,False
Gm9560,0,False
Gm9568,5,True
Gm9569,0,False
Gm9573,0,False
Gm9574,6,True
Gm9575,6,True
Gm9577,6,True
Gm9578,1,False
Gm9581,1,False
Gm9587,0,False
Gm9593,0,False
Gm9597,0,False
Gm9599,6,True
Gm960,6,True
Gm9602,3,True
Gm9603,1,False
Gm9611,1,False
Gm9613,6,True
Gm9621,0,False
Gm9625,6,True
Gm9630,0,False
Gm9632,0,False
Gm9637,0,False
Gm9645,6,True
Gm9658,6,True
Gm9670,2,False
Gm9671,0,False
Gm9672,0,False
Gm9673,0,False
Gm9678,0,False
Gm9682,0,False
Gm9687,3,True
Gm9694,1,False
Gm9696,1,False
Gm9697,0,False
Gm9700,2,False
Gm9701,6,True
Gm9703,6,True
Gm9710,3,True
Gm9711,6,True
Gm9719,3,True
Gm9722,6,True
Gm9723,4,True
Gm9725,6,True
Gm9726,6,True
Gm9727,6,True
Gm9728,6,True
Gm9729,5,True
Gm973,6,True
Gm9732,0,False
Gm9733,0,False
Gm9742,1,False
Gm9745,2,False
Gm9747,0,False
Gm9748,0,False
Gm9750,6,True
Gm9752,6,True
Gm9754,3,True
Gm9755,6,True
Gm9758,4,True
Gm9761,6,True
Gm9762,6,True
Gm9765,1,False
Gm9767,1,False
Gm9768,1,False
Gm9769,6,True
Gm9770,6,True
Gm9771,6,True
Gm9772,0,False
Gm9774,6,True
Gm9775,0,False
Gm9776,6,True
Gm9780,6,True
Gm9785,4,True
Gm9788,0,False
Gm9789,0,False
Gm9790,6,True
Gm9791,6,True
Gm9794,6,True
Gm9795,5,True
Gm9796,3,True
Gm9797,6,True
Gm9800,6,True
Gm9801,6,True
Gm9803,6,True
Gm9804,0,False
Gm9805,1,False
Gm9806,6,True
Gm9812,1,False
Gm9816,6,True
Gm9817,1,False
Gm9818,0,False
Gm9821,1,False
Gm9823,0,False
Gm9824,6,True
Gm9825,6,True
Gm9826,6,True
Gm9828,6,True
Gm9830,6,True
Gm9833,6,True
Gm9835,6,True
Gm9836,6,True
Gm9837,0,False
Gm9839,1,False
Gm9840,6,True
Gm9843,6,True
Gm9844,6,True
Gm9845,6,True
Gm9847,6,True
Gm9848,0,False
Gm9850,0,False
Gm9855,6,True
Gm9857,0,False
Gm9864,2,False
Gm9866,3,True
Gm9867,0,False
Gm9869,3,True
Gm9870,0,False
Gm9871,1,False
Gm9873,4,True
Gm9874,4,True
Gm9877,0,False
Gm9881,6,True
Gm9884,5,True
Gm9885,6,True
Gm9887,0,False
Gm9888,1,False
Gm9889,6,True
Gm9890,0,False
Gm9892,6,True
Gm9894,0,False
Gm9898,1,False
Gm9899,2,False
Gm9903,1,False
Gm9905,6,True
Gm9910,0,False
Gm9913,0,False
Gm9915,5,True
Gm9916,1,False
Gm9917,6,True
Gm9918,1,False
Gm9920,4,True
Gm9921,0,False
Gm9922,3,True
Gm9923,6,True
Gm9924,1,False
Gm9925,6,True
Gm9929,5,True
Gm9930,3,True
Gm9931,0,False
Gm9932,1,False
Gm9934,1,False
Gm9936,4,True
Gm9938,6,True
Gm9939,1,False
Gm9944,0,False
Gm9945,6,True
Gm9946,1,False
Gm9947,2,False
Gm9949,1,False
Gm9951,0,False
Gm9954,0,False
Gm9955,0,False
Gm9956,0,False
Gm9958,5,True
Gm9959,0,False
Gm996,6,True
Gm9961,1,False
Gm9962,2,False
Gm9964,6,True
Gm9967,6,True
Gm9968,6,True
Gm9970,3,True
Gm9972,1,False
Gm9974,5,True
Gm9978,0,False
Gm9979,0,False
Gm9985,0,False
Gm9987,1,False
Gm9988,3,True
Gm9989,4,True
Gm9991,0,False
Gm9992,2,False
Gm9994,1,False
Gm9996,6,True
Gm9999,0,False
Gmcl1,6,True
Gmcl1l,1,False
Gmds,6,True
Gmeb1,6,True
Gmeb2,6,True
Gmfb,6,True
Gmfg,5,True
Gmip,6,True
Gml,1,False
Gml2,0,False
Gmnc,0,False
Gmnn,5,True
Gmppa,6,True
Gmppb,6,True
Gmpr,6,True
Gmpr2,6,True
Gmps,6,True
Gna11,6,True
Gna12,6,True
Gna13,6,True
Gna14,2,False
Gna15,4,True
Gnai1,6,True
Gnai2,6,True
Gnai3,6,True
Gnal,6,True
Gnao1,6,True
Gnaq,6,True
Gnas,6,True
Gnat1,6,True
Gnat2,2,False
Gnat3,1,False
Gnaz,6,True
Gnb1,6,True
Gnb1l,6,True
Gnb2,6,True
Gnb3,1,False
Gnb4,6,True
Gnb5,6,True
Gne,6,True
Gng10,6,True
Gng11,6,True
Gng12,6,True
Gng13,4,True
Gng2,6,True
Gng2-ps1,6,True
Gng3,6,True
Gng4,6,True
Gng5,6,True
Gng7,6,True
Gng8,3,True
Gngt1,2,False
Gngt2,4,True
Gnl1,6,True
Gnl2,6,True
Gnl3,6,True
Gnl3l,6,True
Gnmt,3,True
Gnpat,6,True
Gnpda1,6,True
Gnpda2,6,True
Gnpnat1,6,True
Gnptab,6,True
Gnptg,6,True
Gnrh1,2,False
Gnrhr,2,False
Gns,6,True
Golga1,6,True
Golga2,6,True
Golga3,6,True
Golga4,6,True
Golga5,6,True
Golga7,6,True
Golga7b,6,True
Golgb1,6,True
Golim4,6,True
Golm1,6,True
Golph3,6,True
Golph3l,6,True
Golt1a,0,False
Golt1b,6,True
Gon4l,6,True
Gopc,5,True
Gorab,6,True
Gorasp1,6,True
Gorasp2,6,True
Gosr1,6,True
Gosr2,6,True
Got1,6,True
Got1l1,0,False
Got2,6,True
Got2-ps1,6,True
Gp1ba,1,False
Gp1bb,6,True
Gp2,0,False
Gp5,1,False
Gp6,2,False
Gp9,0,False
Gpa33,1,False
Gpaa1,6,True
Gpalpp1,6,True
Gpam,6,True
Gpank1,6,True
Gpat2,5,True
Gpat4,6,True
Gpatch1,6,True
Gpatch11,6,True
Gpatch2,6,True
Gpatch2l,6,True
Gpatch3,6,True
Gpatch4,6,True
Gpatch8,6,True
Gpbar1,0,False
Gpbp1,6,True
Gpbp1l1,6,True
Gpc1,6,True
Gpc2,5,True
Gpc3,4,True
Gpc4,6,True
Gpc5,6,True
Gpc6,6,True
Gpcpd1,6,True
Gpd1,6,True
Gpd1l,6,True
Gpd2,6,True
Gper1,5,True
Gpha2,1,False
Gphb5,1,False
Gphn,6,True
Gpi1,6,True
Gpihbp1,1,False
Gpkow,6,True
Gpld1,6,True
Gpm6a,6,True
Gpm6b,6,True
Gpn1,6,True
Gpn2,6,True
Gpn3,6,True
Gpnmb,6,True
Gpr1,1,False
Gpr101,0,False
Gpr107,6,True
Gpr108,6,True
Gpr119,0,False
Gpr12,4,True
Gpr132,0,False
Gpr135,4,True
Gpr137,6,True
Gpr137b,6,True
Gpr137b-ps,6,True
Gpr137c,6,True
Gpr139,3,True
Gpr141,0,False
Gpr142,0,False
Gpr143,4,True
Gpr146,6,True
Gpr149,5,True
Gpr15,1,False
Gpr150,4,True
Gpr151,1,False
Gpr152,0,False
Gpr153,6,True
Gpr155,6,True
Gpr156,5,True
Gpr157,5,True
Gpr158,5,True
Gpr160,5,True
Gpr161,6,True
Gpr162,6,True
Gpr165,6,True
Gpr17,6,True
Gpr171,6,True
Gpr173,6,True
Gpr174,0,False
Gpr176,6,True
Gpr179,6,True
Gpr18,0,False
Gpr180,6,True
Gpr182,1,False
Gpr183,5,True
Gpr19,6,True
Gpr20,3,True
Gpr21,2,False
Gpr22,6,True
Gpr25,0,False
Gpr26,4,True
Gpr27,6,True
Gpr3,5,True
Gpr31b,0,False
Gpr33,1,False
Gpr34,6,True
Gpr35,2,False
Gpr37,6,True
Gpr37l1,6,True
Gpr39,5,True
Gpr4,6,True
Gpr45,6,True
Gpr50,3,True
Gpr55,2,False
Gpr6,0,False
Gpr61,5,True
Gpr62,6,True
Gpr63,2,False
Gpr65,2,False
Gpr68,6,True
Gpr75,6,True
Gpr82,6,True
Gpr83,2,False
Gpr84,3,True
Gpr85,6,True
Gpr87,0,False
Gpr88,1,False
Gpr89,6,True
Gprasp1,6,True
Gprasp2,6,True
Gprc5a,0,False
Gprc5b,6,True
Gprc5c,5,True
Gprc5d,0,False
Gprc6a,0,False
Gprin1,6,True
Gprin2,0,False
Gprin3,3,True
Gps1,6,True
Gps2,6,True
Gpsm1,6,True
Gpsm2,6,True
Gpsm3,5,True
Gpt,6,True
Gpt2,6,True
Gpx1,6,True
Gpx2,1,False
Gpx2-ps1,2,False
Gpx3,6,True
Gpx4,6,True
Gpx5,0,False
Gpx6,0,False
Gpx7,6,True
Gpx8,6,True
Gramd1a,6,True
Gramd1b,6,True
Gramd1c,6,True
Gramd2,4,True
Gramd3,6,True
Gramd4,6,True
Grap,5,True
Grap2,2,False
Grasp,5,True
Grb10,5,True
Grb14,6,True
Grb2,6,True
Grb7,0,False
Grcc10,6,True
Greb1,6,True
Greb1l,5,True
Grem1,2,False
Grem2,0,False
Grhl1,6,True
Grhl2,3,True
Grhl3,3,True
Grhpr,6,True
Gria1,6,True
Gria2,6,True
Gria3,6,True
Gria4,6,True
Grid1,6,True
Grid2,6,True
Grid2ip,5,True
Grifin,5,True
Grik1,6,True
Grik2,6,True
Grik3,6,True
Grik4,6,True
Grik5,6,True
Grin1,6,True
Grin1os,4,True
Grin2a,6,True
Grin2b,6,True
Grin2c,6,True
Grin2d,6,True
Grin3a,6,True
Grin3b,2,False
Grina,6,True
Grip1,6,True
Grip1os1,0,False
Grip1os2,2,False
Grip1os3,0,False
Grip2,2,False
Gripap1,6,True
Grk1,2,False
Grk4,6,True
Grk5,6,True
Grk6,6,True
Grm1,5,True
Grm2,6,True
Grm3,6,True
Grm4,4,True
Grm5,6,True
Grm6,1,False
Grm7,6,True
Grm8,2,False
Grn,6,True
Grp,5,True
Grpel1,6,True
Grpel2,6,True
Grpr,3,True
Grrp1,3,True
Grsf1,6,True
Grtp1,6,True
Grwd1,6,True
Grxcr1,0,False
Grxcr2,0,False
Gsap,6,True
Gsc,0,False
Gsc2,0,False
Gsdma,3,True
Gsdma2,2,False
Gsdma3,3,True
Gsdmc,1,False
Gsdmc2,1,False
Gsdmc3,2,False
Gsdmc4,1,False
Gsdmcl-ps,1,False
Gsdmcl1,1,False
Gsdmcl2,1,False
Gsdmd,6,True
Gse1,6,True
Gsg1,0,False
Gsg1l,6,True
Gsg1l2,1,False
Gsg2,5,True
Gsk3a,6,True
Gsk3b,6,True
Gskip,6,True
Gsn,6,True
Gspt1,6,True
Gspt2,6,True
Gsr,6,True
Gss,6,True
Gssos1,0,False
Gssos2,0,False
Gsta1,4,True
Gsta2,2,False
Gsta3,6,True
Gsta4,6,True
Gstcd,6,True
Gstk1,6,True
Gstm1,6,True
Gstm2,6,True
Gstm2-ps1,6,True
Gstm3,6,True
Gstm4,6,True
Gstm5,6,True
Gstm6,6,True
Gstm7,6,True
Gsto1,6,True
Gsto2,4,True
Gstp1,6,True
Gstp2,6,True
Gstt1,6,True
Gstt2,5,True
Gstt3,6,True
Gstt4,0,False
Gstz1,6,True
Gsx1,6,True
Gsx2,2,False
Gt(ROSA)26Sor,6,True
Gtdc1,6,True
Gtf2a1,6,True
Gtf2a1l,0,False
Gtf2a2,6,True
Gtf2b,6,True
Gtf2e1,6,True
Gtf2e2,6,True
Gtf2f1,6,True
Gtf2f2,6,True
Gtf2h1,6,True
Gtf2h2,6,True
Gtf2h3,6,True
Gtf2h4,6,True
Gtf2h5,6,True
Gtf2i,6,True
Gtf2ird1,6,True
Gtf2ird2,6,True
Gtf3a,6,True
Gtf3c1,6,True
Gtf3c2,6,True
Gtf3c3,6,True
Gtf3c4,6,True
Gtf3c5,6,True
Gtf3c6,6,True
Gtpbp1,6,True
Gtpbp10,6,True
Gtpbp2,6,True
Gtpbp3,6,True
Gtpbp4,6,True
Gtpbp4-ps1,0,False
Gtpbp4-ps2,4,True
Gtpbp4-ps3,1,False
Gtpbp4-ps4,0,False
Gtpbp4-ps5,1,False
Gtpbp4-ps6,1,False
Gtpbp4-ps7,0,False
Gtpbp6,6,True
Gtpbp8,6,True
Gtse1,5,True
Gtsf1,2,False
Gtsf1l,0,False
Guca1a,1,False
Guca1b,2,False
Guca2a,1,False
Guca2b,0,False
Gucd1,6,True
Gucy1a2,6,True
Gucy1a3,6,True
Gucy1b2,5,True
Gucy1b3,6,True
Gucy2c,1,False
Gucy2d,2,False
Gucy2e,6,True
Gucy2f,6,True
Gucy2g,1,False
Guf1,6,True
Guk1,6,True
Gulo,1,False
Gulp1,6,True
Gusb,6,True
Gvin1,4,True
Gxylt1,6,True
Gxylt2,4,True
Gyg,6,True
Gykl1,4,True
Gyltl1b,4,True
Gypa,1,False
Gypc,4,True
Gys1,6,True
Gys2,1,False
Gzf1,6,True
Gzma,0,False
Gzmb,0,False
Gzmc,1,False
Gzmd,0,False
Gzme,0,False
Gzmf,0,False
Gzmg,0,False
Gzmk,0,False
Gzmm,4,True
Gzmn,1,False
H13,6,True
H19,1,False
H1f0,6,True
H1fnt,1,False
H1foo,1,False
H1fx,6,True
H2-Aa,1,False
H2-Ab1,5,True
H2-Bl,6,True
H2-D1,6,True
H2-DMa,6,True
H2-DMb1,3,True
H2-DMb2,4,True
H2-Ea-ps,0,False
H2-Eb1,6,True
H2-Eb2,0,False
H2-K1,6,True
H2-K2,6,True
H2-Ke6,6,True
H2-M1,2,False
H2-M10.1,1,False
H2-M10.2,0,False
H2-M10.3,0,False
H2-M10.4,0,False
H2-M10.5,1,False
H2-M10.5-ps1,0,False
H2-M10.6,1,False
H2-M11,0,False
H2-M2,3,True
H2-M3,6,True
H2-M5,3,True
H2-M6-ps,1,False
H2-M9,1,False
H2-Oa,0,False
H2-Ob,2,False
H2-Pa,0,False
H2-Pb,0,False
H2-Q1,6,True
H2-Q10,6,True
H2-Q2,6,True
H2-Q3,0,False
H2-Q4,6,True
H2-Q5,6,True
H2-Q6,6,True
H2-Q7,6,True
H2-T10,6,True
H2-T22,6,True
H2-T23,6,True
H2-T24,6,True
H2-T3,2,False
H2af-ps,0,False
H2afb1,0,False
H2afb2,0,False
H2afb3,2,False
H2afj,6,True
H2afv,6,True
H2afx,6,True
H2afy,6,True
H2afy2,6,True
H2afy3,6,True
H2afz,6,True
H2bfm,0,False
H3f3a,6,True
H3f3a-ps1,6,True
H3f3a-ps2,6,True
H3f3aos,4,True
H3f3b,6,True
H3f3c,6,True
H60b,1,False
H60c,1,False
H6pd,6,True
Haao,1,False
Habp2,0,False
Habp4,6,True
Hacd1,6,True
Hacd2,6,True
Hacd3,6,True
Hacd4,6,True
Hace1,6,True
Hacl1,6,True
Hadh,6,True
Hadha,6,True
Hadhb,6,True
Hagh,6,True
Haghl,6,True
Haglr,1,False
Hal,1,False
Halr1,1,False
Hamp,0,False
Hamp2,0,False
Hand1,0,False
Hand2,0,False
Hao1,1,False
Hao2,0,False
Hap1,6,True
Hapln1,6,True
Hapln2,6,True
Hapln3,6,True
Hapln4,5,True
Harbi1,6,True
Hars,6,True
Hars2,6,True
Has1,1,False
Has2,6,True
Has2os,4,True
Has3,3,True
Hat1,6,True
Haus1,6,True
Haus2,6,True
Haus3,6,True
Haus4,6,True
Haus5,5,True
Haus6,6,True
Haus7,6,True
Haus8,6,True
Havcr1,0,False
Havcr2,2,False
Hax1,6,True
Hba-a1,6,True
Hba-a2,6,True
Hba-ps4,1,False
Hba-x,0,False
Hbb-bh0,0,False
Hbb-bh1,0,False
Hbb-bh2,0,False
Hbb-bh3,0,False
Hbb-bs,6,True
Hbb-bt,6,True
Hbb-y,1,False
Hbegf,6,True
Hbp1,6,True
Hbq1a,1,False
Hbq1b,1,False
Hbs1l,6,True
Hc,3,True
Hcar1,0,False
Hcar2,0,False
Hccs,6,True
Hcfc1,6,True
Hcfc1r1,6,True
Hcfc1r1-ps1,0,False
Hcfc1r1-ps2,0,False
Hcfc2,6,True
Hck,5,True
Hcls1,3,True
Hcn1,5,True
Hcn2,6,True
Hcn3,5,True
Hcn4,2,False
Hcrt,2,False
Hcrtr1,1,False
Hcrtr2,1,False
Hcst,1,False
Hdac1,6,True
Hdac10,6,True
Hdac11,6,True
Hdac2,6,True
Hdac3,6,True
Hdac4,6,True
Hdac5,6,True
Hdac6,6,True
Hdac7,6,True
Hdac8,6,True
Hdac9,6,True
Hdc,5,True
Hddc2,6,True
Hddc3,6,True
Hdgf,6,True
Hdgfl1,2,False
Hdgfrp2,6,True
Hdgfrp3,6,True
Hdhd1a,0,False
Hdhd2,6,True
Hdhd3,6,True
Hdlbp,6,True
Hdx,5,True
Heatr1,6,True
Heatr3,6,True
Heatr4,2,False
Heatr5a,6,True
Heatr5b,6,True
Heatr6,6,True
Heatr9,1,False
Hebp1,6,True
Hebp2,6,True
Heca,6,True
Hectd1,6,True
Hectd2,6,True
Hectd3,6,True
Hecw1,6,True
Hecw2,6,True
Heg1,6,True
Helb,5,True
Hells,6,True
Helq,6,True
Helt,2,False
Helz,6,True
Helz2,4,True
Hemgn,1,False
Hemk1,6,True
Henmt1,4,True
Hepacam,6,True
Hepacam2,3,True
Heph,6,True
Hephl1,1,False
Herc1,6,True
Herc2,6,True
Herc3,6,True
Herc4,6,True
Herc6,6,True
Herpud1,6,True
Herpud2,6,True
Hes1,6,True
Hes2,2,False
Hes3,0,False
Hes5,6,True
Hes6,6,True
Hes7,5,True
Hesx1,0,False
Hexa,6,True
Hexb,6,True
Hexdc,6,True
Hexim1,6,True
Hexim2,6,True
Hey1,6,True
Hey2,6,True
Heyl,5,True
Hfe,6,True
Hfe2,0,False
Hfm1,6,True
Hgd,1,False
Hgf,5,True
Hgfac,2,False
Hgh1,5,True
Hgs,6,True
Hgsnat,6,True
Hhat,6,True
Hhatl,6,True
Hhex,2,False
Hhip,6,True
Hhipl1,6,True
Hhipl2,1,False
Hhla1,0,False
Hibadh,6,True
Hibch,6,True
Hic1,2,False
Hic2,5,True
Hid1,6,True
Hif1a,6,True
Hif1an,6,True
Hif3a,6,True
Higd1a,6,True
Higd1b,3,True
Higd1c,0,False
Higd2a,6,True
Hilpda,6,True
Hils1,0,False
Hinfp,6,True
Hint1,6,True
Hint2,6,True
Hint3,6,True
Hip1,6,True
Hip1r,6,True
Hipk1,6,True
Hipk2,6,True
Hipk3,6,True
Hipk4,6,True
Hira,6,True
Hirip3,6,True
Hist1h1a,2,False
Hist1h1b,5,True
Hist1h1c,6,True
Hist1h1d,6,True
Hist1h1e,6,True
Hist1h1t,0,False
Hist1h2aa,2,False
Hist1h2ab,6,True
Hist1h2ac,6,True
Hist1h2ad,6,True
Hist1h2ae,6,True
Hist1h2af,6,True
Hist1h2ag,6,True
Hist1h2ah,6,True
Hist1h2ai,6,True
Hist1h2aj,6,True
Hist1h2ak,6,True
Hist1h2al,6,True
Hist1h2an,6,True
Hist1h2ao,6,True
Hist1h2ap,6,True
Hist1h2ba,6,True
Hist1h2bb,6,True
Hist1h2bc,6,True
Hist1h2be,6,True
Hist1h2bf,6,True
Hist1h2bg,6,True
Hist1h2bh,6,True
Hist1h2bj,6,True
Hist1h2bk,6,True
Hist1h2bl,6,True
Hist1h2bm,6,True
Hist1h2bn,6,True
Hist1h2bp,6,True
Hist1h2bq,6,True
Hist1h2br,6,True
Hist1h3a,0,False
Hist1h3b,1,False
Hist1h3c,2,False
Hist1h3d,5,True
Hist1h3e,4,True
Hist1h3f,4,True
Hist1h3g,2,False
Hist1h3h,3,True
Hist1h3i,2,False
Hist1h4a,6,True
Hist1h4b,6,True
Hist1h4c,6,True
Hist1h4d,6,True
Hist1h4f,6,True
Hist1h4h,6,True
Hist1h4i,6,True
Hist1h4j,6,True
Hist1h4k,6,True
Hist1h4m,6,True
Hist1h4n,6,True
Hist2h2aa1,0,False
Hist2h2aa2,0,False
Hist2h2ab,0,False
Hist2h2ac,6,True
Hist2h2bb,0,False
Hist2h2be,6,True
Hist2h3b,0,False
Hist2h3c1,0,False
Hist2h3c2,6,True
Hist2h4,6,True
Hist3h2a,6,True
Hist3h2ba,6,True
Hist3h2bb-ps,6,True
Hist4h4,4,True
Hivep1,6,True
Hivep2,6,True
Hivep3,6,True
Hjurp,6,True
Hk1,6,True
Hk1os,5,True
Hk2,5,True
Hk3,4,True
Hkdc1,4,True
Hlcs,6,True
Hlf,6,True
Hltf,6,True
Hlx,2,False
Hm629797,4,True
Hmbox1,6,True
Hmbs,6,True
Hmces,6,True
Hmcn1,4,True
Hmcn2,6,True
Hmg20a,6,True
Hmg20b,6,True
Hmga1,6,True
Hmga1-rs1,6,True
Hmga2,6,True
Hmgb1,6,True
Hmgb1-ps1,6,True
Hmgb1-ps2,6,True
Hmgb1-ps3,6,True
Hmgb1-ps4,6,True
Hmgb1-ps5,6,True
Hmgb1-ps6,6,True
Hmgb1-ps7,6,True
Hmgb1-ps8,6,True
Hmgb1-ps9,6,True
Hmgb1-rs16,3,True
Hmgb1-rs17,6,True
Hmgb1-rs18,0,False
Hmgb1l,6,True
Hmgb2,6,True
Hmgb3,6,True
Hmgb3-ps,5,True
Hmgb4,2,False
Hmgb4os,0,False
Hmgcl,6,True
Hmgcll1,6,True
Hmgcr,6,True
Hmgcs1,6,True
Hmgcs2,6,True
Hmgn1,6,True
Hmgn2,6,True
Hmgn2-ps1,6,True
Hmgn2l6,2,False
Hmgn3,6,True
Hmgn5,6,True
Hmgxb3,6,True
Hmgxb4,6,True
Hmha1,5,True
Hmmr,6,True
Hmox1,6,True
Hmox2,6,True
Hmx1,0,False
Hmx2,0,False
Hmx3,0,False
Hn1,6,True
Hn1l,6,True
Hnf1a,2,False
Hnf1aos1,1,False
Hnf1aos2,0,False
Hnf1b,0,False
Hnf4a,2,False
Hnf4aos,0,False
Hnf4g,0,False
Hnmt,6,True
Hnrnpa0,6,True
Hnrnpa1,6,True
Hnrnpa1l2-ps,6,True
Hnrnpa2b1,6,True
Hnrnpa3,6,True
Hnrnpab,6,True
Hnrnpc,6,True
Hnrnpd,6,True
Hnrnpdl,6,True
Hnrnpf,6,True
Hnrnph1,6,True
Hnrnph2,6,True
Hnrnph3,6,True
Hnrnpk,6,True
Hnrnpl,6,True
Hnrnpll,6,True
Hnrnpm,6,True
Hnrnpr,6,True
Hnrnpu,6,True
Hnrnpul1,6,True
Hnrnpul2,6,True
Hoga1,5,True
Homer1,6,True
Homer2,6,True
Homer3,6,True
Homez,6,True
Hook1,6,True
Hook2,6,True
Hook3,6,True
Hopx,6,True
Hopxos,6,True
Hormad1,1,False
Hormad2,3,True
Hotair,1,False
Hotairm1,1,False
Hottip,0,False
Hoxa1,0,False
Hoxa10,0,False
Hoxa11,0,False
Hoxa11os,0,False
Hoxa13,0,False
Hoxa2,0,False
Hoxa3,0,False
Hoxa4,0,False
Hoxa5,0,False
Hoxa6,0,False
Hoxa7,0,False
Hoxa9,1,False
Hoxaas2,2,False
Hoxaas3,1,False
Hoxb1,0,False
Hoxb13,0,False
Hoxb2,1,False
Hoxb3,0,False
Hoxb3os,0,False
Hoxb4,0,False
Hoxb5,1,False
Hoxb5os,0,False
Hoxb6,0,False
Hoxb7,0,False
Hoxb8,0,False
Hoxb9,0,False
Hoxc10,0,False
Hoxc11,0,False
Hoxc12,0,False
Hoxc13,0,False
Hoxc4,0,False
Hoxc5,0,False
Hoxc6,1,False
Hoxc8,1,False
Hoxc9,0,False
Hoxd1,0,False
Hoxd10,1,False
Hoxd11,0,False
Hoxd12,1,False
Hoxd13,0,False
Hoxd3,0,False
Hoxd3os1,0,False
Hoxd4,0,False
Hoxd8,0,False
Hoxd9,0,False
Hp,1,False
Hp1bp3,6,True
Hpca,6,True
Hpcal1,6,True
Hpcal4,6,True
Hpd,1,False
Hpdl,6,True
Hpgd,6,True
Hpgds,6,True
Hpn,3,True
Hprt,6,True
Hps1,6,True
Hps3,6,True
Hps4,6,True
Hps5,6,True
Hps6,6,True
Hpse,2,False
Hpse2,6,True
Hpx,6,True
Hr,6,True
Hras,6,True
Hrasls,6,True
Hrasls5,0,False
Hrc,0,False
Hrct1,2,False
Hrg,0,False
Hrh1,6,True
Hrh2,2,False
Hrh3,2,False
Hrh4,0,False
Hrk,6,True
Hrnr,1,False
Hs1bp3,6,True
Hs2st1,6,True
Hs3st1,6,True
Hs3st2,2,False
Hs3st3a1,2,False
Hs3st3b1,5,True
Hs3st4,3,True
Hs3st5,3,True
Hs3st6,4,True
Hs6st1,6,True
Hs6st2,5,True
Hs6st3,1,False
Hsbp1,6,True
Hsbp1l1,4,True
Hscb,6,True
Hsd11b1,6,True
Hsd11b2,4,True
Hsd17b1,1,False
Hsd17b10,6,True
Hsd17b11,6,True
Hsd17b12,6,True
Hsd17b13,2,False
Hsd17b14,3,True
Hsd17b2,0,False
Hsd17b3,1,False
Hsd17b4,6,True
Hsd17b6,1,False
Hsd17b7,6,True
Hsd3b1,2,False
Hsd3b2,1,False
Hsd3b3,2,False
Hsd3b4,0,False
Hsd3b5,1,False
Hsd3b6,1,False
Hsd3b7,6,True
Hsdl1,6,True
Hsdl2,6,True
Hsf1,6,True
Hsf2,6,True
Hsf2bp,2,False
Hsf3,1,False
Hsf4,2,False
Hsf5,5,True
Hsfy2,0,False
Hsh2d,2,False
Hsp25-ps1,3,True
Hsp90aa1,6,True
Hsp90ab1,6,True
Hsp90b1,6,True
Hspa12a,6,True
Hspa12b,5,True
Hspa13,6,True
Hspa14,6,True
Hspa1a,6,True
Hspa1b,6,True
Hspa1l,3,True
Hspa2,6,True
Hspa4,6,True
Hspa4l,6,True
Hspa5,6,True
Hspa8,6,True
Hspa9,6,True
Hspa9-ps1,6,True
Hspb1,4,True
Hspb11,6,True
Hspb2,4,True
Hspb3,0,False
Hspb6,6,True
Hspb7,0,False
Hspb8,6,True
Hspb9,1,False
Hspbap1,6,True
Hspbp1,6,True
Hspd1,6,True
Hspd1-ps1,0,False
Hspd1-ps3,6,True
Hspd1-ps4,6,True
Hspe1,6,True
Hspe1-ps2,6,True
Hspe1-ps3,6,True
Hspe1-ps4,0,False
Hspe1-ps5,6,True
Hspe1-ps6,4,True
Hspg2,6,True
Hsph1,6,True
Htatip2,5,True
Htatsf1,6,True
Htr1a,3,True
Htr1b,0,False
Htr1d,1,False
Htr1f,2,False
Htr2a,2,False
Htr2b,5,True
Htr2c,4,True
Htr3a,2,False
Htr3b,1,False
Htr4,3,True
Htr5a,5,True
Htr5b,4,True
Htr6,6,True
Htr7,2,False
Htra1,6,True
Htra2,6,True
Htra3,6,True
Htra4,2,False
Htt,6,True
Hunk,6,True
Hus1,6,True
Hus1b,2,False
Huwe1,6,True
Hvcn1,3,True
Hyal1,6,True
Hyal2,6,True
Hyal3,4,True
Hyal4,1,False
Hyal5,1,False
Hyal6,1,False
Hydin,3,True
Hyi,6,True
Hykk,6,True
Hyls1,6,True
Hyou1,6,True
Hypk,6,True
Hypm,0,False
I0C0044D17Rik,0,False
I830077J02Rik,2,False
I830127L07Rik,2,False
I830134H01Rik,1,False
Iah1,6,True
Iapp,2,False
Iars,6,True
Iars2,6,True
Iba57,6,True
Ibsp,1,False
Ibtk,6,True
Ica1,6,True
Ica1l,6,True
Icam1,4,True
Icam2,3,True
Icam4,3,True
Icam5,6,True
Ice1,6,True
Ice2,6,True
Ick,6,True
Icmt,6,True
Icos,0,False
Icosl,6,True
Ict1,6,True
Ict1os,2,False
Id1,6,True
Id2,6,True
Id3,6,True
Id4,6,True
Ide,6,True
Idh1,6,True
Idh2,6,True
Idh3a,6,True
Idh3b,6,True
Idh3g,6,True
Idi1,6,True
Idi2,3,True
Idnk,6,True
Ido1,0,False
Ido2,3,True
Ids,6,True
Idua,6,True
Ier2,6,True
Ier3,6,True
Ier3ip1,6,True
Ier5,6,True
Ier5l,6,True
Iffo1,6,True
Iffo2,4,True
Ifi202b,1,False
Ifi203,6,True
Ifi204,6,True
Ifi205,2,False
Ifi27,6,True
Ifi27l2a,6,True
Ifi27l2b,1,False
Ifi30,5,True
Ifi35,6,True
Ifi44,2,False
Ifi44l,2,False
Ifi47,3,True
Ifih1,6,True
Ifit1,6,True
Ifit1bl1,3,True
Ifit1bl2,6,True
Ifit2,6,True
Ifit3,6,True
Ifit3b,6,True
Ifitm1,5,True
Ifitm10,6,True
Ifitm2,6,True
Ifitm3,6,True
Ifitm5,1,False
Ifitm6,0,False
Ifitm7,5,True
Ifna-ps1,0,False
Ifna1,0,False
Ifna11,0,False
Ifna12,0,False
Ifna13,0,False
Ifna14,0,False
Ifna15,0,False
Ifna16,0,False
Ifna2,0,False
Ifna4,0,False
Ifna5,0,False
Ifna6,1,False
Ifna7,0,False
Ifna9,0,False
Ifnab,0,False
Ifnar1,6,True
Ifnar2,6,True
Ifnb1,0,False
Ifne,0,False
Ifng,0,False
Ifngr1,6,True
Ifngr2,6,True
Ifnk,0,False
Ifnl2,1,False
Ifnl3,0,False
Ifnlr1,3,True
Ifnz,3,True
Ifrd1,6,True
Ifrd2,6,True
Ift122,6,True
Ift140,6,True
Ift172,6,True
Ift20,6,True
Ift22,6,True
Ift27,6,True
Ift43,6,True
Ift46,6,True
Ift52,6,True
Ift57,6,True
Ift74,6,True
Ift80,6,True
Ift81,6,True
Ift88,6,True
Ift88os,3,True
Igbp1,6,True
Igbp1b,1,False
Igdcc3,6,True
Igdcc4,6,True
Igf1,5,True
Igf1os,1,False
Igf1r,6,True
Igf2,6,True
Igf2bp1,2,False
Igf2bp2,4,True
Igf2bp3,6,True
Igf2os,0,False
Igf2r,6,True
Igfals,0,False
Igfbp1,1,False
Igfbp2,6,True
Igfbp3,6,True
Igfbp4,6,True
Igfbp5,6,True
Igfbp6,4,True
Igfbp7,4,True
Igfbpl1,6,True
Igfl3,1,False
Igflr1,0,False
Igfn1,5,True
Igha,0,False
Ighd,0,False
Ighd1-1,0,False
Ighd2-3,0,False
Ighd2-4,0,False
Ighd2-5,0,False
Ighd2-6,0,False
Ighd2-7,0,False
Ighd2-8,0,False
Ighd3-1,0,False
Ighd3-2,0,False
Ighd4-1,0,False
Ighd5-1,1,False
Ighd5-2,0,False
Ighd5-3,0,False
Ighd5-4,0,False
Ighd5-5,0,False
Ighd5-6,0,False
Ighd5-7,0,False
Ighd5-8,0,False
Ighd6-1,0,False
Ighd6-2,0,False
Ighe,0,False
Ighg1,1,False
Ighg2b,2,False
Ighg2c,2,False
Ighg3,0,False
Ighj1,2,False
Ighj2,0,False
Ighj3,0,False
Ighj4,1,False
Ighm,6,True
Ighmbp2,6,True
Ighv1-1,0,False
Ighv1-10,0,False
Ighv1-11,0,False
Ighv1-12,0,False
Ighv1-13,0,False
Ighv1-14,0,False
Ighv1-15,0,False
Ighv1-16,0,False
Ighv1-17,0,False
Ighv1-17-1,0,False
Ighv1-18,0,False
Ighv1-19,0,False
Ighv1-19-1,0,False
Ighv1-2,0,False
Ighv1-20,0,False
Ighv1-21,0,False
Ighv1-21-1,0,False
Ighv1-22,0,False
Ighv1-23,0,False
Ighv1-24,0,False
Ighv1-25,0,False
Ighv1-26,0,False
Ighv1-27,0,False
Ighv1-28,0,False
Ighv1-29,0,False
Ighv1-3,0,False
Ighv1-30,0,False
Ighv1-31,0,False
Ighv1-32,0,False
Ighv1-33,0,False
Ighv1-34,0,False
Ighv1-35,1,False
Ighv1-36,0,False
Ighv1-37,0,False
Ighv1-38,0,False
Ighv1-39,0,False
Ighv1-4,0,False
Ighv1-40,0,False
Ighv1-41,0,False
Ighv1-42,0,False
Ighv1-43,0,False
Ighv1-44,0,False
Ighv1-45,0,False
Ighv1-46,0,False
Ighv1-47,0,False
Ighv1-48,0,False
Ighv1-49,0,False
Ighv1-5,0,False
Ighv1-50,0,False
Ighv1-51,1,False
Ighv1-52,0,False
Ighv1-53,0,False
Ighv1-54,0,False
Ighv1-55,0,False
Ighv1-56,0,False
Ighv1-57,0,False
Ighv1-58,0,False
Ighv1-59,0,False
Ighv1-6,0,False
Ighv1-60,1,False
Ighv1-61,0,False
Ighv1-62,0,False
Ighv1-62-1,0,False
Ighv1-62-2,0,False
Ighv1-62-3,0,False
Ighv1-63,0,False
Ighv1-64,0,False
Ighv1-65,0,False
Ighv1-66,0,False
Ighv1-67,0,False
Ighv1-68,0,False
Ighv1-69,0,False
Ighv1-7,0,False
Ighv1-70,0,False
Ighv1-71,0,False
Ighv1-72,0,False
Ighv1-73,0,False
Ighv1-74,0,False
Ighv1-75,0,False
Ighv1-76,0,False
Ighv1-77,0,False
Ighv1-78,0,False
Ighv1-79,0,False
Ighv1-8,0,False
Ighv1-80,0,False
Ighv1-81,0,False
Ighv1-82,0,False
Ighv1-83,0,False
Ighv1-84,0,False
Ighv1-85,0,False
Ighv1-86,0,False
Ighv1-9,0,False
Ighv10-1,0,False
Ighv10-2,0,False
Ighv10-3,0,False
Ighv10-4,0,False
Ighv11-1,0,False
Ighv11-2,0,False
Ighv12-1,0,False
Ighv12-2,0,False
Ighv12-3,0,False
Ighv13-1,0,False
Ighv13-2,0,False
Ighv14-1,0,False
Ighv14-2,0,False
Ighv14-3,0,False
Ighv14-4,0,False
Ighv15-1,0,False
Ighv15-2,0,False
Ighv16-1,0,False
Ighv2-1,0,False
Ighv2-2,0,False
Ighv2-3,0,False
Ighv2-4,0,False
Ighv2-5,0,False
Ighv2-6,0,False
Ighv2-6-8,0,False
Ighv2-7,0,False
Ighv2-8,0,False
Ighv2-9,0,False
Ighv2-9-1,0,False
Ighv3-1,0,False
Ighv3-2,0,False
Ighv3-3,0,False
Ighv3-4,0,False
Ighv3-5,0,False
Ighv3-6,0,False
Ighv3-7,0,False
Ighv3-8,1,False
Ighv4-1,0,False
Ighv4-2,0,False
Ighv5-1,1,False
Ighv5-10,0,False
Ighv5-11,0,False
Ighv5-12,0,False
Ighv5-12-4,0,False
Ighv5-13,0,False
Ighv5-15,1,False
Ighv5-16,0,False
Ighv5-17,0,False
Ighv5-18,0,False
Ighv5-19,0,False
Ighv5-2,0,False
Ighv5-21,0,False
Ighv5-3,0,False
Ighv5-4,1,False
Ighv5-5,0,False
Ighv5-6,0,False
Ighv5-7,0,False
Ighv5-8,0,False
Ighv5-9,0,False
Ighv5-9-1,0,False
Ighv6-1,0,False
Ighv6-2,0,False
Ighv6-3,0,False
Ighv6-4,0,False
Ighv6-5,0,False
Ighv6-6,0,False
Ighv6-7,0,False
Ighv7-1,0,False
Ighv7-2,2,False
Ighv7-3,0,False
Ighv7-4,0,False
Ighv8-1,0,False
Ighv8-10,0,False
Ighv8-11,0,False
Ighv8-12,1,False
Ighv8-13,0,False
Ighv8-14,0,False
Ighv8-15,0,False
Ighv8-16,0,False
Ighv8-2,0,False
Ighv8-3,0,False
Ighv8-4,0,False
Ighv8-5,0,False
Ighv8-6,0,False
Ighv8-7,0,False
Ighv8-8,0,False
Ighv8-9,0,False
Ighv9-1,0,False
Ighv9-2,0,False
Ighv9-3,0,False
Ighv9-4,0,False
Igip,5,True
Igkc,0,False
Igkj1,0,False
Igkj2,0,False
Igkj3,0,False
Igkj4,0,False
Igkj5,0,False
Igkv1-108,0,False
Igkv1-110,0,False
Igkv1-115,0,False
Igkv1-117,0,False
Igkv1-122,0,False
Igkv1-131,0,False
Igkv1-132,0,False
Igkv1-133,0,False
Igkv1-135,0,False
Igkv1-136,0,False
Igkv1-35,1,False
Igkv1-88,0,False
Igkv1-99,0,False
Igkv10-94,0,False
Igkv10-95,0,False
Igkv10-96,0,False
Igkv11-106,0,False
Igkv11-114,1,False
Igkv11-118,0,False
Igkv11-125,0,False
Igkv12-38,1,False
Igkv12-40,0,False
Igkv12-41,0,False
Igkv12-42,0,False
Igkv12-44,0,False
Igkv12-46,0,False
Igkv12-47,0,False
Igkv12-49,0,False
Igkv12-66,0,False
Igkv12-67,2,False
Igkv12-89,0,False
Igkv12-98,0,False
Igkv13-54-1,0,False
Igkv13-55-1,0,False
Igkv13-56-1,0,False
Igkv13-57-1,0,False
Igkv13-57-2,0,False
Igkv13-61-1,0,False
Igkv13-62-1,0,False
Igkv13-64,0,False
Igkv13-71-1,0,False
Igkv13-73-1,0,False
Igkv13-74-1,0,False
Igkv13-76,0,False
Igkv13-78-1,0,False
Igkv13-80-1,0,False
Igkv13-82,0,False
Igkv13-84,0,False
Igkv13-85,0,False
Igkv13-87,0,False
Igkv14-100,0,False
Igkv14-111,0,False
Igkv14-118-1,0,False
Igkv14-118-2,0,False
Igkv14-126,0,False
Igkv14-126-1,0,False
Igkv14-130,0,False
Igkv14-134-1,0,False
Igkv15-101,0,False
Igkv15-101-1,0,False
Igkv15-102,0,False
Igkv15-103,0,False
Igkv15-97,0,False
Igkv16-104,0,False
Igkv17-121,0,False
Igkv17-127,0,False
Igkv17-134,0,False
Igkv18-36,0,False
Igkv19-93,0,False
Igkv2-105,0,False
Igkv2-107,0,False
Igkv2-109,0,False
Igkv2-112,1,False
Igkv2-113,0,False
Igkv2-116,0,False
Igkv2-137,0,False
Igkv2-93-1,0,False
Igkv2-95-1,0,False
Igkv2-95-2,0,False
Igkv20-101-2,0,False
Igkv3-1,0,False
Igkv3-10,0,False
Igkv3-11,0,False
Igkv3-12,0,False
Igkv3-12-1,0,False
Igkv3-2,0,False
Igkv3-3,0,False
Igkv3-4,0,False
Igkv3-5,0,False
Igkv3-6,0,False
Igkv3-7,1,False
Igkv3-8,0,False
Igkv3-9,0,False
Igkv4-50,2,False
Igkv4-51,0,False
Igkv4-53,0,False
Igkv4-54,0,False
Igkv4-55,0,False
Igkv4-56,1,False
Igkv4-57,1,False
Igkv4-57-1,1,False
Igkv4-58,0,False
Igkv4-59,0,False
Igkv4-60,0,False
Igkv4-61,0,False
Igkv4-62,0,False
Igkv4-63,0,False
Igkv4-65,0,False
Igkv4-68,0,False
Igkv4-69,0,False
Igkv4-70,0,False
Igkv4-71,0,False
Igkv4-72,0,False
Igkv4-73,0,False
Igkv4-74,2,False
Igkv4-75,0,False
Igkv4-77,0,False
Igkv4-78,0,False
Igkv4-79,0,False
Igkv4-80,0,False
Igkv4-81,0,False
Igkv4-83,0,False
Igkv4-86,1,False
Igkv4-90,1,False
Igkv4-91,0,False
Igkv4-92,0,False
Igkv5-37,1,False
Igkv5-39,0,False
Igkv5-40-1,0,False
Igkv5-43,0,False
Igkv5-45,0,False
Igkv5-48,0,False
Igkv6-13,0,False
Igkv6-14,0,False
Igkv6-15,0,False
Igkv6-17,0,False
Igkv6-20,0,False
Igkv6-23,0,False
Igkv6-25,0,False
Igkv6-29,0,False
Igkv6-32,0,False
Igkv7-33,0,False
Igkv8-16,0,False
Igkv8-18,0,False
Igkv8-19,0,False
Igkv8-21,0,False
Igkv8-22,0,False
Igkv8-24,1,False
Igkv8-26,0,False
Igkv8-27,0,False
Igkv8-28,0,False
Igkv8-30,0,False
Igkv8-31,0,False
Igkv8-34,0,False
Igkv9-119,0,False
Igkv9-120,0,False
Igkv9-123,0,False
Igkv9-124,0,False
Igkv9-128,0,False
Igkv9-129,1,False
Iglc1,0,False
Iglc2,0,False
Iglc3,2,False
Iglc4,0,False
Iglj1,0,False
Iglj2,0,False
Iglj3,1,False
Iglj3p,0,False
Iglj4,0,False
Igll1,2,False
Iglon5,5,True
Iglv1,0,False
Iglv2,0,False
Iglv3,1,False
Igsf1,6,True
Igsf10,6,True
Igsf11,6,True
Igsf21,6,True
Igsf23,0,False
Igsf3,6,True
Igsf5,3,True
Igsf6,4,True
Igsf8,6,True
Igsf9,6,True
Igsf9b,6,True
Igtp,6,True
Ihh,1,False
Iigp1,4,True
Ik,6,True
Ikbip,6,True
Ikbkap,6,True
Ikbkb,6,True
Ikbke,6,True
Ikbkg,6,True
Ikzf1,2,False
Ikzf2,6,True
Ikzf3,2,False
Ikzf4,6,True
Ikzf5,6,True
Il10,2,False
Il10ra,4,True
Il10rb,6,True
Il11,3,True
Il11ra1,6,True
Il11ra2,6,True
Il12a,1,False
Il12b,0,False
Il12rb1,0,False
Il12rb2,2,False
Il13,0,False
Il13ra1,6,True
Il13ra2,0,False
Il15,6,True
Il15ra,6,True
Il16,5,True
Il17a,0,False
Il17b,1,False
Il17c,0,False
Il17d,6,True
Il17f,1,False
Il17ra,6,True
Il17rb,5,True
Il17rc,6,True
Il17rd,6,True
Il17re,3,True
Il18,6,True
Il18bp,5,True
Il18r1,1,False
Il18rap,1,False
Il19,1,False
Il1a,3,True
Il1b,1,False
Il1bos,2,False
Il1f10,0,False
Il1f5,0,False
Il1f6,0,False
Il1f8,1,False
Il1f9,0,False
Il1r1,5,True
Il1r2,3,True
Il1rap,6,True
Il1rapl1,6,True
Il1rapl2,0,False
Il1rl1,3,True
Il1rl2,5,True
Il1rn,2,False
Il2,6,True
Il20,0,False
Il20ra,1,False
Il20rb,5,True
Il21,2,False
Il21r,3,True
Il22,0,False
Il22ra1,1,False
Il22ra2,0,False
Il23a,0,False
Il23r,2,False
Il24,1,False
Il25,2,False
Il27,1,False
Il27ra,4,True
Il2ra,0,False
Il2rb,2,False
Il2rg,4,True
Il3,0,False
Il31,0,False
Il31ra,2,False
Il33,6,True
Il34,4,True
Il3ra,4,True
Il4,5,True
Il4i1,2,False
Il4ra,5,True
Il5,1,False
Il5ra,2,False
Il6,1,False
Il6ra,5,True
Il6st,6,True
Il7,0,False
Il7r,1,False
Il9,0,False
Il9r,2,False
Ildr1,1,False
Ildr2,6,True
Ilf2,6,True
Ilf3,6,True
Ilk,3,True
Ilkap,6,True
Iltifb,0,False
Ilvbl,6,True
Immp1l,6,True
Immp2l,6,True
Immt,6,True
Imp3,6,True
Imp4,6,True
Impa1,6,True
Impa2,6,True
Impact,6,True
Impad1,6,True
Impdh1,5,True
Impdh2,6,True
Impg1,1,False
Impg2,3,True
Ina,6,True
Inadl,6,True
Inafm1,6,True
Inafm2,6,True
Inca1,6,True
Incenp,6,True
Inf2,6,True
Ing1,6,True
Ing2,6,True
Ing3,6,True
Ing4,6,True
Ing5,6,True
Inha,5,True
Inhba,6,True
Inhbb,6,True
Inhbc,5,True
Inhbe,0,False
Inip,6,True
Inmt,1,False
Ino80,6,True
Ino80b,6,True
Ino80c,6,True
Ino80d,6,True
Ino80dos,6,True
Ino80e,6,True
Inpp1,6,True
Inpp4a,6,True
Inpp4b,6,True
Inpp5a,6,True
Inpp5b,6,True
Inpp5d,6,True
Inpp5e,6,True
Inpp5f,6,True
Inpp5j,6,True
Inpp5k,6,True
Inppl1,6,True
Ins1,1,False
Ins2,1,False
Insc,5,True
Insig1,6,True
Insig2,6,True
Insl3,0,False
Insl5,0,False
Insl6,3,True
Insm1,6,True
Insm2,3,True
Insr,6,True
Insrr,0,False
Ints1,6,True
Ints10,6,True
Ints12,6,True
Ints2,6,True
Ints3,6,True
Ints4,6,True
Ints5,6,True
Ints6,6,True
Ints7,6,True
Ints8,6,True
Ints9,6,True
Intu,6,True
Invs,6,True
Ip6k1,6,True
Ip6k2,6,True
Ip6k3,5,True
Ipcef1,3,True
Ipmk,6,True
Ipo11,6,True
Ipo13,6,True
Ipo4,6,True
Ipo5,6,True
Ipo7,6,True
Ipo8,6,True
Ipo9,6,True
Ipp,6,True
Ippk,6,True
Iqca,2,False
Iqcb1,6,True
Iqcc,6,True
Iqcd,5,True
Iqce,6,True
Iqcf1,1,False
Iqcf3,1,False
Iqcf4,0,False
Iqcf5,0,False
Iqcf6,0,False
Iqcg,3,True
Iqch,5,True
Iqcj,2,False
Iqck,6,True
Iqgap1,6,True
Iqgap2,6,True
Iqgap3,6,True
Iqsec1,6,True
Iqsec2,6,True
Iqsec3,4,True
Iqub,3,True
Irak1,6,True
Irak1bp1,6,True
Irak2,6,True
Irak3,1,False
Irak4,6,True
Ireb2,6,True
Irf1,6,True
Irf2,6,True
Irf2bp1,6,True
Irf2bp2,6,True
Irf2bpl,6,True
Irf3,6,True
Irf4,2,False
Irf5,6,True
Irf6,5,True
Irf7,3,True
Irf8,5,True
Irf9,6,True
Irgc1,0,False
Irgm1,6,True
Irgm2,6,True
Irgq,6,True
Irs1,6,True
Irs2,6,True
Irs3,2,False
Irs4,1,False
Irx1,5,True
Irx2,1,False
Irx3,3,True
Irx3os,1,False
Irx4,0,False
Irx5,0,False
Irx6,6,True
Isca1,6,True
Isca2,6,True
Iscu,6,True
Isg15,4,True
Isg20,2,False
Isg20l2,6,True
Isl1,1,False
Isl2,1,False
Islr,6,True
Islr2,6,True
Ism1,2,False
Ism2,6,True
Isoc1,6,True
Isoc2a,5,True
Isoc2b,6,True
Ispd,6,True
Ist1,6,True
Isx,1,False
Isy1,6,True
Isyna1,6,True
Itch,6,True
Itfg1,6,True
Itfg2,6,True
Itga1,6,True
Itga10,4,True
Itga11,1,False
Itga2,4,True
Itga2b,3,True
Itga3,6,True
Itga4,6,True
Itga5,5,True
Itga6,6,True
Itga7,6,True
Itga8,6,True
Itga9,6,True
Itgad,4,True
Itgae,4,True
Itgal,2,False
Itgam,5,True
Itgav,6,True
Itgax,1,False
Itgb1,6,True
Itgb1bp1,6,True
Itgb1bp2,2,False
Itgb2,5,True
Itgb2l,1,False
Itgb3,3,True
Itgb3bp,6,True
Itgb4,6,True
Itgb5,6,True
Itgb6,1,False
Itgb7,5,True
Itgb8,6,True
Itgbl1,4,True
Itih1,2,False
Itih2,4,True
Itih3,6,True
Itih4,1,False
Itih5,6,True
Itih5l-ps,1,False
Itk,3,True
Itln1,1,False
Itm2a,6,True
Itm2b,6,True
Itm2c,6,True
Itpa,6,True
Itpa-ps1,6,True
Itpa-ps2,2,False
Itpa-ps3,0,False
Itpk1,6,True
Itpka,6,True
Itpkb,6,True
Itpkc,6,True
Itpr1,6,True
Itpr2,6,True
Itpr3,3,True
Itpr3os,0,False
Itpripl1,6,True
Itpripl2,5,True
Itsn1,6,True
Itsn2,6,True
Ivd,6,True
Ivl,0,False
Ivns1abp,6,True
Iws1,6,True
Iyd,1,False
Izumo1,1,False
Izumo1r,0,False
Izumo2,0,False
Izumo3,0,False
Izumo4,6,True
Jade1,6,True
Jade2,6,True
Jade3,6,True
Jag1,6,True
Jag2,6,True
Jagn1,6,True
Jak1,6,True
Jak2,6,True
Jak3,3,True
Jakmip1,6,True
Jakmip2,6,True
Jakmip3,4,True
Jam2,6,True
Jam3,6,True
Jarid2,6,True
Jazf1,6,True
Jchain,0,False
Jdp2,6,True
Jhy,1,False
Jkamp,6,True
Jmjd1c,6,True
Jmjd4,6,True
Jmjd6,6,True
Jmjd7,6,True
Jmjd8,6,True
Jmy,6,True
Josd1,6,True
Josd2,6,True
Jph1,6,True
Jph2,0,False
Jph3,6,True
Jph4,6,True
Jpx,6,True
Jrk,6,True
Jrkl,6,True
Jsrp1,1,False
Jtb,6,True
Jun,6,True
Junb,6,True
Jund,6,True
Junos,6,True
Jup,6,True
K230010J24Rik,4,True
Kalrn,6,True
Kank1,6,True
Kank2,6,True
Kank3,6,True
Kank4,3,True
Kank4os,0,False
Kansl1,6,True
Kansl1l,6,True
Kansl2,6,True
Kansl2-ps,6,True
Kansl3,6,True
Kantr,6,True
Kap,0,False
Kars,6,True
Kars-ps1,6,True
Kat2a,6,True
Kat2b,6,True
Kat2b-ps,6,True
Kat5,6,True
Kat6a,6,True
Kat6b,6,True
Kat6b-ps1,5,True
Kat6b-ps2,1,False
Kat7,6,True
Kat8,6,True
Katna1,6,True
Katnal1,6,True
Katnal2,6,True
Katnb1,6,True
Katnbl1,6,True
Kazald1,5,True
Kazn,6,True
Kbtbd11,6,True
Kbtbd12,2,False
Kbtbd13,1,False
Kbtbd2,6,True
Kbtbd3,6,True
Kbtbd4,6,True
Kbtbd6,6,True
Kbtbd7,6,True
Kbtbd8,6,True
Kbtbd8os,3,True
Kcmf1,6,True
Kcna1,6,True
Kcna10,0,False
Kcna2,6,True
Kcna3,4,True
Kcna4,6,True
Kcna5,6,True
Kcna6,6,True
Kcna7,0,False
Kcnab1,6,True
Kcnab2,5,True
Kcnab3,6,True
Kcnab3os,2,False
Kcnb1,6,True
Kcnb2,6,True
Kcnc1,6,True
Kcnc2,5,True
Kcnc3,6,True
Kcnc4,6,True
Kcnd1,6,True
Kcnd2,6,True
Kcnd3,6,True
Kcnd3os,2,False
Kcne1,0,False
Kcne1l,6,True
Kcne2,1,False
Kcne3,1,False
Kcne4,4,True
Kcnf1,6,True
Kcng1,3,True
Kcng2,2,False
Kcng3,1,False
Kcng4,6,True
Kcnh1,5,True
Kcnh2,6,True
Kcnh3,5,True
Kcnh4,2,False
Kcnh5,6,True
Kcnh6,3,True
Kcnh7,6,True
Kcnh8,6,True
Kcnip1,6,True
Kcnip2,6,True
Kcnip3,6,True
Kcnip4,6,True
Kcnj1,1,False
Kcnj10,6,True
Kcnj11,6,True
Kcnj12,1,False
Kcnj13,3,True
Kcnj14,6,True
Kcnj15,0,False
Kcnj16,6,True
Kcnj2,2,False
Kcnj3,6,True
Kcnj4,6,True
Kcnj5,3,True
Kcnj6,4,True
Kcnj8,3,True
Kcnj9,5,True
Kcnk1,6,True
Kcnk10,6,True
Kcnk12,2,False
Kcnk13,6,True
Kcnk15,1,False
Kcnk16,0,False
Kcnk18,2,False
Kcnk2,6,True
Kcnk3,6,True
Kcnk4,2,False
Kcnk5,2,False
Kcnk6,1,False
Kcnk7,3,True
Kcnk9,0,False
Kcnma1,6,True
Kcnmb1,1,False
Kcnmb2,1,False
Kcnmb3,1,False
Kcnmb4,6,True
Kcnmb4os1,3,True
Kcnmb4os2,3,True
Kcnn1,6,True
Kcnn2,6,True
Kcnn3,6,True
Kcnn4,2,False
Kcnq1,2,False
Kcnq1ot1,6,True
Kcnq2,6,True
Kcnq3,6,True
Kcnq4,6,True
Kcnq5,6,True
Kcnrg,1,False
Kcns1,5,True
Kcns2,4,True
Kcns3,4,True
Kcnt1,6,True
Kcnt2,5,True
Kcnu1,5,True
Kcnv1,4,True
Kcnv2,1,False
Kcp,6,True
Kctd1,6,True
Kctd10,6,True
Kctd11,6,True
Kctd12,5,True
Kctd12b,6,True
Kctd13,6,True
Kctd14,6,True
Kctd15,6,True
Kctd16,5,True
Kctd17,6,True
Kctd18,6,True
Kctd19,1,False
Kctd2,6,True
Kctd20,6,True
Kctd21,6,True
Kctd3,6,True
Kctd4,6,True
Kctd5,6,True
Kctd6,6,True
Kctd7,6,True
Kctd8,5,True
Kctd9,6,True
Kdelc1,6,True
Kdelc2,6,True
Kdelr1,6,True
Kdelr2,6,True
Kdelr3,3,True
Kdf1,3,True
Kdm1a,6,True
Kdm1b,6,True
Kdm2a,6,True
Kdm2b,6,True
Kdm3a,6,True
Kdm3b,6,True
Kdm4a,6,True
Kdm4b,6,True
Kdm4c,6,True
Kdm4d,4,True
Kdm4dl,1,False
Kdm5a,6,True
Kdm5b,6,True
Kdm5c,6,True
Kdm5d,4,True
Kdm6a,6,True
Kdm6b,6,True
Kdm6bos,1,False
Kdm7a,6,True
Kdm8,6,True
Kdr,5,True
Kdsr,6,True
Keap1,6,True
Keg1,1,False
Kel,1,False
Kera,0,False
Khdc1a,1,False
Khdc1b,3,True
Khdc1c,1,False
Khdc3,1,False
Khdrbs1,6,True
Khdrbs2,6,True
Khdrbs3,6,True
Khk,5,True
Khnyn,6,True
Khsrp,6,True
Kidins220,6,True
Kif11,6,True
Kif12,1,False
Kif13a,6,True
Kif13b,6,True
Kif14,6,True
Kif15,6,True
Kif16b,6,True
Kif16bos,0,False
Kif17,5,True
Kif18a,6,True
Kif18b,6,True
Kif19a,6,True
Kif1a,6,True
Kif1b,6,True
Kif1bp,6,True
Kif1c,6,True
Kif20a,6,True
Kif20b,6,True
Kif21a,6,True
Kif21b,6,True
Kif22,6,True
Kif22-ps,6,True
Kif23,5,True
Kif24,6,True
Kif26a,6,True
Kif26b,6,True
Kif27,2,False
Kif2a,6,True
Kif2b,0,False
Kif2c,6,True
Kif3a,6,True
Kif3b,6,True
Kif3c,6,True
Kif4,6,True
Kif4-ps,2,False
Kif5a,6,True
Kif5b,6,True
Kif5c,6,True
Kif6,3,True
Kif7,6,True
Kif9,5,True
Kifap3,6,True
Kifc1,6,True
Kifc2,6,True
Kifc3,6,True
Kifc5b,6,True
Kifc5c-ps,6,True
Kin,6,True
Kir3dl1,0,False
Kir3dl2,0,False
Kirrel,6,True
Kirrel2,6,True
Kirrel3,6,True
Kirrel3os,5,True
Kis2,0,False
Kiss1,0,False
Kiss1r,3,True
Kit,6,True
Kitl,5,True
Kiz,6,True
Kl,4,True
Klb,2,False
Klc1,6,True
Klc2,6,True
Klc3,6,True
Klc4,6,True
Klf1,4,True
Klf10,6,True
Klf11,6,True
Klf12,6,True
Klf13,6,True
Klf14,0,False
Klf15,6,True
Klf16,6,True
Klf17,2,False
Klf2,4,True
Klf3,6,True
Klf4,5,True
Klf5,1,False
Klf6,6,True
Klf7,6,True
Klf8,4,True
Klf9,6,True
Klhdc1,6,True
Klhdc10,6,True
Klhdc2,6,True
Klhdc3,6,True
Klhdc4,6,True
Klhdc7a,6,True
Klhdc7b,0,False
Klhdc8a,4,True
Klhdc8b,6,True
Klhdc9,5,True
Klhl1,0,False
Klhl10,3,True
Klhl11,6,True
Klhl12,6,True
Klhl13,6,True
Klhl14,0,False
Klhl15,5,True
Klhl17,6,True
Klhl18,6,True
Klhl2,6,True
Klhl20,6,True
Klhl21,6,True
Klhl22,6,True
Klhl23,6,True
Klhl24,6,True
Klhl25,6,True
Klhl26,6,True
Klhl28,5,True
Klhl29,5,True
Klhl3,6,True
Klhl30,2,False
Klhl31,6,True
Klhl32,6,True
Klhl33,1,False
Klhl34,1,False
Klhl35,3,True
Klhl36,6,True
Klhl38,0,False
Klhl4,6,True
Klhl40,6,True
Klhl41,3,True
Klhl42,6,True
Klhl5,6,True
Klhl6,4,True
Klhl7,6,True
Klhl8,6,True
Klhl9,6,True
Klk1,1,False
Klk10,2,False
Klk11,1,False
Klk12,3,True
Klk13,2,False
Klk14,0,False
Klk15,2,False
Klk1b1,0,False
Klk1b10-ps,0,False
Klk1b11,0,False
Klk1b12-ps,0,False
Klk1b14-ps,1,False
Klk1b15-ps,0,False
Klk1b16,0,False
Klk1b18-ps,1,False
Klk1b19-ps,0,False
Klk1b2-ps,0,False
Klk1b21,0,False
Klk1b22,1,False
Klk1b23-ps,0,False
Klk1b24,0,False
Klk1b26,0,False
Klk1b27,1,False
Klk1b28-ps,0,False
Klk1b3,0,False
Klk1b4,1,False
Klk1b5,0,False
Klk1b7-ps,1,False
Klk1b8,0,False
Klk1b9,1,False
Klk2-ps,1,False
Klk4,2,False
Klk5,1,False
Klk6,0,False
Klk7,1,False
Klk8,4,True
Klk9,2,False
Klkb1,6,True
Klra1,0,False
Klra10,1,False
Klra11-ps,2,False
Klra13-ps,1,False
Klra14-ps,0,False
Klra17,0,False
Klra2,0,False
Klra3,0,False
Klra4,0,False
Klra5,2,False
Klra6,0,False
Klra7,0,False
Klra8,1,False
Klra9,2,False
Klrb1,2,False
Klrb1-ps1,0,False
Klrb1a,0,False
Klrb1b,2,False
Klrb1c,0,False
Klrb1f,0,False
Klrc1,0,False
Klrc2,3,True
Klrc3,1,False
Klrd1,1,False
Klre1,0,False
Klrg1,0,False
Klrg2,4,True
Klri1,0,False
Klri2,0,False
Klrk1,2,False
Kmo,5,True
Kmt2a,6,True
Kmt2b,6,True
Kmt2c,6,True
Kmt2d,6,True
Kmt2e,6,True
Kmt5a,6,True
Kncn,1,False
Kndc1,6,True
Kng1,2,False
Kng2,1,False
Knop1,6,True
Knstrn,6,True
Kntc1,6,True
Kpna1,6,True
Kpna2,6,True
Kpna2-ps,0,False
Kpna3,6,True
Kpna4,6,True
Kpna6,6,True
Kpna7,2,False
Kpnb1,6,True
Kprp,1,False
Kptn,6,True
Kras,6,True
Krba1,6,True
Krcc1,6,True
Kremen1,6,True
Kremen2,1,False
Kri1,6,True
Krit1,6,True
Krr1,6,True
Krt1,6,True
Krt10,6,True
Krt12,1,False
Krt13,0,False
Krt14,2,False
Krt15,0,False
Krt16,1,False
Krt17,3,True
Krt18,0,False
Krt19,0,False
Krt2,3,True
Krt20,1,False
Krt222,6,True
Krt23,0,False
Krt24,2,False
Krt25,1,False
Krt26,1,False
Krt27,0,False
Krt28,2,False
Krt31,0,False
Krt32,0,False
Krt33a,0,False
Krt33b,0,False
Krt34,2,False
Krt35,1,False
Krt36,1,False
Krt39,0,False
Krt4,1,False
Krt40,1,False
Krt42,0,False
Krt5,0,False
Krt6a,2,False
Krt6b,2,False
Krt7,1,False
Krt71,2,False
Krt72,1,False
Krt73,2,False
Krt74,0,False
Krt75,2,False
Krt76,1,False
Krt77,2,False
Krt78,1,False
Krt79,1,False
Krt8,2,False
Krt8-ps,0,False
Krt80,1,False
Krt81,1,False
Krt82,0,False
Krt83,0,False
Krt84,1,False
Krt86,0,False
Krt87,2,False
Krt88,0,False
Krt9,2,False
Krt90,1,False
Krtap1-3,0,False
Krtap1-4,0,False
Krtap1-5,0,False
Krtap10-4,0,False
Krtap11-1,0,False
Krtap12-1,1,False
Krtap13,0,False
Krtap13-1,0,False
Krtap14,0,False
Krtap15,1,False
Krtap16-1,0,False
Krtap16-3,0,False
Krtap17-1,0,False
Krtap19-1,0,False
Krtap19-2,0,False
Krtap19-3,0,False
Krtap19-4,0,False
Krtap19-5,0,False
Krtap19-9a,0,False
Krtap19-9b,0,False
Krtap2-4,1,False
Krtap20-2,0,False
Krtap21-1,0,False
Krtap22-2,0,False
Krtap24-1,0,False
Krtap26-1,0,False
Krtap27-1,0,False
Krtap28-10,0,False
Krtap28-13,0,False
Krtap29-1,0,False
Krtap3-1,0,False
Krtap3-2,0,False
Krtap3-3,0,False
Krtap31-1,0,False
Krtap31-2,0,False
Krtap4-1,1,False
Krtap4-13,0,False
Krtap4-16,0,False
Krtap4-2,1,False
Krtap4-6,0,False
Krtap4-7,2,False
Krtap4-8,0,False
Krtap4-9,0,False
Krtap5-1,0,False
Krtap5-2,1,False
Krtap5-3,2,False
Krtap5-4,0,False
Krtap5-5,0,False
Krtap6-1,0,False
Krtap6-2,0,False
Krtap6-3,0,False
Krtap6-5,0,False
Krtap7-1,3,True
Krtap8-1,0,False
Krtap9-1,0,False
Krtap9-3,0,False
Krtap9-5,0,False
Krtcap2,6,True
Krtcap3,2,False
Krtdap,0,False
Ksr1,6,True
Ksr2,6,True
Kti12,6,True
Ktn1,6,True
Kxd1,6,True
Ky,6,True
Kynu,0,False
L1cam,6,True
L1td1,0,False
L2hgdh,6,True
L3hypdh,6,True
L3mbtl1,1,False
L3mbtl2,6,True
L3mbtl3,6,True
L3mbtl4,1,False
Lacc1,5,True
Lace1,6,True
Lactb,5,True
Lactb2,6,True
Lactbl1,0,False
Lad1,6,True
Lag3,4,True
Lage3,6,True
Lair1,6,True
Lalba,1,False
Lama1,5,True
Lama2,6,True
Lama3,6,True
Lama4,6,True
Lama5,6,True
Lamb1,6,True
Lamb2,6,True
Lamb3,6,True
Lamc1,6,True
Lamc2,2,False
Lamc3,4,True
Lamp1,6,True
Lamp2,6,True
Lamp3,6,True
Lamp5,4,True
Lamr1-ps1,0,False
Lamtor1,6,True
Lamtor2,6,True
Lamtor3,6,True
Lamtor4,6,True
Lamtor5,6,True
Lancl1,6,True
Lancl2,6,True
Lancl3,3,True
Lao1,4,True
Lap3,6,True
Laptm4a,6,True
Laptm4b,6,True
Laptm5,6,True
Large,6,True
Larp1,6,True
Larp1b,5,True
Larp4,6,True
Larp4b,6,True
Larp6,6,True
Larp7,6,True
Lars,6,True
Lars2,6,True
Las1l,6,True
Lasp1,6,True
Lat,3,True
Lat2,1,False
Lats1,6,True
Lats2,6,True
Lax1,0,False
Layn,3,True
Lbh,6,True
Lbhd1,6,True
Lbp,3,True
Lbr,6,True
Lbx1,0,False
Lbx2,1,False
Lca5,6,True
Lca5l,5,True
Lcat,6,True
Lce1a1,0,False
Lce1a2,0,False
Lce1b,1,False
Lce1c,1,False
Lce1d,0,False
Lce1e,0,False
Lce1f,0,False
Lce1g,0,False
Lce1h,0,False
Lce1i,0,False
Lce1j,0,False
Lce1k,0,False
Lce1l,0,False
Lce1m,0,False
Lce3a,0,False
Lce3b,0,False
Lce3c,0,False
Lce3d,0,False
Lce3e,0,False
Lce3f,0,False
Lce6a,0,False
Lck,4,True
Lclat1,6,True
Lcmt1,6,True
Lcmt2,6,True
Lcn10,0,False
Lcn11,1,False
Lcn12,0,False
Lcn2,3,True
Lcn3,0,False
Lcn4,0,False
Lcn5,0,False
Lcn6,1,False
Lcn8,0,False
Lcn9,0,False
Lcor,6,True
Lcorl,6,True
Lcp1,6,True
Lcp2,4,True
Lct,6,True
Lctl,1,False
Ldah,6,True
Ldb1,6,True
Ldb2,5,True
Ldb3,5,True
Ldha,6,True
Ldha-ps,6,True
Ldha-ps2,6,True
Ldhal6b,0,False
Ldhb,6,True
Ldhc,0,False
Ldhd,6,True
Ldlr,6,True
Ldlrad1,0,False
Ldlrad2,0,False
Ldlrad3,6,True
Ldlrad4,6,True
Ldlrap1,5,True
Ldoc1,4,True
Ldoc1l,6,True
Leap2,2,False
Lect1,5,True
Lect2,0,False
Lef1,6,True
Lefty1,3,True
Lefty2,2,False
Lekr1,5,True
Lelp1,0,False
Lemd1,3,True
Lemd2,6,True
Lemd3,6,True
Lenep,0,False
Leng1,6,True
Leng8,6,True
Leng9,6,True
Leo1,6,True
Lep,2,False
Lepr,3,True
Leprot,6,True
Leprotl1,6,True
Letm1,6,True
Letm2,6,True
Letmd1,6,True
Lexm,0,False
Lfng,6,True
Lgals1,6,True
Lgals1-ps1,3,True
Lgals1-ps2,0,False
Lgals12,4,True
Lgals2,4,True
Lgals3,4,True
Lgals3bp,6,True
Lgals4,6,True
Lgals7,0,False
Lgals8,6,True
Lgals9,6,True
Lgalsl,6,True
Lgi1,6,True
Lgi2,4,True
Lgi3,6,True
Lgi4,6,True
Lgmn,6,True
Lgr4,6,True
Lgr5,6,True
Lgr6,6,True
Lgsn,0,False
Lhb,0,False
Lhcgr,4,True
Lhfp,6,True
Lhfpl1,0,False
Lhfpl2,6,True
Lhfpl3,6,True
Lhfpl4,6,True
Lhfpl5,3,True
Lhpp,6,True
Lhx1,1,False
Lhx1os,4,True
Lhx2,6,True
Lhx3,2,False
Lhx4,1,False
Lhx5,0,False
Lhx6,1,False
Lhx8,1,False
Lhx9,5,True
Lias,6,True
Lif,5,True
Lifr,6,True
Lig1,6,True
Lig3,6,True
Lig4,5,True
Lilr4b,4,True
Lilra5,5,True
Lilra6,1,False
Lilrb4a,5,True
Lim2,0,False
Lima1,6,True
Limch1,6,True
Limd1,6,True
Limd2,6,True
Lime1,6,True
Limk1,6,True
Limk2,6,True
Lims1,6,True
Lims2,6,True
Lin28a,1,False
Lin28b,1,False
Lin37,6,True
Lin52,6,True
Lin54,6,True
Lin7a,6,True
Lin7b,5,True
Lin7c,6,True
Lin9,6,True
Lingo1,6,True
Lingo2,6,True
Lingo3,6,True
Lingo4,6,True
Lins1,6,True
Lipa,6,True
Lipc,1,False
Lipe,6,True
Lipf,0,False
Lipg,0,False
Liph,2,False
Lipi,1,False
Lipk,0,False
Lipm,0,False
Lipn,0,False
Lipo1,0,False
Lipo2,6,True
Lipo3,6,True
Lipo4,4,True
Lipo5,2,False
Lipt1,6,True
Lipt2,6,True
Litaf,6,True
Lix1,6,True
Lix1l,6,True
Lkaaear1,0,False
Llgl1,6,True
Llgl2,2,False
Llph,6,True
Llph-ps1,6,True
Llph-ps2,6,True
Lman1,6,True
Lman1l,1,False
Lman2,6,True
Lman2l,6,True
Lmbr1,6,True
Lmbr1l,6,True
Lmbrd1,6,True
Lmbrd2,6,True
Lmcd1,6,True
Lmf1,6,True
Lmf2,6,True
Lmln,5,True
Lmna,6,True
Lmnb1,6,True
Lmnb2,6,True
Lmntd1,5,True
Lmntd2,1,False
Lmo1,6,True
Lmo2,5,True
Lmo3,6,True
Lmo4,6,True
Lmo7,6,True
Lmod1,4,True
Lmod2,0,False
Lmod3,1,False
Lmtk2,6,True
Lmtk3,6,True
Lmx1a,2,False
Lmx1b,0,False
Lncenc1,0,False
Lncpint,5,True
Lnp,6,True
Lnp1,3,True
Lnpep,6,True
Lnx1,6,True
Lnx2,6,True
Lockd,6,True
Lonp1,6,True
Lonp2,6,True
Lonrf1,6,True
Lonrf2,6,True
Lonrf3,6,True
Lor,3,True
Lox,0,False
Loxhd1,3,True
Loxl1,6,True
Loxl2,5,True
Loxl3,6,True
Loxl4,5,True
Lpar1,6,True
Lpar2,6,True
Lpar3,3,True
Lpar4,6,True
Lpar5,1,False
Lpar6,6,True
Lpcat1,6,True
Lpcat2,6,True
Lpcat2b,0,False
Lpcat3,6,True
Lpcat4,6,True
Lpgat1,6,True
Lpin1,6,True
Lpin2,6,True
Lpin3,4,True
Lpl,6,True
Lpo,5,True
Lpp,6,True
Lppos,6,True
Lpxn,5,True
Lrat,2,False
Lrba,6,True
Lrch1,6,True
Lrch2,6,True
Lrch3,6,True
Lrch4,6,True
Lrcol1,0,False
Lrfn1,6,True
Lrfn2,6,True
Lrfn3,6,True
Lrfn4,6,True
Lrfn5,6,True
Lrg1,1,False
Lrguk,3,True
Lrif1,6,True
Lrig1,6,True
Lrig2,6,True
Lrig3,6,True
Lrit1,0,False
Lrit2,0,False
Lrit3,0,False
Lrmp,2,False
Lrp1,6,True
Lrp10,6,True
Lrp11,6,True
Lrp12,6,True
Lrp1b,6,True
Lrp2,2,False
Lrp2bp,2,False
Lrp3,6,True
Lrp4,6,True
Lrp5,6,True
Lrp6,6,True
Lrp8,6,True
Lrp8os1,0,False
Lrp8os2,4,True
Lrp8os3,3,True
Lrpap1,6,True
Lrpprc,6,True
Lrr1,6,True
Lrrc1,6,True
Lrrc10,1,False
Lrrc10b,3,True
Lrrc14,6,True
Lrrc14b,0,False
Lrrc15,3,True
Lrrc16a,6,True
Lrrc16b,6,True
Lrrc17,6,True
Lrrc18,2,False
Lrrc19,2,False
Lrrc2,5,True
Lrrc20,6,True
Lrrc23,5,True
Lrrc24,6,True
Lrrc25,3,True
Lrrc26,0,False
Lrrc27,5,True
Lrrc28,6,True
Lrrc29,6,True
Lrrc3,4,True
Lrrc30,0,False
Lrrc31,2,False
Lrrc32,5,True
Lrrc34,2,False
Lrrc36,0,False
Lrrc37a,2,False
Lrrc38,6,True
Lrrc39,5,True
Lrrc3b,5,True
Lrrc3c,0,False
Lrrc4,6,True
Lrrc40,6,True
Lrrc41,6,True
Lrrc42,6,True
Lrrc43,0,False
Lrrc45,6,True
Lrrc46,3,True
Lrrc47,6,True
Lrrc48,6,True
Lrrc49,6,True
Lrrc4b,6,True
Lrrc4c,6,True
Lrrc51,6,True
Lrrc52,0,False
Lrrc55,4,True
Lrrc56,6,True
Lrrc57,6,True
Lrrc58,6,True
Lrrc59,6,True
Lrrc6,6,True
Lrrc61,6,True
Lrrc63,3,True
Lrrc66,0,False
Lrrc69,0,False
Lrrc7,6,True
Lrrc71,3,True
Lrrc72,2,False
Lrrc73,6,True
Lrrc74a,1,False
Lrrc74b,4,True
Lrrc75a,6,True
Lrrc75aos1,1,False
Lrrc75aos2,2,False
Lrrc75b,6,True
Lrrc8a,6,True
Lrrc8b,6,True
Lrrc8c,6,True
Lrrc8d,6,True
Lrrc8dos,0,False
Lrrc8e,2,False
Lrrc9,6,True
Lrrcc1,6,True
Lrrd1,1,False
Lrrfip1,6,True
Lrrfip2,6,True
Lrriq1,4,True
Lrriq3,4,True
Lrriq4,0,False
Lrrk1,5,True
Lrrk2,6,True
Lrrn1,6,True
Lrrn2,6,True
Lrrn3,6,True
Lrrn4,2,False
Lrrn4cl,4,True
Lrrtm1,6,True
Lrrtm2,6,True
Lrrtm3,6,True
Lrrtm4,6,True
Lrsam1,6,True
Lrtm1,3,True
Lrtm2,6,True
Lrwd1,6,True
Lsamp,6,True
Lsg1,6,True
Lsm1,6,True
Lsm10,6,True
Lsm11,6,True
Lsm12,6,True
Lsm14a,6,True
Lsm14b,6,True
Lsm2,6,True
Lsm3,6,True
Lsm4,6,True
Lsm5,6,True
Lsm6,6,True
Lsm7,6,True
Lsm8,6,True
Lsmem1,1,False
Lsmem2,2,False
Lsp1,4,True
Lsr,3,True
Lss,6,True
Lst1,4,True
Lta,3,True
Lta4h,6,True
Ltb,0,False
Ltb4r1,0,False
Ltb4r2,0,False
Ltbp1,6,True
Ltbp2,2,False
Ltbp3,6,True
Ltbp4,6,True
Ltbr,6,True
Ltc4s,6,True
Ltf,0,False
Ltk,3,True
Ltn1,6,True
Ltv1,6,True
Luc7l,6,True
Luc7l2,6,True
Luc7l3,6,True
Lum,4,True
Lurap1,6,True
Lurap1l,6,True
Luzp1,6,True
Luzp2,6,True
Luzp4,1,False
Lvrn,0,False
Lxn,6,True
Ly6a,3,True
Ly6c1,5,True
Ly6c2,5,True
Ly6d,0,False
Ly6e,6,True
Ly6f,0,False
Ly6g,0,False
Ly6g5b,1,False
Ly6g5c,1,False
Ly6g6c,0,False
Ly6g6d,3,True
Ly6g6e,5,True
Ly6g6f,1,False
Ly6h,6,True
Ly6i,1,False
Ly6k,2,False
Ly75,4,True
Ly86,5,True
Ly9,2,False
Ly96,6,True
Lyar,6,True
Lyg1,0,False
Lyg2,0,False
Lyl1,3,True
Lyn,6,True
Lynx1,6,True
Lypd1,6,True
Lypd2,0,False
Lypd3,0,False
Lypd4,0,False
Lypd5,1,False
Lypd6,6,True
Lypd6b,5,True
Lypd8,0,False
Lypla1,6,True
Lypla2,6,True
Lyplal1,6,True
Lyrm1,6,True
Lyrm2,6,True
Lyrm4,6,True
Lyrm5,6,True
Lyrm7,6,True
Lyrm7os,0,False
Lyrm9,6,True
Lysmd1,5,True
Lysmd2,6,True
Lysmd3,6,True
Lysmd4,6,True
Lyst,6,True
Lyve1,6,True
Lyz1,6,True
Lyz2,6,True
Lyzl1,2,False
Lyzl4,0,False
Lyzl4os,0,False
Lyzl6,1,False
Lzic,6,True
Lztfl1,6,True
Lztr1,6,True
Lzts1,6,True
Lzts2,6,True
Lzts3,6,True
M1ap,1,False
M5C1000I18Rik,5,True
M6pr,6,True
M6pr-ps,6,True
Maats1,2,False
Maats1os,0,False
Mab21l1,0,False
Mab21l2,1,False
Mab21l3,0,False
Macc1,0,False
Macf1,6,True
Macrod1,5,True
Macrod2,6,True
Macrod2os1,3,True
Macrod2os2,1,False
Mad1l1,6,True
Mad2l1,6,True
Mad2l1bp,6,True
Mad2l2,6,True
Madcam1,1,False
Madd,6,True
Maea,6,True
Mael,1,False
Maf,6,True
Maf1,6,True
Mafa,0,False
Mafb,6,True
Maff,3,True
Mafg,6,True
Mafk,5,True
Mag,6,True
Magea1,0,False
Magea10,0,False
Magea2,0,False
Magea3,0,False
Magea4,0,False
Magea5,0,False
Magea6,0,False
Magea7-ps,0,False
Magea8,0,False
Magea9-ps,0,False
Mageb1,0,False
Mageb10-ps,0,False
Mageb16,0,False
Mageb16-ps1,1,False
Mageb16-ps2,1,False
Mageb17-ps,0,False
Mageb18,0,False
Mageb2,0,False
Mageb3,1,False
Mageb4,0,False
Mageb5,1,False
Mageb6-ps,0,False
Mageb7-ps,0,False
Mageb8-ps,0,False
Maged1,6,True
Maged2,6,True
Magee1,6,True
Magee2,6,True
Mageh1,6,True
Magel2,0,False
Magi1,6,True
Magi2,6,True
Magi3,6,True
Magix,3,True
Magoh,6,True
Magohb,6,True
Magt1,6,True
Mak,3,True
Mak16,6,True
Mal,6,True
Mal2,6,True
Malat1,6,True
Mall,1,False
Malrd1,2,False
Malsu1,6,True
Malt1,6,True
Mamdc2,5,True
Mamdc4,6,True
Maml1,6,True
Maml2,6,True
Maml3,6,True
Mamld1,6,True
Mamstr,5,True
Man1a,6,True
Man1a2,6,True
Man1b1,6,True
Man1c1,6,True
Man2a1,5,True
Man2a2,6,True
Man2b1,6,True
Man2b2,6,True
Man2c1,6,True
Man2c1os,5,True
Manba,6,True
Manbal,6,True
Manea,6,True
Maneal,6,True
Manf,6,True
Mannr,1,False
Mansc1,6,True
Mansc4,1,False
Maoa,6,True
Maob,6,True
Map10,6,True
Map1a,6,True
Map1b,6,True
Map1lc3a,6,True
Map1lc3b,6,True
Map1s,6,True
Map2,6,True
Map2k1,6,True
Map2k2,6,True
Map2k3,6,True
Map2k3os,4,True
Map2k4,6,True
Map2k5,6,True
Map2k6,6,True
Map2k7,6,True
Map3k1,6,True
Map3k10,6,True
Map3k11,6,True
Map3k12,6,True
Map3k13,5,True
Map3k14,6,True
Map3k15,1,False
Map3k19,6,True
Map3k2,6,True
Map3k3,6,True
Map3k4,6,True
Map3k5,6,True
Map3k6,4,True
Map3k7,6,True
Map3k7cl,1,False
Map3k8,5,True
Map3k9,5,True
Map4,6,True
Map4k1,6,True
Map4k2,6,True
Map4k3,6,True
Map4k4,6,True
Map4k5,6,True
Map6,6,True
Map6d1,6,True
Map7,6,True
Map7d1,6,True
Map7d2,6,True
Map9,6,True
Mapk1,6,True
Mapk10,6,True
Mapk11,6,True
Mapk12,5,True
Mapk13,1,False
Mapk14,6,True
Mapk15,0,False
Mapk1ip1,6,True
Mapk1ip1l,6,True
Mapk3,6,True
Mapk4,6,True
Mapk6,6,True
Mapk7,6,True
Mapk8,6,True
Mapk8ip1,6,True
Mapk8ip2,6,True
Mapk8ip3,6,True
Mapk9,6,True
Mapkap1,6,True
Mapkapk2,6,True
Mapkapk3,6,True
Mapkapk5,6,True
Mapkbp1,6,True
Mapre1,6,True
Mapre2,6,True
Mapre3,6,True
Mapt,6,True
Marc1,0,False
Marc2,6,True
March1,6,True
March10,4,True
March11,4,True
March2,6,True
March3,6,True
March4,3,True
March5,6,True
March6,6,True
March7,6,True
March8,6,True
March9,6,True
Marcks,6,True
Marcksl1,6,True
Marcksl1-ps4,2,False
Marco,1,False
Marf1,6,True
Mark1,6,True
Mark1-ps1,0,False
Mark1-ps2,0,False
Mark1-ps3,0,False
Mark2,6,True
Mark3,6,True
Mark4,6,True
Mark4-ps,0,False
Mars,6,True
Mars2,6,True
Marveld1,6,True
Marveld2,5,True
Marveld3,1,False
Mas1,6,True
Masp1,6,True
Masp2,6,True
Mast1,6,True
Mast2,6,True
Mast3,6,True
Mast4,6,True
Mastl,5,True
Mat1a,1,False
Mat2a,6,True
Mat2b,6,True
Matk,6,True
Matn1,6,True
Matn2,6,True
Matn3,0,False
Matn4,6,True
Matr3,6,True
Matr3-ps2,6,True
Mau2,6,True
Mavs,6,True
Max,6,True
Maz,6,True
Mb,2,False
Mb21d1,3,True
Mb21d2,6,True
Mbd1,6,True
Mbd2,6,True
Mbd3,6,True
Mbd3l1,0,False
Mbd3l2,1,False
Mbd4,6,True
Mbd5,6,True
Mbd6,6,True
Mbip,6,True
Mbl1,1,False
Mbl2,1,False
Mblac1,6,True
Mblac2,6,True
Mbnl1,6,True
Mbnl2,6,True
Mbnl3,0,False
Mboat1,6,True
Mboat2,6,True
Mboat4,2,False
Mboat7,6,True
Mbp,6,True
Mbtd1,6,True
Mbtps1,6,True
Mbtps2,6,True
Mc1r,2,False
Mc2r,2,False
Mc3r,1,False
Mc4r,5,True
Mc5r,6,True
Mcam,6,True
Mcat,6,True
Mcc,6,True
Mccc1,6,True
Mccc1os,6,True
Mccc2,6,True
Mcee,6,True
Mcemp1,1,False
Mcf2,5,True
Mcf2l,6,True
Mcfd2,6,True
Mchr1,4,True
Mcidas,2,False
Mcl1,6,True
Mcm10,6,True
Mcm2,6,True
Mcm3,6,True
Mcm3ap,6,True
Mcm4,6,True
Mcm5,6,True
Mcm6,6,True
Mcm7,6,True
Mcm8,5,True
Mcm9,6,True
Mcmbp,6,True
Mcmdc2,5,True
Mcoln1,6,True
Mcoln2,2,False
Mcoln3,0,False
Mcph1,6,True
Mcpt1,0,False
Mcpt2,0,False
Mcpt4,0,False
Mcpt8,0,False
Mcpt9,0,False
Mcrs1,6,True
Mctp1,6,True
Mctp2,2,False
Mcts1,6,True
Mcts2,6,True
Mcu,6,True
Mcur1,6,True
Mdc1,6,True
Mdfi,3,True
Mdfic,5,True
Mdga1,6,True
Mdga2,6,True
Mdh1,6,True
Mdh1b,2,False
Mdh2,6,True
Mdk,6,True
Mdk-ps1,6,True
Mdm1,6,True
Mdm2,6,True
Mdm4,6,True
Mdm4-ps,6,True
Mdn1,6,True
Mdp1,6,True
Mdrl,0,False
Me1,6,True
Me2,6,True
Me3,6,True
Mea1,6,True
Meaf6,6,True
Mecom,4,True
Mecomos,2,False
Mecp2,6,True
Mecr,6,True
Med1,6,True
Med10,6,True
Med11,6,True
Med12,6,True
Med12l,6,True
Med13,6,True
Med13l,6,True
Med14,6,True
Med15,6,True
Med16,6,True
Med17,6,True
Med18,5,True
Med19,6,True
Med20,6,True
Med21,6,True
Med22,6,True
Med23,6,True
Med24,6,True
Med25,6,True
Med26,6,True
Med27,6,True
Med28,6,True
Med29,6,True
Med30,6,True
Med31,6,True
Med4,6,True
Med6,6,True
Med7,6,True
Med8,6,True
Med9,6,True
Med9os,5,True
Medag,3,True
Mef2a,6,True
Mef2b,0,False
Mef2c,6,True
Mef2d,6,True
Mefv,1,False
Meg3,6,True
Megf10,6,True
Megf11,6,True
Megf6,3,True
Megf8,6,True
Megf9,6,True
Mei1,2,False
Mei4,1,False
Meig1,3,True
Meikin,0,False
Meiob,3,True
Meioc,4,True
Meis1,5,True
Meis2,6,True
Meis3,6,True
Melk,6,True
Memo1,6,True
Men1,6,True
Meox1,6,True
Meox2,1,False
Mep1a,1,False
Mep1b,1,False
Mepce,6,True
Mepe,0,False
Mertk,6,True
Mesdc1,6,True
Mesdc2,6,True
Mesp1,1,False
Mesp2,5,True
Mest,6,True
Met,3,True
Metap1,6,True
Metap1d,6,True
Metap2,6,True
Methig1,0,False
Metrn,6,True
Metrnl,6,True
Mettl1,6,True
Mettl10,6,True
Mettl11b,6,True
Mettl13,6,True
Mettl14,6,True
Mettl15,6,True
Mettl16,6,True
Mettl17,6,True
Mettl18,5,True
Mettl2,6,True
Mettl20,6,True
Mettl21a,6,True
Mettl21b,6,True
Mettl21c,2,False
Mettl21e,0,False
Mettl22,6,True
Mettl23,6,True
Mettl24,5,True
Mettl25,6,True
Mettl3,6,True
Mettl4,6,True
Mettl4-ps1,4,True
Mettl5,6,True
Mettl5os,5,True
Mettl6,6,True
Mettl7a1,6,True
Mettl7a2,6,True
Mettl7a3,6,True
Mettl7b,0,False
Mettl8,6,True
Mettl9,6,True
Mex3a,6,True
Mex3b,6,True
Mex3c,6,True
Mex3d,6,True
Mfap1a,6,True
Mfap1b,6,True
Mfap2,6,True
Mfap3,6,True
Mfap3l,6,True
Mfap4,6,True
Mfap5,2,False
Mff,6,True
Mfge8,6,True
Mfhas1,6,True
Mfi2,3,True
Mfn1,6,True
Mfn2,6,True
Mfng,5,True
Mfrp,2,False
Mfsd1,6,True
Mfsd10,6,True
Mfsd11,6,True
Mfsd12,6,True
Mfsd14a,6,True
Mfsd14b,6,True
Mfsd2a,6,True
Mfsd2b,5,True
Mfsd3,6,True
Mfsd4a,6,True
Mfsd4b1,2,False
Mfsd4b2,2,False
Mfsd4b3,0,False
Mfsd4b4,6,True
Mfsd4b5,3,True
Mfsd5,6,True
Mfsd6,6,True
Mfsd6l,0,False
Mfsd7a,3,True
Mfsd7b,6,True
Mfsd7c,5,True
Mfsd8,6,True
Mfsd9,6,True
Mga,6,True
Mgam,2,False
Mgam2-ps,0,False
Mgarp,1,False
Mgat1,6,True
Mgat2,6,True
Mgat3,6,True
Mgat4a,6,True
Mgat4b,6,True
Mgat4c,6,True
Mgat4d,0,False
Mgat4e,2,False
Mgat5,6,True
Mgat5b,6,True
Mgea5,6,True
Mgl2,6,True
Mgll,6,True
Mgme1,6,True
Mgmt,6,True
Mgp,3,True
Mgrn1,6,True
Mgst1,6,True
Mgst2,1,False
Mgst3,6,True
Mhrt,0,False
Mia,6,True
Mia2,0,False
Mia3,6,True
Miat,6,True
Mib1,6,True
Mib2,6,True
Mical1,6,True
Mical2,6,True
Mical3,6,True
Micalcl,6,True
Micall1,6,True
Micall2,5,True
Micu1,6,True
Micu2,6,True
Micu3,6,True
Mid1,6,True
Mid1ip1,6,True
Mid2,6,True
Midn,6,True
Mief1,6,True
Mief2,6,True
Mien1,6,True
Mier1,6,True
Mier2,6,True
Mier3,6,True
Mif,6,True
Mif-ps3,6,True
Mif4gd,6,True
Miip,6,True
Mill1,1,False
Mill2,3,True
Milr1,2,False
Mina,6,True
Mink1,6,True
Minos1,6,True
Minpp1,6,True
Minpp1-ps,1,False
Mios,6,True
Miox,1,False
Mip,0,False
Mipep,6,True
Mipep-ps,3,True
Mipepos,0,False
Mipol1,6,True
Mir100,6,True
Mir101a,0,False
Mir101b,0,False
Mir101c,0,False
Mir103-1,0,False
Mir103-2,0,False
Mir105,0,False
Mir106a,0,False
Mir106b,0,False
Mir107,0,False
Mir10a,0,False
Mir10b,0,False
Mir1187,0,False
Mir1188,0,False
Mir1190,0,False
Mir1191,0,False
Mir1191b,0,False
Mir1192,2,False
Mir1193,0,False
Mir1195,1,False
Mir1197,0,False
Mir1198,1,False
Mir1199,0,False
Mir122,0,False
Mir1224,0,False
Mir1231,0,False
Mir124-2hg,6,True
Mir1247,0,False
Mir1249,0,False
Mir124a-1,0,False
Mir124a-1hg,6,True
Mir124a-2,0,False
Mir124a-3,0,False
Mir1251,0,False
Mir1258,0,False
Mir125a,0,False
Mir125b-1,0,False
Mir125b-2,0,False
Mir1264,0,False
Mir126a,0,False
Mir126b,0,False
Mir127,0,False
Mir128-1,0,False
Mir128-2,0,False
Mir129-1,0,False
Mir129-2,0,False
Mir1291,4,True
Mir1298,0,False
Mir129b,0,False
Mir1306,0,False
Mir130a,0,False
Mir130b,0,False
Mir130c,0,False
Mir132,0,False
Mir133a-1,0,False
Mir133a-1hg,2,False
Mir133a-2,0,False
Mir133b,0,False
Mir133c,0,False
Mir134,0,False
Mir135a-1,0,False
Mir135a-2,1,False
Mir135b,0,False
Mir136,0,False
Mir137,0,False
Mir138-1,1,False
Mir138-2,0,False
Mir139,0,False
Mir140,0,False
Mir141,0,False
Mir142,0,False
Mir142b,0,False
Mir142hg,1,False
Mir143,0,False
Mir144,1,False
Mir145a,0,False
Mir145b,0,False
Mir146,0,False
Mir146b,0,False
Mir147,0,False
Mir148a,0,False
Mir148b,0,False
Mir149,0,False
Mir150,0,False
Mir151,0,False
Mir152,0,False
Mir153,0,False
Mir154,0,False
Mir155,0,False
Mir155hg,0,False
Mir15a,0,False
Mir15b,0,False
Mir16-1,0,False
Mir16-2,0,False
Mir1668,0,False
Mir17,0,False
Mir17hg,5,True
Mir18,0,False
Mir181a-1,0,False
Mir181a-2,0,False
Mir181b-1,0,False
Mir181b-2,0,False
Mir181c,0,False
Mir181d,0,False
Mir182,0,False
Mir183,0,False
Mir1839,0,False
Mir184,0,False
Mir1843a,0,False
Mir1843b,0,False
Mir185,0,False
Mir186,1,False
Mir187,0,False
Mir188,0,False
Mir1892,0,False
Mir1893,0,False
Mir1894,0,False
Mir1895,0,False
Mir1896,0,False
Mir1897,0,False
Mir1898,2,False
Mir1899,0,False
Mir18b,0,False
Mir1900,0,False
Mir1901,0,False
Mir1902,0,False
Mir1903,0,False
Mir1904,0,False
Mir1905,0,False
Mir1906-1,0,False
Mir1906-2,0,False
Mir1907,0,False
Mir190a,0,False
Mir190b,0,False
Mir191,0,False
Mir1912,0,False
Mir192,0,False
Mir1927,0,False
Mir1928,0,False
Mir1929,0,False
Mir1930,0,False
Mir1931,4,True
Mir1932,2,False
Mir1933,1,False
Mir1934,0,False
Mir1936,0,False
Mir1938,0,False
Mir193a,0,False
Mir193b,0,False
Mir194-1,0,False
Mir194-2,0,False
Mir1941,0,False
Mir1942,0,False
Mir1943,0,False
Mir1945,0,False
Mir1946a,0,False
Mir1946b,1,False
Mir1947,0,False
Mir1948,0,False
Mir1949,0,False
Mir1950,0,False
Mir1951,0,False
Mir1952,0,False
Mir1953,0,False
Mir1954,0,False
Mir1955,0,False
Mir1956,0,False
Mir1957a,0,False
Mir1957b,0,False
Mir1958,0,False
Mir195a,0,False
Mir195b,0,False
Mir1960,1,False
Mir1961,1,False
Mir1962,0,False
Mir1963,0,False
Mir1964,0,False
Mir1966,1,False
Mir1967,0,False
Mir1968,3,True
Mir1969,0,False
Mir196a-1,0,False
Mir196a-2,0,False
Mir196b,0,False
Mir1970,4,True
Mir1971,0,False
Mir1981,0,False
Mir1982,0,False
Mir1983,0,False
Mir199a-1,0,False
Mir199a-2,0,False
Mir199b,0,False
Mir19a,0,False
Mir19b-1,0,False
Mir19b-2,0,False
Mir1a-1,0,False
Mir1a-2,0,False
Mir1b,3,True
Mir200a,0,False
Mir200b,0,False
Mir200c,0,False
Mir201,0,False
Mir202,0,False
Mir203,0,False
Mir204,2,False
Mir205,0,False
Mir206,0,False
Mir207,1,False
Mir208a,5,True
Mir208b,0,False
Mir20a,0,False
Mir20b,0,False
Mir210,0,False
Mir211,0,False
Mir212,0,False
Mir2136,0,False
Mir2137,0,False
Mir2139,0,False
Mir214,0,False
Mir215,0,False
Mir216a,0,False
Mir216b,0,False
Mir216c,0,False
Mir217,0,False
Mir218-1,1,False
Mir218-2,0,False
Mir219a-1,0,False
Mir219a-2,6,True
Mir219b,0,False
Mir219c,0,False
Mir21a,0,False
Mir21b,0,False
Mir21c,0,False
Mir22,0,False
Mir221,0,False
Mir222,0,False
Mir223,0,False
Mir224,0,False
Mir22hg,6,True
Mir23a,0,False
Mir23b,0,False
Mir24-1,0,False
Mir24-2,0,False
Mir25,0,False
Mir26a-1,0,False
Mir26a-2,0,False
Mir26b,0,False
Mir27a,0,False
Mir27b,0,False
Mir2861,0,False
Mir28a,2,False
Mir28b,0,False
Mir28c,0,False
Mir290a,0,False
Mir290b,0,False
Mir291a,0,False
Mir291b,0,False
Mir292,0,False
Mir292b,0,False
Mir293,0,False
Mir294,0,False
Mir295,0,False
Mir296,0,False
Mir297-1,0,False
Mir297a-2,0,False
Mir297a-3,0,False
Mir297a-4,0,False
Mir297b,0,False
Mir297c,0,False
Mir298,0,False
Mir299a,0,False
Mir299b,0,False
Mir29a,1,False
Mir29b-1,0,False
Mir29b-2,0,False
Mir29c,0,False
Mir300,0,False
Mir301,0,False
Mir301b,0,False
Mir302a,0,False
Mir302b,0,False
Mir302c,0,False
Mir302d,0,False
Mir3057,1,False
Mir3058,0,False
Mir3059,0,False
Mir3060,1,False
Mir3061,0,False
Mir3062,0,False
Mir3063,0,False
Mir3064,0,False
Mir3065,0,False
Mir3066,0,False
Mir3067,0,False
Mir3068,1,False
Mir3069,0,False
Mir3070a,0,False
Mir3070b,0,False
Mir3071,0,False
Mir3072,0,False
Mir3073a,0,False
Mir3073b,0,False
Mir3074-1,5,True
Mir3074-2,0,False
Mir3075,0,False
Mir3076,0,False
Mir3077,0,False
Mir3078,0,False
Mir3079,0,False
Mir3080,0,False
Mir3081,2,False
Mir3082,0,False
Mir3083,0,False
Mir3084-1,0,False
Mir3084-2,0,False
Mir3085,0,False
Mir3086,0,False
Mir3087,0,False
Mir3088,0,False
Mir3089,0,False
Mir3090,0,False
Mir3091,4,True
Mir3092,0,False
Mir3093,6,True
Mir3094,0,False
Mir3095,1,False
Mir3096,0,False
Mir3097,0,False
Mir3098,0,False
Mir3099,0,False
Mir30a,0,False
Mir30b,0,False
Mir30c-1,0,False
Mir30c-2,0,False
Mir30d,0,False
Mir30e,0,False
Mir30f,0,False
Mir31,0,False
Mir3100,0,False
Mir3101,0,False
Mir3102,0,False
Mir3103,0,False
Mir3104,0,False
Mir3105,0,False
Mir3106,0,False
Mir3107,0,False
Mir3108,0,False
Mir3109,0,False
Mir3110,0,False
Mir3112,0,False
Mir3113,0,False
Mir32,0,False
Mir320,0,False
Mir322,0,False
Mir323,0,False
Mir324,0,False
Mir325,0,False
Mir326,6,True
Mir327,0,False
Mir328,0,False
Mir329,0,False
Mir33,1,False
Mir330,0,False
Mir331,0,False
Mir335,0,False
Mir337,0,False
Mir338,2,False
Mir339,0,False
Mir340,0,False
Mir341,0,False
Mir342,1,False
Mir343,0,False
Mir344,1,False
Mir344-2,1,False
Mir344b,0,False
Mir344c,0,False
Mir344d-1,0,False
Mir344d-2,0,False
Mir344d-3,0,False
Mir344e,0,False
Mir344f,0,False
Mir344g,1,False
Mir344h-1,0,False
Mir344h-2,0,False
Mir344i,0,False
Mir345,0,False
Mir346,0,False
Mir3470a,0,False
Mir3470b,0,False
Mir3471-1,0,False
Mir3471-2,0,False
Mir3472,0,False
Mir3473a,0,False
Mir3473b,0,False
Mir3473c,0,False
Mir3473d,1,False
Mir3473e,2,False
Mir3473f,0,False
Mir3473g,0,False
Mir3474,0,False
Mir3475,0,False
Mir34a,0,False
Mir34b,0,False
Mir34c,0,False
Mir350,0,False
Mir351,2,False
Mir3535,0,False
Mir3544,0,False
Mir3547,0,False
Mir3569,0,False
Mir3572,0,False
Mir361,0,False
Mir362,0,False
Mir3620,0,False
Mir363,0,False
Mir365-1,0,False
Mir365-2,0,False
Mir367,0,False
Mir369,0,False
Mir370,0,False
Mir374b,0,False
Mir374c,0,False
Mir375,0,False
Mir376a,0,False
Mir376b,0,False
Mir376c,0,False
Mir377,0,False
Mir378a,0,False
Mir378b,3,True
Mir378c,0,False
Mir378d,0,False
Mir379,0,False
Mir380,0,False
Mir381,0,False
Mir382,0,False
Mir383,0,False
Mir384,0,False
Mir3960,0,False
Mir3961,0,False
Mir3962,0,False
Mir3963,1,False
Mir3964,0,False
Mir3965,0,False
Mir3966,0,False
Mir3967,0,False
Mir3968,0,False
Mir3969,0,False
Mir3970,0,False
Mir3971,0,False
Mir409,0,False
Mir410,0,False
Mir411,0,False
Mir412,0,False
Mir421,0,False
Mir423,0,False
Mir425,0,False
Mir429,0,False
Mir431,0,False
Mir432,0,False
Mir433,0,False
Mir434,0,False
Mir448,0,False
Mir449a,0,False
Mir449b,0,False
Mir449c,0,False
Mir450-1,0,False
Mir450-2,0,False
Mir450b,0,False
Mir451a,0,False
Mir451b,0,False
Mir452,0,False
Mir453,0,False
Mir455,0,False
Mir463,1,False
Mir465,0,False
Mir465b-1,0,False
Mir465b-2,0,False
Mir465c-1,0,False
Mir465c-2,0,False
Mir465d,0,False
Mir466,0,False
Mir466b-1,0,False
Mir466b-2,0,False
Mir466b-3,0,False
Mir466b-4,0,False
Mir466b-5,0,False
Mir466b-6,0,False
Mir466b-7,0,False
Mir466b-8,0,False
Mir466c-1,0,False
Mir466c-2,0,False
Mir466d,0,False
Mir466e,0,False
Mir466f-1,0,False
Mir466f-2,0,False
Mir466f-3,0,False
Mir466f-4,0,False
Mir466g,0,False
Mir466h,0,False
Mir466i,0,False
Mir466j,0,False
Mir466k,0,False
Mir466l,0,False
Mir466m,0,False
Mir466n,0,False
Mir466o,0,False
Mir466p,0,False
Mir466q,0,False
Mir467a-1,0,False
Mir467a-10,0,False
Mir467a-2,0,False
Mir467a-3,0,False
Mir467a-4,0,False
Mir467a-5,0,False
Mir467a-6,0,False
Mir467a-7,0,False
Mir467a-8,0,False
Mir467a-9,0,False
Mir467b,0,False
Mir467c,0,False
Mir467d,0,False
Mir467e,0,False
Mir467f,0,False
Mir467g,1,False
Mir467h,0,False
Mir468,1,False
Mir470,0,False
Mir471,1,False
Mir483,0,False
Mir484,0,False
Mir485,0,False
Mir486,0,False
Mir487b,0,False
Mir488,1,False
Mir489,0,False
Mir490,0,False
Mir491,0,False
Mir493,0,False
Mir494,0,False
Mir495,0,False
Mir496a,0,False
Mir496b,0,False
Mir497,0,False
Mir497b,0,False
Mir499,0,False
Mir500,0,False
Mir501,0,False
Mir503,0,False
Mir504,0,False
Mir5046,0,False
Mir505,0,False
Mir509,0,False
Mir5098,0,False
Mir5099,0,False
Mir5100,0,False
Mir5101,0,False
Mir5103,0,False
Mir5104,0,False
Mir5106,0,False
Mir5107,0,False
Mir5108,0,False
Mir511,0,False
Mir5110,1,False
Mir5112,0,False
Mir5113,0,False
Mir5114,0,False
Mir5116,0,False
Mir5117,0,False
Mir5118,0,False
Mir5119,0,False
Mir5120,0,False
Mir5121,0,False
Mir5122,0,False
Mir5123,0,False
Mir5124a,0,False
Mir5124b,0,False
Mir5125,3,True
Mir5126,0,False
Mir5127,0,False
Mir5128,2,False
Mir5129,0,False
Mir5130,0,False
Mir5131,0,False
Mir5132,0,False
Mir5133,0,False
Mir5134,0,False
Mir5135,0,False
Mir5136,4,True
Mir532,0,False
Mir539,0,False
Mir540,0,False
Mir541,0,False
Mir542,0,False
Mir543,0,False
Mir544,0,False
Mir546,0,False
Mir547,0,False
Mir551b,0,False
Mir5615-1,0,False
Mir5615-2,0,False
Mir5616,0,False
Mir5617,0,False
Mir5618,1,False
Mir5619,0,False
Mir5620,2,False
Mir5621,0,False
Mir5622,0,False
Mir5623,0,False
Mir5624,0,False
Mir5625,0,False
Mir5626,0,False
Mir5627,0,False
Mir568,0,False
Mir5709,0,False
Mir5710,0,False
Mir574,0,False
Mir582,0,False
Mir592,0,False
Mir598,0,False
Mir599,0,False
Mir615,0,False
Mir6236,6,True
Mir6237,1,False
Mir6238,0,False
Mir6239,0,False
Mir6240,1,False
Mir6241,0,False
Mir6244,0,False
Mir6335,0,False
Mir6336,0,False
Mir6337,0,False
Mir6338,0,False
Mir6339,0,False
Mir6340,0,False
Mir6341,0,False
Mir6342,0,False
Mir6343,0,False
Mir6344,0,False
Mir6345,1,False
Mir6346,0,False
Mir6347,0,False
Mir6348,0,False
Mir6349,0,False
Mir6350,0,False
Mir6351,1,False
Mir6352,0,False
Mir6353,0,False
Mir6354,0,False
Mir6355,0,False
Mir6356,0,False
Mir6357,1,False
Mir6358,0,False
Mir6359,0,False
Mir6360,1,False
Mir6361,0,False
Mir6362,0,False
Mir6363,0,False
Mir6364,0,False
Mir6365,2,False
Mir6366,0,False
Mir6367,0,False
Mir6368,0,False
Mir6369,0,False
Mir6370,0,False
Mir6371,0,False
Mir6372,0,False
Mir6373,0,False
Mir6374,0,False
Mir6375,2,False
Mir6376,0,False
Mir6377,0,False
Mir6378,0,False
Mir6379,0,False
Mir6380,0,False
Mir6381,1,False
Mir6382,0,False
Mir6383,0,False
Mir6384,0,False
Mir6385,0,False
Mir6386,0,False
Mir6387,0,False
Mir6388,0,False
Mir6389,0,False
Mir6390,6,True
Mir6391,0,False
Mir6392,2,False
Mir6393,0,False
Mir6394,0,False
Mir6395,0,False
Mir6396,0,False
Mir6397,0,False
Mir6398,0,False
Mir6399,0,False
Mir6400,0,False
Mir6401,0,False
Mir6402,0,False
Mir6403,0,False
Mir6404,0,False
Mir6405,1,False
Mir6406,0,False
Mir6407,0,False
Mir6408,0,False
Mir6409,0,False
Mir6410,0,False
Mir6411,0,False
Mir6412,0,False
Mir6413,0,False
Mir6414,1,False
Mir6415,0,False
Mir6416,0,False
Mir6417,0,False
Mir6418,0,False
Mir6419,0,False
Mir6420,0,False
Mir6481,0,False
Mir6516,0,False
Mir652,0,False
Mir653,0,False
Mir6537,0,False
Mir6538,0,False
Mir6539,0,False
Mir654,0,False
Mir6540,0,False
Mir6541,1,False
Mir6546,0,False
Mir664,0,False
Mir665,0,False
Mir666,0,False
Mir667,0,False
Mir668,0,False
Mir669a-1,0,False
Mir669a-10,0,False
Mir669a-11,0,False
Mir669a-12,0,False
Mir669a-2,0,False
Mir669a-3,0,False
Mir669a-4,0,False
Mir669a-5,0,False
Mir669a-6,0,False
Mir669a-7,0,False
Mir669a-8,0,False
Mir669a-9,0,False
Mir669b,0,False
Mir669c,0,False
Mir669d,1,False
Mir669d-2,0,False
Mir669e,0,False
Mir669f,0,False
Mir669g,0,False
Mir669h,0,False
Mir669i,0,False
Mir669j,0,False
Mir669k,0,False
Mir669l,0,False
Mir669m-1,0,False
Mir669m-2,0,False
Mir669n,0,False
Mir669o,0,False
Mir669p-1,1,False
Mir669p-2,0,False
Mir670,0,False
Mir670hg,6,True
Mir671,0,False
Mir6715,0,False
Mir672,0,False
Mir673,0,False
Mir674,1,False
Mir675,0,False
Mir676,0,False
Mir6769b,0,False
Mir677,3,True
Mir678,0,False
Mir679,0,False
Mir680-1,0,False
Mir680-2,0,False
Mir680-3,0,False
Mir681,0,False
Mir682,0,False
Mir683-1,0,False
Mir683-2,0,False
Mir684-1,6,True
Mir684-2,6,True
Mir686,0,False
Mir687,0,False
Mir688,0,False
Mir6896,0,False
Mir6897,0,False
Mir6898,0,False
Mir6899,0,False
Mir690,0,False
Mir6900,0,False
Mir6901,0,False
Mir6902,2,False
Mir6903,0,False
Mir6904,0,False
Mir6905,1,False
Mir6906,0,False
Mir6907,0,False
Mir6908,0,False
Mir6909,0,False
Mir691,0,False
Mir6910,0,False
Mir6911,0,False
Mir6912,0,False
Mir6913,0,False
Mir6914,0,False
Mir6915,0,False
Mir6916,0,False
Mir6917,0,False
Mir6918,0,False
Mir6919,0,False
Mir692-1,6,True
Mir692-2,6,True
Mir692-3,0,False
Mir6920,2,False
Mir6921,0,False
Mir6922,0,False
Mir6923,0,False
Mir6924,0,False
Mir6925,0,False
Mir6926,0,False
Mir6927,0,False
Mir6928,0,False
Mir6929,0,False
Mir693,0,False
Mir6930,0,False
Mir6931,0,False
Mir6932,1,False
Mir6933,1,False
Mir6934,0,False
Mir6935,0,False
Mir6936,0,False
Mir6937,0,False
Mir6938,0,False
Mir6939,0,False
Mir694,0,False
Mir6940,0,False
Mir6941,0,False
Mir6942,0,False
Mir6943,0,False
Mir6944,0,False
Mir6945,0,False
Mir6946,0,False
Mir6947,0,False
Mir6948,1,False
Mir6949,0,False
Mir695,0,False
Mir6950,0,False
Mir6951,0,False
Mir6952,0,False
Mir6953,0,False
Mir6954,0,False
Mir6955,0,False
Mir6956,0,False
Mir6957,0,False
Mir6958,0,False
Mir6959,0,False
Mir6960,0,False
Mir6961,0,False
Mir6962,0,False
Mir6963,0,False
Mir6964,0,False
Mir6965,0,False
Mir6966,0,False
Mir6968,0,False
Mir6969,0,False
Mir697,0,False
Mir6970,0,False
Mir6971,0,False
Mir6972,0,False
Mir6973a,0,False
Mir6973b,0,False
Mir6974,0,False
Mir6975,0,False
Mir6976,0,False
Mir6977,0,False
Mir6978,0,False
Mir6979,0,False
Mir698,0,False
Mir6980,0,False
Mir6981,0,False
Mir6982,0,False
Mir6983,0,False
Mir6984,0,False
Mir6985,0,False
Mir6986,0,False
Mir6987,0,False
Mir6988,0,False
Mir6989,0,False
Mir6990,0,False
Mir6991,0,False
Mir6992,0,False
Mir6993,0,False
Mir6994,0,False
Mir6995,0,False
Mir6996,1,False
Mir6997,0,False
Mir6998,0,False
Mir6999,0,False
Mir7-1,3,True
Mir7-2,0,False
Mir700,1,False
Mir7000,0,False
Mir7001,0,False
Mir7002,0,False
Mir7003,0,False
Mir7004,0,False
Mir7005,0,False
Mir7006,0,False
Mir7007,1,False
Mir7008,0,False
Mir7009,0,False
Mir701,0,False
Mir7010,0,False
Mir7011,0,False
Mir7012,0,False
Mir7013,1,False
Mir7014,0,False
Mir7015,0,False
Mir7016,0,False
Mir7017,0,False
Mir7018,0,False
Mir7019,0,False
Mir702,0,False
Mir7020,0,False
Mir7021,0,False
Mir7022,0,False
Mir7023,0,False
Mir7024,0,False
Mir7025,0,False
Mir7026,1,False
Mir7027,0,False
Mir7028,0,False
Mir7029,0,False
Mir703,6,True
Mir7030,0,False
Mir7031,1,False
Mir7032,0,False
Mir7033,0,False
Mir7034,0,False
Mir7035,0,False
Mir7036,0,False
Mir7036b,0,False
Mir7037,0,False
Mir7038,0,False
Mir7039,0,False
Mir704,1,False
Mir7040,0,False
Mir7041,0,False
Mir7042,0,False
Mir7043,0,False
Mir7044,0,False
Mir7045,0,False
Mir7046,1,False
Mir7047,0,False
Mir7048,0,False
Mir7049,6,True
Mir705,0,False
Mir7050,0,False
Mir7051,2,False
Mir7052,3,True
Mir7053,0,False
Mir7054,0,False
Mir7055,0,False
Mir7056,0,False
Mir7057,0,False
Mir7058,0,False
Mir7059,1,False
Mir706,0,False
Mir7060,0,False
Mir7061,0,False
Mir7062,0,False
Mir7063,0,False
Mir7064,0,False
Mir7065,0,False
Mir7066,0,False
Mir7067,1,False
Mir7068,0,False
Mir7069,0,False
Mir707,0,False
Mir7070,0,False
Mir7071,0,False
Mir7072,0,False
Mir7073,0,False
Mir7074,0,False
Mir7075,0,False
Mir7076,0,False
Mir7077,0,False
Mir7078,0,False
Mir7079,0,False
Mir708,1,False
Mir7080,0,False
Mir7081,0,False
Mir7082,0,False
Mir7083,0,False
Mir7084,0,False
Mir7085,0,False
Mir7086,0,False
Mir7087,1,False
Mir7088,1,False
Mir7089,0,False
Mir709,0,False
Mir7090,0,False
Mir7091,0,False
Mir7092,0,False
Mir7093,0,False
Mir7094-1,0,False
Mir7094-2,0,False
Mir710,0,False
Mir711,0,False
Mir7115,0,False
Mir7116,0,False
Mir7117,0,False
Mir7118,0,False
Mir7119,0,False
Mir713,0,False
Mir717,0,False
Mir718,0,False
Mir719,0,False
Mir721,0,False
Mir7210,0,False
Mir7211,0,False
Mir7212,0,False
Mir7213,0,False
Mir7214,0,False
Mir7215,0,False
Mir7216,0,False
Mir7217,0,False
Mir7218,0,False
Mir7219,0,False
Mir7220,1,False
Mir7221,0,False
Mir7222,0,False
Mir7223,0,False
Mir7224,4,True
Mir7225,0,False
Mir7226,0,False
Mir7227,0,False
Mir7228,2,False
Mir7229,0,False
Mir7230,0,False
Mir7231,0,False
Mir7232,0,False
Mir7233,0,False
Mir7234,0,False
Mir7235,0,False
Mir7236,0,False
Mir7237,0,False
Mir7238,0,False
Mir7239,0,False
Mir7240,0,False
Mir7241,0,False
Mir7242,0,False
Mir7243,1,False
Mir741,0,False
Mir742,0,False
Mir743,0,False
Mir743b,0,False
Mir744,0,False
Mir7578,0,False
Mir758,0,False
Mir759,0,False
Mir760,0,False
Mir761,0,False
Mir762,0,False
Mir763,0,False
Mir764,0,False
Mir7646,0,False
Mir7647,0,False
Mir7648,0,False
Mir7649,0,False
Mir7650,0,False
Mir7651,0,False
Mir7652,0,False
Mir7653,0,False
Mir7654,0,False
Mir7655,0,False
Mir7656,3,True
Mir7657,0,False
Mir7658,0,False
Mir7659,0,False
Mir7660,0,False
Mir7661,0,False
Mir7662,4,True
Mir7663,0,False
Mir7664,1,False
Mir7665,0,False
Mir7666,0,False
Mir7667,0,False
Mir7668,0,False
Mir7669,0,False
Mir767,0,False
Mir7670,0,False
Mir7671,0,False
Mir7672,0,False
Mir7673,0,False
Mir7674,0,False
Mir7675,0,False
Mir7676-1,0,False
Mir7676-2,0,False
Mir7677,0,False
Mir7678,0,False
Mir7679,0,False
Mir7680,0,False
Mir7681,0,False
Mir7682,1,False
Mir7683,0,False
Mir7684,0,False
Mir7685,0,False
Mir7686,0,False
Mir7687,0,False
Mir7688,3,True
Mir7689,0,False
Mir770,0,False
Mir7b,0,False
Mir7j,0,False
Mir7k,0,False
Mir802,0,False
Mir804,0,False
Mir8090,0,False
Mir8091,0,False
Mir8092,0,False
Mir8093,0,False
Mir8094,6,True
Mir8095,0,False
Mir8096,0,False
Mir8097,0,False
Mir8098,0,False
Mir8099-1,0,False
Mir8099-2,0,False
Mir8100,0,False
Mir8101,0,False
Mir8102,1,False
Mir8103,0,False
Mir8104,0,False
Mir8105,0,False
Mir8106,0,False
Mir8107,0,False
Mir8108,0,False
Mir8109,0,False
Mir8110,0,False
Mir8111,0,False
Mir8112,0,False
Mir8113,0,False
Mir8114,0,False
Mir8115,0,False
Mir8116,1,False
Mir8117,0,False
Mir8118,0,False
Mir8119,0,False
Mir8120,0,False
Mir871,0,False
Mir872,0,False
Mir873a,0,False
Mir873b,0,False
Mir874,0,False
Mir875,0,False
Mir876,0,False
Mir877,0,False
Mir878,0,False
Mir879,0,False
Mir880,0,False
Mir881,0,False
Mir882,0,False
Mir883a,0,False
Mir883b,0,False
Mir9-1,0,False
Mir9-2,0,False
Mir9-3,0,False
Mir9-3hg,6,True
Mir92-1,0,False
Mir92-2,0,False
Mir92b,0,False
Mir93,0,False
Mir96,0,False
Mir98,0,False
Mir99a,0,False
Mir99ahg,6,True
Mir99b,0,False
Mirg,3,True
Mirlet7a-1,0,False
Mirlet7a-2,0,False
Mirlet7b,1,False
Mirlet7c-1,0,False
Mirlet7c-2,0,False
Mirlet7d,0,False
Mirlet7e,0,False
Mirlet7f-1,0,False
Mirlet7f-2,0,False
Mirlet7g,0,False
Mirlet7i,0,False
Mirt1,3,True
Mirt2,0,False
Mis12,6,True
Mis18a,5,True
Mis18bp1,6,True
Misp,0,False
Mitd1,6,True
Mitf,6,True
Mixl1,1,False
Mki67,6,True
Mkks,6,True
Mkl1,6,True
Mkl2,6,True
Mkln1,6,True
Mkln1os,5,True
Mknk1,6,True
Mknk2,6,True
Mkrn1,6,True
Mkrn1-ps1,6,True
Mkrn2,6,True
Mkrn2os,4,True
Mkrn3,6,True
Mks1,6,True
Mkx,6,True
Mlana,1,False
Mlc1,6,True
Mlec,6,True
Mlf1,4,True
Mlf2,6,True
Mlh1,6,True
Mlh3,6,True
Mlip,6,True
Mlkl,1,False
Mllt1,6,True
Mllt10,6,True
Mllt11,6,True
Mllt3,6,True
Mllt4,6,True
Mllt6,6,True
Mlnr-ps,2,False
Mlph,5,True
Mlst8,6,True
Mlx,6,True
Mlxip,6,True
Mlxipl,6,True
Mlycd,6,True
Mmaa,6,True
Mmab,6,True
Mmachc,6,True
Mmadhc,6,True
Mmd,6,True
Mmd2,6,True
Mme,1,False
Mmel1,2,False
Mmgt1,6,True
Mmgt2,6,True
Mmp10,0,False
Mmp11,6,True
Mmp12,1,False
Mmp13,1,False
Mmp14,6,True
Mmp15,6,True
Mmp16,6,True
Mmp17,6,True
Mmp19,6,True
Mmp1a,1,False
Mmp1b,0,False
Mmp2,6,True
Mmp20,1,False
Mmp21,4,True
Mmp23,3,True
Mmp24,6,True
Mmp25,1,False
Mmp27,0,False
Mmp28,6,True
Mmp3,0,False
Mmp7,2,False
Mmp8,0,False
Mmp9,1,False
Mmrn1,0,False
Mmrn2,4,True
Mms19,6,True
Mms22l,6,True
Mn1,6,True
Mnat1,6,True
Mnd1,5,True
Mnd1-ps,4,True
Mnda,5,True
Mndal,6,True
Mns1,5,True
Mnt,6,True
Mnx1,0,False
Moap1,6,True
Mob1a,6,True
Mob1b,6,True
Mob2,6,True
Mob3a,6,True
Mob3b,5,True
Mob3c,6,True
Mob4,6,True
Mobp,6,True
Mocos,6,True
Mocs1,6,True
Mocs2,6,True
Mocs3,5,True
Mog,6,True
Mogat1,6,True
Mogat2,1,False
Mogs,6,True
Mok,6,True
Mon1a,6,True
Mon1b,6,True
Mon2,6,True
Morc1,1,False
Morc2a,6,True
Morc2b,3,True
Morc3,6,True
Morc4,5,True
Morf4l1,6,True
Morf4l2,6,True
Morn1,6,True
Morn2,6,True
Morn3,3,True
Morn4,6,True
Morn5,6,True
Mos,0,False
Mospd1,6,True
Mospd2,6,True
Mospd3,6,True
Mospd4,0,False
Mov10,6,True
Mov10l1,1,False
Moxd1,4,True
Moxd2,1,False
Mpc1,6,True
Mpc1-ps,6,True
Mpc2,6,True
Mpdu1,6,True
Mpdz,6,True
Mpeg1,4,True
Mpg,6,True
Mphosph10,6,True
Mphosph6,6,True
Mphosph8,6,True
Mphosph9,6,True
Mpi,6,True
Mpl,2,False
Mplkip,6,True
Mpnd,6,True
Mpo,2,False
Mpp1,6,True
Mpp2,6,True
Mpp3,6,True
Mpp4,5,True
Mpp5,6,True
Mpp6,6,True
Mpp7,6,True
Mppe1,6,True
Mpped1,6,True
Mpped2,6,True
Mprip,6,True
Mpst,6,True
Mptx1,1,False
Mptx2,0,False
Mpv17,6,True
Mpv17l,6,True
Mpv17l2,6,True
Mpz,0,False
Mpzl1,6,True
Mpzl2,1,False
Mpzl3,4,True
Mr1,6,True
Mrap,0,False
Mrap2,3,True
Mras,6,True
Mrc1,6,True
Mrc2,3,True
Mre11a,6,True
Mreg,4,True
Mrfap1,6,True
Mrgbp,6,True
Mrgpra1,1,False
Mrgpra14,1,False
Mrgpra18-ps,1,False
Mrgpra2a,0,False
Mrgpra2b,0,False
Mrgpra3,0,False
Mrgpra4,1,False
Mrgpra6,0,False
Mrgpra9,1,False
Mrgprb1,2,False
Mrgprb11-ps,0,False
Mrgprb12-ps,0,False
Mrgprb13,0,False
Mrgprb2,0,False
Mrgprb3,0,False
Mrgprb4,0,False
Mrgprb5,0,False
Mrgprb7-ps,0,False
Mrgprb8,0,False
Mrgprb9-ps,0,False
Mrgprc1-ps,0,False
Mrgprc2-ps,0,False
Mrgprc3-ps,0,False
Mrgprc4-ps,0,False
Mrgprc7-ps,0,False
Mrgprd,0,False
Mrgpre,6,True
Mrgprf,0,False
Mrgprg,0,False
Mrgprh,0,False
Mrgprx1,0,False
Mrgprx2,0,False
Mrgprx3-ps,0,False
Mri1,6,True
Mrip-ps,6,True
Mrln,3,True
Mrm1,5,True
Mro,6,True
Mroh1,6,True
Mroh2a,6,True
Mroh2b,3,True
Mroh3,6,True
Mroh4,1,False
Mroh5,2,False
Mroh6,1,False
Mroh7,6,True
Mroh8,6,True
Mroh9,1,False
Mrpl1,6,True
Mrpl10,6,True
Mrpl11,6,True
Mrpl12,6,True
Mrpl13,6,True
Mrpl14,6,True
Mrpl15,6,True
Mrpl16,6,True
Mrpl17,6,True
Mrpl18,6,True
Mrpl19,6,True
Mrpl2,6,True
Mrpl20,6,True
Mrpl21,6,True
Mrpl22,6,True
Mrpl23,6,True
Mrpl23-ps1,6,True
Mrpl24,6,True
Mrpl27,6,True
Mrpl28,6,True
Mrpl3,6,True
Mrpl30,6,True
Mrpl32,6,True
Mrpl33,6,True
Mrpl34,6,True
Mrpl35,6,True
Mrpl36,6,True
Mrpl37,6,True
Mrpl38,6,True
Mrpl39,6,True
Mrpl4,6,True
Mrpl40,6,True
Mrpl41,6,True
Mrpl42,6,True
Mrpl43,6,True
Mrpl44,6,True
Mrpl45,6,True
Mrpl46,6,True
Mrpl47,6,True
Mrpl48,6,True
Mrpl48-ps,6,True
Mrpl49,6,True
Mrpl50,6,True
Mrpl51,6,True
Mrpl52,6,True
Mrpl53,6,True
Mrpl54,6,True
Mrpl55,6,True
Mrpl57,6,True
Mrpl9,6,True
Mrps10,6,True
Mrps11,6,True
Mrps12,6,True
Mrps14,6,True
Mrps15,6,True
Mrps16,6,True
Mrps17,6,True
Mrps18a,6,True
Mrps18b,6,True
Mrps18c,6,True
Mrps2,6,True
Mrps21,6,True
Mrps22,6,True
Mrps23,6,True
Mrps24,6,True
Mrps25,6,True
Mrps26,6,True
Mrps27,6,True
Mrps28,6,True
Mrps30,6,True
Mrps31,6,True
Mrps33,6,True
Mrps34,6,True
Mrps35,6,True
Mrps36,6,True
Mrps36-ps1,6,True
Mrps36-ps2,6,True
Mrps36-ps3,0,False
Mrps5,6,True
Mrps6,6,True
Mrps7,6,True
Mrps9,6,True
Mrrf,5,True
Mrs2,6,True
Mrto4,6,True
Mrto4-ps2,6,True
Mrvi1,4,True
Ms4a1,0,False
Ms4a10,0,False
Ms4a12,1,False
Ms4a13,0,False
Ms4a14,4,True
Ms4a15,0,False
Ms4a18,1,False
Ms4a2,0,False
Ms4a3,1,False
Ms4a4a,6,True
Ms4a4b,4,True
Ms4a4c,3,True
Ms4a4d,0,False
Ms4a5,0,False
Ms4a6b,5,True
Ms4a6c,5,True
Ms4a6d,5,True
Ms4a7,6,True
Ms4a8a,0,False
Msantd1,6,True
Msantd2,6,True
Msantd3,5,True
Msantd4,6,True
Msc,4,True
Msgn1,1,False
Msh2,6,True
Msh3,6,True
Msh4,2,False
Msh5,6,True
Msh6,6,True
Msi1,6,True
Msi2,6,True
Msl1,6,True
Msl2,6,True
Msl3,6,True
Msl3l2,6,True
Msln,0,False
Mslnl,0,False
Msmb,0,False
Msmo1,6,True
Msmp,0,False
Msn,6,True
Msr1,4,True
Msra,6,True
Msrb1,6,True
Msrb2,6,True
Msrb3,6,True
Mss51,0,False
Mst1,1,False
Mst1r,1,False
Mstn,0,False
Msto1,6,True
Msx1,6,True
Msx2,5,True
Msx3,1,False
Mt1,6,True
Mt2,6,True
Mt3,6,True
Mt4,0,False
Mta1,6,True
Mta2,6,True
Mta3,6,True
Mtag2,5,True
Mtap,6,True
Mtap7d3,3,True
Mtbp,5,True
Mtch1,6,True
Mtch2,6,True
Mtcl1,6,True
Mtcp1,6,True
Mtdh,6,True
Mterf1a,6,True
Mterf1b,6,True
Mterf2,6,True
Mterf3,6,True
Mterf4,6,True
Mtf1,6,True
Mtf2,6,True
Mtfmt,6,True
Mtfp1,6,True
Mtfr1,6,True
Mtfr1l,6,True
Mtfr2,6,True
Mtg1,6,True
Mtg2,6,True
Mthfd1,6,True
Mthfd1l,6,True
Mthfd2,6,True
Mthfd2l,6,True
Mthfr,6,True
Mthfr-ps1,0,False
Mthfs,6,True
Mthfsd,6,True
Mthfsl,6,True
Mtif2,6,True
Mtif3,6,True
Mtl5,5,True
Mtm1,6,True
Mtmr1,6,True
Mtmr10,6,True
Mtmr11,6,True
Mtmr12,6,True
Mtmr14,6,True
Mtmr2,6,True
Mtmr3,6,True
Mtmr4,6,True
Mtmr6,6,True
Mtmr7,6,True
Mtmr9,6,True
Mtnr1a,0,False
Mtnr1b,1,False
Mto1,6,True
Mtor,6,True
Mtpap,6,True
Mtpn,6,True
Mtr,5,True
Mtrf1,6,True
Mtrf1l,6,True
Mtrr,5,True
Mtss1,6,True
Mtss1l,6,True
Mttp,6,True
Mturn,6,True
Mtus1,6,True
Mtus2,6,True
Mtx1,6,True
Mtx2,6,True
Mtx3,6,True
Muc1,4,True
Muc13,1,False
Muc15,3,True
Muc16,5,True
Muc19,3,True
Muc2,2,False
Muc20,0,False
Muc3,2,False
Muc3a,0,False
Muc4,1,False
Muc5ac,2,False
Muc5b,1,False
Muc6,5,True
Mucl1,0,False
Mucl2,1,False
Mug-ps1,2,False
Mug1,1,False
Mug2,3,True
Mug4-ps,1,False
Mul1,6,True
Mum1,6,True
Mum1l1,4,True
Mup-ps1,1,False
Mup-ps10,0,False
Mup-ps11,0,False
Mup-ps12,0,False
Mup-ps13,1,False
Mup-ps14,2,False
Mup-ps15,0,False
Mup-ps16,0,False
Mup-ps17,0,False
Mup-ps18,0,False
Mup-ps19,0,False
Mup-ps2,1,False
Mup-ps20,0,False
Mup-ps21,0,False
Mup-ps22,0,False
Mup-ps23,0,False
Mup-ps24,0,False
Mup-ps26,0,False
Mup-ps28,0,False
Mup-ps29,0,False
Mup-ps3,0,False
Mup-ps4,0,False
Mup-ps5,0,False
Mup-ps6,0,False
Mup-ps7,0,False
Mup-ps8,1,False
Mup-ps9,1,False
Mup1,1,False
Mup10,1,False
Mup11,1,False
Mup12,1,False
Mup13,1,False
Mup14,1,False
Mup15,1,False
Mup16,1,False
Mup17,1,False
Mup18,1,False
Mup19,1,False
Mup2,1,False
Mup20,0,False
Mup21,0,False
Mup3,1,False
Mup4,0,False
Mup5,0,False
Mup6,1,False
Mup7,2,False
Mup8,1,False
Mup9,3,True
Murc,1,False
Mus81,6,True
Musk,2,False
Mustn1,4,True
Mut,6,True
Mutyh,5,True
Mvb12a,6,True
Mvb12b,6,True
Mvd,6,True
Mvk,6,True
Mvp,6,True
Mx1,5,True
Mx2,6,True
Mxd1,6,True
Mxd3,5,True
Mxd4,6,True
Mxi1,6,True
Mxra7,6,True
Mxra8,6,True
Mxra8os,0,False
Myadm,6,True
Myadml2,0,False
Myadml2os,0,False
Myb,4,True
Mybbp1a,6,True
Mybl1,6,True
Mybl2,6,True
Mybpc1,2,False
Mybpc2,1,False
Mybpc3,2,False
Mybph,1,False
Mybphl,3,True
Myc,6,True
Mycbp,6,True
Mycbp2,6,True
Mycbpap,2,False
Mycl,6,True
Mycn,6,True
Mycs,0,False
Myct1,0,False
Myd88,5,True
Mydgf,6,True
Myef2,6,True
Myeov2,6,True
Myf5,0,False
Myf6,0,False
Myg1,6,True
Myh1,1,False
Myh10,6,True
Myh11,6,True
Myh13,2,False
Myh14,6,True
Myh15,6,True
Myh2,3,True
Myh3,3,True
Myh4,3,True
Myh6,6,True
Myh7,5,True
Myh7b,4,True
Myh8,2,False
Myh9,6,True
Myl1,1,False
Myl10,0,False
Myl12a,6,True
Myl12b,6,True
Myl2,6,True
Myl3,0,False
Myl4,6,True
Myl6,6,True
Myl6b,6,True
Myl7,1,False
Myl9,6,True
Mylip,6,True
Mylk,6,True
Mylk2,1,False
Mylk3,3,True
Mylk4,3,True
Mylpf,5,True
Mynn,6,True
Myo10,6,True
Myo15,2,False
Myo15b,3,True
Myo16,6,True
Myo18a,6,True
Myo18b,4,True
Myo19,6,True
Myo1a,5,True
Myo1b,6,True
Myo1c,6,True
Myo1d,6,True
Myo1e,6,True
Myo1f,4,True
Myo1g,1,False
Myo1h,1,False
Myo3a,2,False
Myo3b,4,True
Myo5a,6,True
Myo5b,6,True
Myo5c,4,True
Myo6,6,True
Myo7a,6,True
Myo7b,4,True
Myo9a,6,True
Myo9b,6,True
Myoc,5,True
Myocd,1,False
Myod1,1,False
Myof,3,True
Myog,2,False
Myom1,5,True
Myom2,1,False
Myom3,6,True
Myot,0,False
Myoz1,0,False
Myoz2,2,False
Myoz3,0,False
Mypn,1,False
Mypop,6,True
Mypopos,6,True
Myrf,6,True
Myrfl,3,True
Myrip,6,True
Mysm1,6,True
Myt1,6,True
Myt1l,6,True
Myzap,3,True
Mzb1,2,False
Mzf1,5,True
Mzt1,6,True
Mzt2,6,True
N4bp1,6,True
N4bp2,6,True
N4bp2l1,6,True
N4bp2l2,6,True
N4bp2os,6,True
N4bp3,5,True
N6amt1,6,True
Naa10,6,True
Naa11,0,False
Naa15,6,True
Naa16,6,True
Naa20,6,True
Naa25,6,True
Naa30,6,True
Naa35,6,True
Naa38,6,True
Naa40,6,True
Naa50,6,True
Naa60,6,True
Naaa,6,True
Naalad2,2,False
Naaladl1,1,False
Naaladl2,5,True
Nab1,6,True
Nab2,6,True
Nabp1,6,True
Nabp2,6,True
Naca,6,True
Nacad,6,True
Nacc1,6,True
Nacc2,6,True
Nadk,6,True
Nadk2,6,True
Nadsyn1,5,True
Nae1,6,True
Naf1,6,True
Naga,6,True
Nagk,6,True
Naglu,6,True
Nagpa,6,True
Nags,0,False
Naif1,6,True
Naip1,3,True
Naip2,2,False
Naip3,3,True
Naip5,3,True
Naip6,4,True
Nalcn,6,True
Nampt,6,True
Nanog,5,True
Nanog-ps1,0,False
Nanog-ps2,0,False
Nanos1,6,True
Nanos2,0,False
Nanos3,6,True
Nanp,6,True
Nans,6,True
Nap1l1,6,True
Nap1l2,6,True
Nap1l3,6,True
Nap1l4,6,True
Nap1l5,6,True
Napa,6,True
Napb,6,True
Napepld,6,True
Napg,6,True
Naprt,6,True
Napsa,6,True
Narf,6,True
Narfl,6,True
Nars,6,True
Nars2,6,True
Nasp,6,True
Nasp-ps1,5,True
Nat1,5,True
Nat10,6,True
Nat14,6,True
Nat2,5,True
Nat3,0,False
Nat6,6,True
Nat8,6,True
Nat8b-ps,6,True
Nat8f1,6,True
Nat8f2,6,True
Nat8f3,6,True
Nat8f4,6,True
Nat8f5,6,True
Nat8f6,5,True
Nat8f7,6,True
Nat8l,6,True
Nat9,6,True
Natd1,6,True
Nav1,6,True
Nav2,6,True
Nav3,6,True
Nbas,6,True
Nbea,6,True
Nbeal1,6,True
Nbeal2,6,True
Nbl1,6,True
Nbn,6,True
Nbr1,6,True
Ncald,6,True
Ncam1,6,True
Ncam2,6,True
Ncan,6,True
Ncapd2,6,True
Ncapd3,6,True
Ncapg,5,True
Ncapg2,6,True
Ncaph,6,True
Ncaph2,6,True
Ncbp1,6,True
Ncbp2,6,True
Ncbp3,6,True
Nccrp1,3,True
Ncdn,6,True
Nceh1,6,True
Ncf1,4,True
Ncf2,5,True
Ncf4,3,True
Nck1,6,True
Nck2,6,True
Nckap1,6,True
Nckap1l,6,True
Nckap5,6,True
Nckap5l,6,True
Nckap5los,2,False
Nckipsd,6,True
Ncl,6,True
Ncln,6,True
Ncmap,5,True
Ncoa1,6,True
Ncoa2,6,True
Ncoa3,6,True
Ncoa4,6,True
Ncoa5,6,True
Ncoa6,6,True
Ncoa7,6,True
Ncor1,6,True
Ncor2,6,True
Ncr1,4,True
Ncr3-ps,0,False
Ncs1,6,True
Ncstn,6,True
Nctc1,0,False
Ndc1,6,True
Ndc80,6,True
Nde1,6,True
Ndel1,6,True
Ndfip1,6,True
Ndfip2,6,True
Ndn,6,True
Ndnf,6,True
Ndnl2,6,True
Ndor1,6,True
Ndp,6,True
Ndrg1,6,True
Ndrg2,6,True
Ndrg3,6,True
Ndrg4,6,True
Ndst1,6,True
Ndst2,6,True
Ndst3,4,True
Ndst4,5,True
Ndufa1,6,True
Ndufa10,6,True
Ndufa11,6,True
Ndufa12,6,True
Ndufa13,6,True
Ndufa2,6,True
Ndufa3,6,True
Ndufa4,6,True
Ndufa4l2,4,True
Ndufa5,6,True
Ndufa6,6,True
Ndufa7,6,True
Ndufa8,6,True
Ndufa9,6,True
Ndufab1,6,True
Ndufaf1,6,True
Ndufaf2,6,True
Ndufaf3,6,True
Ndufaf4,6,True
Ndufaf5,5,True
Ndufaf6,6,True
Ndufaf7,6,True
Ndufb10,6,True
Ndufb11,6,True
Ndufb2,6,True
Ndufb3,6,True
Ndufb4,6,True
Ndufb5,6,True
Ndufb6,6,True
Ndufb7,6,True
Ndufb8,6,True
Ndufb9,6,True
Ndufc1,6,True
Ndufc2,6,True
Ndufs1,6,True
Ndufs2,6,True
Ndufs3,6,True
Ndufs4,6,True
Ndufs5,6,True
Ndufs6,6,True
Ndufs7,6,True
Ndufs8,6,True
Ndufv1,6,True
Ndufv2,6,True
Ndufv3,6,True
Neat1,6,True
Neb,6,True
Nebl,6,True
Necab1,5,True
Necab2,6,True
Necab3,6,True
Necap1,6,True
Necap2,6,True
Nectin1,6,True
Nectin2,6,True
Nectin3,6,True
Nectin4,6,True
Nedd1,6,True
Nedd4,6,True
Nedd4l,6,True
Nedd8,6,True
Nedd9,6,True
Nefh,4,True
Nefl,5,True
Nefm,6,True
Negr1,6,True
Neil1,6,True
Neil2,2,False
Neil3,6,True
Nek1,6,True
Nek10,3,True
Nek11,5,True
Nek2,6,True
Nek3,5,True
Nek4,6,True
Nek5,4,True
Nek6,6,True
Nek7,6,True
Nek8,6,True
Nek9,6,True
Nelfa,6,True
Nelfb,6,True
Nelfcd,6,True
Nelfe,6,True
Nell1,5,True
Nell1os,0,False
Nell2,6,True
Nemf,6,True
Nenf,6,True
Neo1,6,True
Nepn,0,False
Nepro,6,True
Nes,5,True
Nespas,4,True
Net1,6,True
Neto1,6,True
Neto2,6,True
Neu1,6,True
Neu2,5,True
Neu3,6,True
Neu4,6,True
Neurl1a,6,True
Neurl1b,5,True
Neurl2,6,True
Neurl3,1,False
Neurl4,6,True
Neurod1,6,True
Neurod2,6,True
Neurod4,6,True
Neurod6,5,True
Neurog1,5,True
Neurog2,6,True
Neurog3,2,False
Nexn,6,True
Nf1,6,True
Nf2,6,True
Nfam1,3,True
Nfasc,6,True
Nfat5,6,True
Nfatc1,6,True
Nfatc2,6,True
Nfatc2ip,5,True
Nfatc3,5,True
Nfatc4,1,False
Nfe2,2,False
Nfe2l1,6,True
Nfe2l2,6,True
Nfe2l3,4,True
Nfia,6,True
Nfib,6,True
Nfic,6,True
Nfil3,5,True
Nfix,6,True
Nfkb1,6,True
Nfkb2,6,True
Nfkbia,6,True
Nfkbib,6,True
Nfkbid,6,True
Nfkbie,6,True
Nfkbil1,6,True
Nfkbiz,6,True
Nfrkb,6,True
Nfs1,6,True
Nfu1,6,True
Nfx1,6,True
Nfxl1,6,True
Nfya,6,True
Nfyb,6,True
Nfyc,6,True
Ngb,6,True
Ngdn,6,True
Ngef,6,True
Ngf,4,True
Ngfr,2,False
Ngfrap1,6,True
Ngly1,6,True
Ngp,0,False
Ngrn,6,True
Nhej1,6,True
Nhlh1,4,True
Nhlh2,3,True
Nhlrc1,6,True
Nhlrc2,6,True
Nhlrc3,6,True
Nhlrc4,0,False
Nhp2,6,True
Nhp2l1,6,True
Nhs,4,True
Nhsl1,6,True
Nhsl2,6,True
Nicn1,6,True
Nid1,5,True
Nid2,6,True
Nif3l1,6,True
Nifk,6,True
Nim1k,6,True
Nin,6,True
Ninj1,6,True
Ninj2,6,True
Ninl,6,True
Nip7,6,True
Nipa1,6,True
Nipa2,6,True
Nipal1,2,False
Nipal2,6,True
Nipal3,6,True
Nipal4,6,True
Nipbl,6,True
Nipsnap1,6,True
Nipsnap3a,0,False
Nipsnap3b,6,True
Nisch,6,True
Nit1,6,True
Nit2,6,True
Nkain1,6,True
Nkain2,5,True
Nkain3,6,True
Nkain4,6,True
Nkap,6,True
Nkapl,5,True
Nkd1,6,True
Nkd2,6,True
Nkg7,0,False
Nkiras1,6,True
Nkiras2,6,True
Nkpd1,3,True
Nkrf,6,True
Nktr,6,True
Nkx1-1,0,False
Nkx1-2,0,False
Nkx2-1,0,False
Nkx2-2,6,True
Nkx2-2os,6,True
Nkx2-3,0,False
Nkx2-4,0,False
Nkx2-5,0,False
Nkx2-6,0,False
Nkx2-9,1,False
Nkx3-1,1,False
Nkx3-2,0,False
Nkx6-1,0,False
Nkx6-2,5,True
Nkx6-3,2,False
Nle1,6,True
Nlgn1,6,True
Nlgn2,6,True
Nlgn3,6,True
Nlk,6,True
Nlk-ps1,6,True
Nln,6,True
Nlrc3,6,True
Nlrc4,2,False
Nlrc5,4,True
Nlrp10,0,False
Nlrp12,3,True
Nlrp14,0,False
Nlrp1a,1,False
Nlrp1b,2,False
Nlrp1c-ps,3,True
Nlrp2,1,False
Nlrp3,3,True
Nlrp4a,0,False
Nlrp4b,1,False
Nlrp4c,0,False
Nlrp4d,1,False
Nlrp4e,2,False
Nlrp4f,0,False
Nlrp4g,2,False
Nlrp5,1,False
Nlrp5-ps,2,False
Nlrp6,1,False
Nlrp9a,2,False
Nlrp9b,3,True
Nlrp9c,1,False
Nlrx1,6,True
Nmb,5,True
Nmbr,4,True
Nmd3,6,True
Nme1,6,True
Nme2,6,True
Nme3,5,True
Nme4,6,True
Nme5,6,True
Nme6,6,True
Nme7,6,True
Nme8,0,False
Nme9,0,False
Nmi,6,True
Nmnat1,6,True
Nmnat2,6,True
Nmnat3,6,True
Nmral1,6,True
Nmrk1,6,True
Nmrk2,1,False
Nms,1,False
Nmt1,6,True
Nmt2,6,True
Nmu,0,False
Nmur1,1,False
Nmur2,3,True
Nnat,6,True
Nnmt,1,False
Nnt,6,True
Noa1,6,True
Nob1,6,True
Nobox,0,False
Noc2l,6,True
Noc3l,5,True
Noc4l,6,True
Noct,6,True
Nod1,6,True
Nod2,1,False
Nodal,1,False
Nog,6,True
Nol10,6,True
Nol11,6,True
Nol12,6,True
Nol3,6,True
Nol4,6,True
Nol4l,6,True
Nol6,6,True
Nol7,6,True
Nol8,6,True
Nol9,6,True
Nolc1,6,True
Nom1,6,True
Nomo1,6,True
Nono,6,True
Nop10,6,True
Nop14,6,True
Nop16,6,True
Nop2,6,True
Nop56,6,True
Nop58,6,True
Nop9,6,True
Nos1,6,True
Nos1ap,6,True
Nos2,2,False
Nos3,6,True
Nosip,6,True
Nostrin,2,False
Notch1,6,True
Notch2,6,True
Notch3,6,True
Notch4,5,True
Noto,0,False
Notum,2,False
Notumos,1,False
Nov,4,True
Nova1,6,True
Nova2,6,True
Nox1,4,True
Nox3,0,False
Nox4,3,True
Noxa1,2,False
Noxo1,4,True
Noxred1,2,False
Npas1,5,True
Npas2,6,True
Npas3,6,True
Npas4,1,False
Npat,6,True
Npb,1,False
Npbwr1,0,False
Npc1,6,True
Npc1l1,2,False
Npc2,6,True
Npcd,0,False
Npdc1,6,True
Npepl1,6,True
Npepps,6,True
Npff,6,True
Npffr1,1,False
Npffr2,1,False
Nphp1,6,True
Nphp3,6,True
Nphp4,5,True
Nphs1,6,True
Nphs1os,6,True
Nphs2,3,True
Npl,6,True
Nploc4,6,True
Npm1,6,True
Npm2,3,True
Npm3,6,True
Npm3-ps1,6,True
Npn2,1,False
Npnt,5,True
Nppa,2,False
Nppb,0,False
Nppc,3,True
Npr1,5,True
Npr2,6,True
Npr3,3,True
Nprl2,6,True
Nprl3,6,True
Nps,0,False
Npsr1,2,False
Nptn,6,True
Nptx1,6,True
Nptx2,5,True
Nptxr,6,True
Npvf,1,False
Npw,1,False
Npy,6,True
Npy1r,5,True
Npy2r,5,True
Npy4r,0,False
Npy5r,4,True
Npy6r,1,False
Nqo1,6,True
Nqo2,6,True
Nr0b1,1,False
Nr0b2,0,False
Nr1d1,6,True
Nr1d2,6,True
Nr1h2,6,True
Nr1h2-ps,0,False
Nr1h3,6,True
Nr1h4,2,False
Nr1h5,2,False
Nr1i2,0,False
Nr1i3,6,True
Nr2c1,6,True
Nr2c2,6,True
Nr2c2ap,6,True
Nr2e1,6,True
Nr2e3,2,False
Nr2f1,6,True
Nr2f2,6,True
Nr2f6,6,True
Nr3c1,6,True
Nr3c2,6,True
Nr4a1,6,True
Nr4a2,5,True
Nr4a3,4,True
Nr5a1,1,False
Nr5a1os,0,False
Nr5a2,1,False
Nr6a1,6,True
Nr6a1os,6,True
Nradd,6,True
Nrap,4,True
Nrarp,6,True
Nras,6,True
Nras-ps2,1,False
Nrbf2,6,True
Nrbp1,6,True
Nrbp2,6,True
Nrcam,6,True
Nrd1,6,True
Nrde2,6,True
Nrep,6,True
Nrf1,6,True
Nrg1,5,True
Nrg2,5,True
Nrg3,6,True
Nrg3os,0,False
Nrg4,6,True
Nrgn,6,True
Nrip1,6,True
Nrip2,6,True
Nrip3,6,True
Nrk,1,False
Nrl,1,False
Nrm,6,True
Nrn1,6,True
Nrn1l,5,True
Nron,5,True
Nrp1,6,True
Nrp2,6,True
Nrros,6,True
Nrsn1,6,True
Nrsn2,1,False
Nrtn,1,False
Nrxn1,6,True
Nrxn2,6,True
Nrxn3,6,True
Nsa2,6,True
Nsa2-ps2,0,False
Nsd1,6,True
Nsdhl,6,True
Nsf,6,True
Nsfl1c,6,True
Nsg1,6,True
Nsg2,6,True
Nsl1,6,True
Nsmaf,6,True
Nsmce1,6,True
Nsmce2,6,True
Nsmce4a,6,True
Nsmf,6,True
Nsrp1,6,True
Nsun2,6,True
Nsun3,6,True
Nsun4,6,True
Nsun5,6,True
Nsun6,6,True
Nsun7,6,True
Nt5c,6,True
Nt5c1a,5,True
Nt5c1b,4,True
Nt5c2,6,True
Nt5c3,6,True
Nt5c3b,6,True
Nt5dc1,6,True
Nt5dc2,6,True
Nt5dc3,6,True
Nt5e,6,True
Nt5m,6,True
Ntan1,6,True
Ntf3,5,True
Ntf5,6,True
Nthl1,5,True
Ntm,6,True
Ntmt1,6,True
Ntn1,6,True
Ntn4,6,True
Ntn5,3,True
Ntng1,4,True
Ntng2,6,True
Ntpcr,6,True
Ntrk1,1,False
Ntrk2,6,True
Ntrk3,6,True
Nts,0,False
Ntsr1,4,True
Ntsr2,6,True
Nuak1,6,True
Nuak2,1,False
Nub1,6,True
Nubp1,6,True
Nubp2,6,True
Nubpl,6,True
Nucb1,6,True
Nucb2,6,True
Nucks1,6,True
Nudc,6,True
Nudcd1,6,True
Nudcd2,6,True
Nudcd3,6,True
Nudt1,5,True
Nudt10,6,True
Nudt11,6,True
Nudt12,5,True
Nudt12os,0,False
Nudt13,6,True
Nudt14,5,True
Nudt15,6,True
Nudt16,6,True
Nudt16l1,6,True
Nudt17,6,True
Nudt18,6,True
Nudt19,6,True
Nudt2,6,True
Nudt21,6,True
Nudt22,6,True
Nudt3,6,True
Nudt4,6,True
Nudt5,6,True
Nudt6,6,True
Nudt7,6,True
Nudt8,6,True
Nudt9,6,True
Nuf2,6,True
Nufip1,6,True
Nufip2,6,True
Nuggc,2,False
Numa1,6,True
Numb,6,True
Numbl,6,True
Nup107,6,True
Nup133,6,True
Nup153,6,True
Nup155,5,True
Nup160,6,True
Nup188,6,True
Nup205,6,True
Nup210,6,True
Nup210l,1,False
Nup214,6,True
Nup35,6,True
Nup37,6,True
Nup43,6,True
Nup50,6,True
Nup54,6,True
Nup62,6,True
Nup62cl,1,False
Nup85,6,True
Nup88,6,True
Nup93,6,True
Nup98,6,True
Nupl1,6,True
Nupl2,6,True
Nupr1,5,True
Nupr1l,6,True
Nus1,6,True
Nusap1,6,True
Nutf2,6,True
Nutf2-ps1,6,True
Nutf2-ps2,6,True
Nutm1,0,False
Nutm2,1,False
Nvl,6,True
Nwd1,6,True
Nwd2,4,True
Nxf1,6,True
Nxf2,0,False
Nxf3,1,False
Nxf7,1,False
Nxn,6,True
Nxnl1,3,True
Nxnl2,1,False
Nxpe1-ps,4,True
Nxpe2,3,True
Nxpe3,5,True
Nxpe4,6,True
Nxpe5,2,False
Nxph1,6,True
Nxph2,0,False
Nxph3,2,False
Nxph4,5,True
Nxt1,5,True
Nxt2,6,True
Nyap1,6,True
Nyap2,5,True
Nynrin,6,True
Nyx,1,False
Oacyl,5,True
Oaf,6,True
Oard1,6,True
Oas1a,4,True
Oas1b,4,True
Oas1c,2,False
Oas1d,1,False
Oas1e,2,False
Oas1f,0,False
Oas1g,4,True
Oas1h,2,False
Oas2,3,True
Oas3,1,False
Oasl1,3,True
Oasl2,6,True
Oat,6,True
Oat-rs1,6,True
Oaz1,6,True
Oaz1-ps,6,True
Oaz2,6,True
Oaz2-ps,6,True
Oaz3,6,True
Obfc1,6,True
Obox1,2,False
Obox2,1,False
Obox3,2,False
Obox3-ps1,1,False
Obox3-ps2,2,False
Obox3-ps3,2,False
Obox3-ps4,2,False
Obox3-ps5,2,False
Obox3-ps6,1,False
Obox3-ps7,0,False
Obox3-ps8,0,False
Obox4-ps1,0,False
Obox4-ps10,0,False
Obox4-ps11,1,False
Obox4-ps12,1,False
Obox4-ps13,1,False
Obox4-ps14,1,False
Obox4-ps15,1,False
Obox4-ps16,1,False
Obox4-ps17,1,False
Obox4-ps18,1,False
Obox4-ps19,1,False
Obox4-ps2,0,False
Obox4-ps20,1,False
Obox4-ps21,1,False
Obox4-ps22,0,False
Obox4-ps23,1,False
Obox4-ps24,0,False
Obox4-ps25,0,False
Obox4-ps26,0,False
Obox4-ps27,1,False
Obox4-ps28,1,False
Obox4-ps29,1,False
Obox4-ps3,0,False
Obox4-ps30,1,False
Obox4-ps31,1,False
Obox4-ps32,0,False
Obox4-ps33,1,False
Obox4-ps34,0,False
Obox4-ps35,0,False
Obox4-ps36,1,False
Obox4-ps37,0,False
Obox4-ps38,0,False
Obox4-ps39,0,False
Obox4-ps4,0,False
Obox4-ps5,0,False
Obox4-ps6,0,False
Obox4-ps7,0,False
Obox4-ps8,0,False
Obox4-ps9,0,False
Obox5,1,False
Obox6,0,False
Obox6-ps1,0,False
Obox7,0,False
Obox8,0,False
Obp1a,0,False
Obp1b,0,False
Obp2a,1,False
Obp2b,0,False
Obscn,5,True
Obsl1,6,True
Oc90,1,False
Oca2,4,True
Ocel1,6,True
Ociad1,6,True
Ociad2,6,True
Ocln,4,True
Ocm,0,False
Ocrl,6,True
Ocstamp,4,True
Odam,0,False
Odc1,6,True
Odf1,0,False
Odf2,6,True
Odf2l,6,True
Odf3,3,True
Odf3b,0,False
Odf3l1,2,False
Odf3l2,6,True
Odf4,0,False
Ofcc1,1,False
Ofd1,5,True
Ogdh,6,True
Ogdhl,6,True
Ogfod1,6,True
Ogfod2,6,True
Ogfod3,6,True
Ogfr,6,True
Ogfrl1,6,True
Ogg1,6,True
Ogn,5,True
Ogt,6,True
Oip5,5,True
Oit1,1,False
Oit3,0,False
Ola1,6,True
Olah,2,False
Olfm1,6,True
Olfm2,6,True
Olfm3,6,True
Olfm4,3,True
Olfm5,1,False
Olfml1,6,True
Olfml2a,6,True
Olfml2b,6,True
Olfml3,5,True
Olfr1,1,False
Olfr10,0,False
Olfr1000,1,False
Olfr1001-ps1,0,False
Olfr1002,1,False
Olfr1003-ps1,1,False
Olfr1004-ps1,0,False
Olfr1006,0,False
Olfr1008,0,False
Olfr1009,0,False
Olfr101,0,False
Olfr1010,0,False
Olfr1012,0,False
Olfr1013,1,False
Olfr1014,0,False
Olfr1015,0,False
Olfr1016,0,False
Olfr1017-ps1,1,False
Olfr1018,1,False
Olfr1019,0,False
Olfr102,0,False
Olfr1020,1,False
Olfr1021-ps1,0,False
Olfr1022,0,False
Olfr1023,0,False
Olfr1024,1,False
Olfr1025-ps1,1,False
Olfr1026,1,False
Olfr1027-ps1,0,False
Olfr1028,0,False
Olfr1029,0,False
Olfr103,0,False
Olfr1030,0,False
Olfr1031,0,False
Olfr1032,0,False
Olfr1033,0,False
Olfr1034,0,False
Olfr1035-ps1,1,False
Olfr1036,0,False
Olfr1037,0,False
Olfr1038-ps,0,False
Olfr1039,0,False
Olfr104-ps,0,False
Olfr1040,0,False
Olfr1042,0,False
Olfr1043,0,False
Olfr1044,0,False
Olfr1045,0,False
Olfr1046,0,False
Olfr1047,0,False
Olfr1048,0,False
Olfr1049,0,False
Olfr105-ps,0,False
Olfr1050-ps1,0,False
Olfr1051,0,False
Olfr1052,0,False
Olfr1053,0,False
Olfr1054,0,False
Olfr1055,0,False
Olfr1056,0,False
Olfr1057,0,False
Olfr1058,0,False
Olfr106-ps,0,False
Olfr1060-ps1,0,False
Olfr1061,0,False
Olfr1062,1,False
Olfr1063-ps1,0,False
Olfr1065,0,False
Olfr1066,1,False
Olfr1069-ps1,0,False
Olfr107,0,False
Olfr1073-ps1,0,False
Olfr1076,1,False
Olfr1077-ps1,0,False
Olfr1078-ps1,0,False
Olfr1079,0,False
Olfr108,1,False
Olfr1080,0,False
Olfr1081-ps1,0,False
Olfr1082,1,False
Olfr1083-ps,0,False
Olfr1084,0,False
Olfr1085,0,False
Olfr1086,0,False
Olfr1087,0,False
Olfr1089,0,False
Olfr109,0,False
Olfr1090,0,False
Olfr1093,0,False
Olfr1094,0,False
Olfr1095,0,False
Olfr1096-ps1,0,False
Olfr1097,1,False
Olfr1098,0,False
Olfr1099,0,False
Olfr11,0,False
Olfr110,2,False
Olfr1100,0,False
Olfr1101,0,False
Olfr1102,0,False
Olfr1103-ps1,1,False
Olfr1104,0,False
Olfr1105,1,False
Olfr1106,1,False
Olfr1107,0,False
Olfr1109,1,False
Olfr111,1,False
Olfr1110,0,False
Olfr1111,0,False
Olfr1112,0,False
Olfr1113,0,False
Olfr1115,0,False
Olfr1116,0,False
Olfr1117-ps1,1,False
Olfr1118,1,False
Olfr112,0,False
Olfr1120,0,False
Olfr1121,0,False
Olfr1122,0,False
Olfr1123,0,False
Olfr1124,1,False
Olfr1126,1,False
Olfr1127-ps1,0,False
Olfr1128,0,False
Olfr1129,0,False
Olfr113,0,False
Olfr1130,0,False
Olfr1131,0,False
Olfr1132,0,False
Olfr1133,0,False
Olfr1134,0,False
Olfr1135,0,False
Olfr1136,0,False
Olfr1137,0,False
Olfr1138,0,False
Olfr114,0,False
Olfr1140,0,False
Olfr1141,0,False
Olfr1143,0,False
Olfr1144-ps1,0,False
Olfr1145,0,False
Olfr1146-ps1,0,False
Olfr1147-ps1,0,False
Olfr1148,0,False
Olfr1149-ps1,0,False
Olfr115,0,False
Olfr1150-ps1,1,False
Olfr1151,0,False
Olfr1152,0,False
Olfr1153,0,False
Olfr1154,0,False
Olfr1155,1,False
Olfr1156,0,False
Olfr1157,0,False
Olfr1158,0,False
Olfr1159-ps1,1,False
Olfr116,0,False
Olfr1160,1,False
Olfr1161,1,False
Olfr1162,0,False
Olfr1163,0,False
Olfr1164,0,False
Olfr1165-ps,0,False
Olfr1166,1,False
Olfr1167,0,False
Olfr1168,1,False
Olfr1169-ps1,0,False
Olfr117,0,False
Olfr1170,0,False
Olfr1171-ps1,0,False
Olfr1172-ps1,0,False
Olfr1173,0,False
Olfr1174-ps,0,False
Olfr1175-ps,0,False
Olfr1176,0,False
Olfr1177-ps,0,False
Olfr1178,0,False
Olfr1179,0,False
Olfr118,2,False
Olfr1180,0,False
Olfr1181,0,False
Olfr1182,0,False
Olfr1183,1,False
Olfr1184,1,False
Olfr1185-ps1,0,False
Olfr1186,1,False
Olfr1187-ps1,0,False
Olfr1188,0,False
Olfr1189,1,False
Olfr119,1,False
Olfr1191-ps1,1,False
Olfr1192-ps1,0,False
Olfr1193,0,False
Olfr1195,0,False
Olfr1196,0,False
Olfr1197,0,False
Olfr1198,0,False
Olfr1199,0,False
Olfr12,0,False
Olfr120,1,False
Olfr1200,0,False
Olfr1201,1,False
Olfr1202,0,False
Olfr1204,0,False
Olfr1205,1,False
Olfr1206,1,False
Olfr1208,0,False
Olfr1209,0,False
Olfr121,3,True
Olfr1211,0,False
Olfr1212,1,False
Olfr1213,0,False
Olfr1214,0,False
Olfr1215,1,False
Olfr1216,0,False
Olfr1217,1,False
Olfr1218,2,False
Olfr1219,1,False
Olfr122,0,False
Olfr1220,2,False
Olfr1221,0,False
Olfr1222,0,False
Olfr1223,0,False
Olfr1224-ps1,1,False
Olfr1225,0,False
Olfr1226,0,False
Olfr1228,1,False
Olfr1229,0,False
Olfr123,0,False
Olfr1230,0,False
Olfr1231,0,False
Olfr1232,1,False
Olfr1233,0,False
Olfr1234,2,False
Olfr1235-ps1,0,False
Olfr1238,0,False
Olfr1239,0,False
Olfr124,0,False
Olfr1240,0,False
Olfr1241,0,False
Olfr1242,0,False
Olfr1243,2,False
Olfr1245,0,False
Olfr1246,1,False
Olfr1247,1,False
Olfr1248,0,False
Olfr1249,0,False
Olfr125,0,False
Olfr1250,2,False
Olfr1251,0,False
Olfr1252,0,False
Olfr1253,0,False
Olfr1254,0,False
Olfr1255,0,False
Olfr1256,0,False
Olfr1257,1,False
Olfr1258,1,False
Olfr1259,0,False
Olfr126,1,False
Olfr1260,0,False
Olfr1261,1,False
Olfr1262,0,False
Olfr1263,1,False
Olfr1264,1,False
Olfr1265,1,False
Olfr1267-ps1,0,False
Olfr1268-ps1,2,False
Olfr1269,0,False
Olfr127,1,False
Olfr1270,0,False
Olfr1271,0,False
Olfr1272,1,False
Olfr1273-ps,0,False
Olfr1274-ps,1,False
Olfr1275,0,False
Olfr1276,0,False
Olfr1277,0,False
Olfr1278,0,False
Olfr1279,1,False
Olfr128,0,False
Olfr1280,0,False
Olfr1281,1,False
Olfr1282,1,False
Olfr1283,0,False
Olfr1284,1,False
Olfr1285,0,False
Olfr1286,1,False
Olfr1287,0,False
Olfr1288,0,False
Olfr1289,0,False
Olfr129,1,False
Olfr1290,0,False
Olfr1291-ps1,0,False
Olfr1292-ps1,0,False
Olfr1293-ps,0,False
Olfr1294,0,False
Olfr1295,1,False
Olfr1296-ps1,1,False
Olfr1297,1,False
Olfr1298,0,False
Olfr1299,0,False
Olfr13,0,False
Olfr130,0,False
Olfr1300-ps1,0,False
Olfr1301,1,False
Olfr1302,0,False
Olfr1303,0,False
Olfr1304-ps1,0,False
Olfr1305,0,False
Olfr1306,0,False
Olfr1307,0,False
Olfr1308,0,False
Olfr1309,0,False
Olfr131,0,False
Olfr1310,0,False
Olfr1311,0,False
Olfr1312,1,False
Olfr1313,0,False
Olfr1314,0,False
Olfr1315-ps1,0,False
Olfr1316,0,False
Olfr1317,0,False
Olfr1318,1,False
Olfr1319-ps1,0,False
Olfr132,0,False
Olfr1320,0,False
Olfr1321,1,False
Olfr1322,0,False
Olfr1323,0,False
Olfr1324,0,False
Olfr1325,0,False
Olfr1326-ps1,0,False
Olfr1327-ps1,0,False
Olfr1328,1,False
Olfr1329,2,False
Olfr133,0,False
Olfr1330,1,False
Olfr1331,1,False
Olfr1332-ps1,1,False
Olfr1333,1,False
Olfr1335,0,False
Olfr1336,1,False
Olfr1337,2,False
Olfr1338,0,False
Olfr1339,0,False
Olfr134,0,False
Olfr1340,0,False
Olfr1341,2,False
Olfr1342,0,False
Olfr1343-ps1,0,False
Olfr1344,0,False
Olfr1345-ps1,0,False
Olfr1346,0,False
Olfr1347,0,False
Olfr1348,2,False
Olfr1349,1,False
Olfr135,0,False
Olfr1350,0,False
Olfr1351,0,False
Olfr1352,0,False
Olfr1353,0,False
Olfr1354,1,False
Olfr1355,0,False
Olfr1356,1,False
Olfr1357,1,False
Olfr1358,0,False
Olfr1359,2,False
Olfr136,1,False
Olfr1360,1,False
Olfr1361,0,False
Olfr1362,0,False
Olfr1364,0,False
Olfr1366,2,False
Olfr1367,0,False
Olfr1368,0,False
Olfr1369-ps1,1,False
Olfr137,1,False
Olfr1370,1,False
Olfr1371,1,False
Olfr1372-ps1,0,False
Olfr1373,0,False
Olfr1374-ps1,1,False
Olfr1375,1,False
Olfr1376-ps1,2,False
Olfr1377,2,False
Olfr1378,0,False
Olfr1379-ps1,1,False
Olfr138,0,False
Olfr1380,0,False
Olfr1381,0,False
Olfr1382,0,False
Olfr1383,0,False
Olfr1384,0,False
Olfr1385,0,False
Olfr1386,2,False
Olfr1387,0,False
Olfr1388,0,False
Olfr1389,0,False
Olfr139,1,False
Olfr1390,3,True
Olfr1391,1,False
Olfr1392,0,False
Olfr1393,0,False
Olfr1394,0,False
Olfr1395,0,False
Olfr1396,1,False
Olfr1397-ps1,0,False
Olfr1398-ps1,0,False
Olfr140,0,False
Olfr1400-ps1,0,False
Olfr1401-ps1,0,False
Olfr1402,0,False
Olfr1404,2,False
Olfr1406,2,False
Olfr1407-ps1,0,False
Olfr1408,1,False
Olfr1409-ps1,0,False
Olfr141,0,False
Olfr1410,2,False
Olfr1411,1,False
Olfr1412,0,False
Olfr1413,1,False
Olfr1414,0,False
Olfr1415,0,False
Olfr1416,0,False
Olfr1417,1,False
Olfr1418,1,False
Olfr1419,1,False
Olfr142,0,False
Olfr1420,0,False
Olfr1421-ps1,0,False
Olfr1422-ps1,0,False
Olfr1423,0,False
Olfr1424,0,False
Olfr1425,0,False
Olfr1426,1,False
Olfr1427,0,False
Olfr1428,1,False
Olfr143,0,False
Olfr1430-ps1,1,False
Olfr1431,0,False
Olfr1432,0,False
Olfr1434,0,False
Olfr1435-ps1,0,False
Olfr1436,0,False
Olfr1437,0,False
Olfr1438-ps1,1,False
Olfr1439-ps1,0,False
Olfr1440,0,False
Olfr1441,0,False
Olfr1442,1,False
Olfr1443,1,False
Olfr1444,0,False
Olfr1445,0,False
Olfr1446,1,False
Olfr1447,0,False
Olfr1448,0,False
Olfr1449,1,False
Olfr145,0,False
Olfr1450,1,False
Olfr1451,0,False
Olfr1452-ps1,0,False
Olfr1453,0,False
Olfr1454,0,False
Olfr1455-ps1,1,False
Olfr1456-ps1,0,False
Olfr1457,0,False
Olfr1458,0,False
Olfr1459,0,False
Olfr146,0,False
Olfr1460-ps1,0,False
Olfr1461,0,False
Olfr1462,1,False
Olfr1463,1,False
Olfr1464-ps1,0,False
Olfr1465,0,False
Olfr1466,1,False
Olfr1467,0,False
Olfr1468-ps1,1,False
Olfr1469,1,False
Olfr147,1,False
Olfr1470-ps1,0,False
Olfr1471,0,False
Olfr1472,0,False
Olfr1473-ps1,0,False
Olfr1474,0,False
Olfr1475,0,False
Olfr1476-ps1,0,False
Olfr1477,0,False
Olfr1478-ps1,1,False
Olfr1479-ps1,0,False
Olfr148,1,False
Olfr1480,0,False
Olfr1481-ps1,0,False
Olfr1482-ps1,0,False
Olfr1483-ps1,0,False
Olfr1484,0,False
Olfr1485-ps1,0,False
Olfr1486-ps1,0,False
Olfr1487,0,False
Olfr1488-ps1,0,False
Olfr1489,1,False
Olfr149,1,False
Olfr1490,0,False
Olfr1491,1,False
Olfr1492-ps1,0,False
Olfr1493-ps1,0,False
Olfr1494,2,False
Olfr1495,0,False
Olfr1496,0,False
Olfr1497,0,False
Olfr1498-ps1,1,False
Olfr1499,0,False
Olfr15,0,False
Olfr150,1,False
Olfr1500,0,False
Olfr1501,0,False
Olfr1502,0,False
Olfr1503-ps1,0,False
Olfr1504,1,False
Olfr1505,1,False
Olfr1506,1,False
Olfr1507,0,False
Olfr1508,0,False
Olfr1509,1,False
Olfr1510,1,False
Olfr1511,1,False
Olfr1512,3,True
Olfr1513,1,False
Olfr152,1,False
Olfr1527-ps1,1,False
Olfr153,0,False
Olfr1532-ps1,0,False
Olfr1535,0,False
Olfr1537,1,False
Olfr154,1,False
Olfr1542-ps1,1,False
Olfr1544-ps1,0,False
Olfr155,1,False
Olfr1555-ps1,0,False
Olfr1556-ps1,0,False
Olfr156,1,False
Olfr157,0,False
Olfr159,2,False
Olfr16,1,False
Olfr160,1,False
Olfr161,0,False
Olfr162-ps1,0,False
Olfr163-ps1,1,False
Olfr164,0,False
Olfr165,0,False
Olfr166,0,False
Olfr167,0,False
Olfr168,0,False
Olfr169,0,False
Olfr17,0,False
Olfr170,0,False
Olfr171,1,False
Olfr172,0,False
Olfr173,0,False
Olfr175-ps1,0,False
Olfr177,0,False
Olfr178,0,False
Olfr18,1,False
Olfr180,0,False
Olfr181,0,False
Olfr183,1,False
Olfr184-ps1,1,False
Olfr185-ps1,0,False
Olfr186,0,False
Olfr187,0,False
Olfr188-ps1,1,False
Olfr189-ps1,0,False
Olfr19,0,False
Olfr190,0,False
Olfr191,1,False
Olfr192,0,False
Olfr193,1,False
Olfr194,0,False
Olfr195,0,False
Olfr196,0,False
Olfr197,0,False
Olfr198,1,False
Olfr199,0,False
Olfr2,0,False
Olfr20,0,False
Olfr200-ps1,0,False
Olfr201,0,False
Olfr202,0,False
Olfr203,0,False
Olfr204,0,False
Olfr205,0,False
Olfr206,0,False
Olfr209,1,False
Olfr210-ps1,1,False
Olfr211,0,False
Olfr212,0,False
Olfr213,0,False
Olfr214,1,False
Olfr215,1,False
Olfr218,0,False
Olfr22-ps1,0,False
Olfr220,0,False
Olfr221,2,False
Olfr222,0,False
Olfr223,0,False
Olfr224,1,False
Olfr225,2,False
Olfr228,1,False
Olfr229,0,False
Olfr23,0,False
Olfr231,0,False
Olfr235,0,False
Olfr237-ps1,0,False
Olfr239,0,False
Olfr24,0,False
Olfr240-ps1,0,False
Olfr241-ps1,0,False
Olfr243,0,False
Olfr247,2,False
Olfr248,0,False
Olfr25,0,False
Olfr250,0,False
Olfr251,0,False
Olfr258-ps1,1,False
Olfr259,0,False
Olfr26,1,False
Olfr260-ps1,0,False
Olfr262,1,False
Olfr263,1,False
Olfr266,0,False
Olfr267,0,False
Olfr268-ps1,0,False
Olfr269-ps1,0,False
Olfr27,1,False
Olfr270,0,False
Olfr271-ps1,0,False
Olfr272,1,False
Olfr273,1,False
Olfr275,1,False
Olfr277-ps1,1,False
Olfr278-ps1,0,False
Olfr279,2,False
Olfr281,1,False
Olfr282,1,False
Olfr283,0,False
Olfr284,0,False
Olfr285,1,False
Olfr286,6,True
Olfr287,6,True
Olfr288,6,True
Olfr289-ps1,0,False
Olfr29-ps1,1,False
Olfr290,0,False
Olfr291,1,False
Olfr292,0,False
Olfr293,0,False
Olfr294,0,False
Olfr295,0,False
Olfr296-ps1,0,False
Olfr297,0,False
Olfr298,0,False
Olfr299,0,False
Olfr3,0,False
Olfr30,0,False
Olfr300-ps1,0,False
Olfr301,1,False
Olfr303,0,False
Olfr304,0,False
Olfr305,0,False
Olfr306-ps1,0,False
Olfr307,1,False
Olfr308,0,False
Olfr309,0,False
Olfr31,3,True
Olfr310,0,False
Olfr311,1,False
Olfr312,1,False
Olfr313,1,False
Olfr314,1,False
Olfr315,0,False
Olfr316,1,False
Olfr317,0,False
Olfr318,1,False
Olfr319,2,False
Olfr32,0,False
Olfr320,3,True
Olfr322,2,False
Olfr323,0,False
Olfr324,0,False
Olfr325,0,False
Olfr326-ps1,0,False
Olfr328,1,False
Olfr329-ps,3,True
Olfr33,0,False
Olfr330,0,False
Olfr331,0,False
Olfr332,1,False
Olfr333-ps1,0,False
Olfr334-ps1,1,False
Olfr335-ps,2,False
Olfr336-ps1,2,False
Olfr337-ps1,1,False
Olfr338,1,False
Olfr339,0,False
Olfr340,0,False
Olfr341,1,False
Olfr342,0,False
Olfr343-ps1,0,False
Olfr344,0,False
Olfr345,1,False
Olfr346,1,False
Olfr347,0,False
Olfr348,0,False
Olfr349-ps1,0,False
Olfr350,0,False
Olfr351,0,False
Olfr352,1,False
Olfr353,0,False
Olfr354,2,False
Olfr355,1,False
Olfr356,0,False
Olfr357,0,False
Olfr358,0,False
Olfr359-ps1,1,False
Olfr360,0,False
Olfr361,1,False
Olfr362,0,False
Olfr363-ps,0,False
Olfr364-ps1,2,False
Olfr365,1,False
Olfr366,0,False
Olfr367-ps,0,False
Olfr368,1,False
Olfr370,1,False
Olfr371,0,False
Olfr372,2,False
Olfr373,2,False
Olfr374,1,False
Olfr375-ps1,0,False
Olfr376,0,False
Olfr377-ps1,0,False
Olfr378,0,False
Olfr379-ps1,0,False
Olfr38,1,False
Olfr380,0,False
Olfr381,0,False
Olfr382,1,False
Olfr383-ps1,0,False
Olfr384,0,False
Olfr385,1,False
Olfr387-ps1,0,False
Olfr388-ps1,0,False
Olfr389,0,False
Olfr39,1,False
Olfr390,2,False
Olfr391-ps,0,False
Olfr392,0,False
Olfr393,0,False
Olfr394,0,False
Olfr395,0,False
Olfr396-ps1,0,False
Olfr397,1,False
Olfr398,0,False
Olfr399,0,False
Olfr400-ps1,0,False
Olfr401,1,False
Olfr402,0,False
Olfr403,1,False
Olfr404-ps1,1,False
Olfr405-ps1,0,False
Olfr406,0,False
Olfr407-ps1,1,False
Olfr408-ps1,2,False
Olfr409-ps1,0,False
Olfr410,0,False
Olfr411,1,False
Olfr412,0,False
Olfr414,0,False
Olfr416-ps1,0,False
Olfr417,0,False
Olfr418,0,False
Olfr419,0,False
Olfr420,0,False
Olfr421-ps1,0,False
Olfr424,2,False
Olfr427,1,False
Olfr428-ps1,0,False
Olfr429,0,False
Olfr43,1,False
Olfr430,0,False
Olfr431-ps1,0,False
Olfr432,0,False
Olfr433,0,False
Olfr434,0,False
Olfr435,0,False
Olfr436-ps1,0,False
Olfr437,0,False
Olfr439-ps1,0,False
Olfr44,0,False
Olfr440-ps1,0,False
Olfr441,0,False
Olfr442-ps1,0,False
Olfr443-ps1,1,False
Olfr444,1,False
Olfr446,0,False
Olfr447,0,False
Olfr448,0,False
Olfr449,0,False
Olfr45,1,False
Olfr450,0,False
Olfr451-ps1,2,False
Olfr452,0,False
Olfr453,0,False
Olfr454-ps1,0,False
Olfr455,0,False
Olfr456,0,False
Olfr457,1,False
Olfr458,1,False
Olfr459,0,False
Olfr46,1,False
Olfr460,1,False
Olfr461,2,False
Olfr462,1,False
Olfr463,1,False
Olfr464,1,False
Olfr465-ps1,0,False
Olfr466,0,False
Olfr467,0,False
Olfr468-ps1,0,False
Olfr469,0,False
Olfr47,0,False
Olfr470,1,False
Olfr471,0,False
Olfr472,0,False
Olfr473,1,False
Olfr474,0,False
Olfr475-ps1,0,False
Olfr476,0,False
Olfr477,0,False
Olfr478,1,False
Olfr479,1,False
Olfr48,0,False
Olfr480,0,False
Olfr481,0,False
Olfr482,0,False
Olfr483,1,False
Olfr484,0,False
Olfr485,0,False
Olfr486,0,False
Olfr487,0,False
Olfr488,0,False
Olfr489-ps1,0,False
Olfr49,1,False
Olfr490,1,False
Olfr491,0,False
Olfr492,0,False
Olfr493,0,False
Olfr494,0,False
Olfr495,0,False
Olfr496-ps1,1,False
Olfr497,0,False
Olfr498,1,False
Olfr499-ps1,0,False
Olfr5,1,False
Olfr50,1,False
Olfr500-ps1,0,False
Olfr501-ps1,0,False
Olfr502,0,False
Olfr503,0,False
Olfr504,0,False
Olfr505-ps1,1,False
Olfr506,0,False
Olfr507,0,False
Olfr508,0,False
Olfr509,0,False
Olfr51,1,False
Olfr510,0,False
Olfr511-ps1,0,False
Olfr512,1,False
Olfr513,0,False
Olfr514,0,False
Olfr515-ps1,0,False
Olfr516,0,False
Olfr517,0,False
Olfr518,1,False
Olfr519,1,False
Olfr52,0,False
Olfr520,0,False
Olfr521,0,False
Olfr522,1,False
Olfr523,0,False
Olfr524,1,False
Olfr525,1,False
Olfr527,1,False
Olfr528-ps1,1,False
Olfr529-ps1,0,False
Olfr53,1,False
Olfr530,1,False
Olfr531,0,False
Olfr532,0,False
Olfr533,1,False
Olfr534-ps1,0,False
Olfr535,0,False
Olfr536,1,False
Olfr537-ps1,0,False
Olfr538,0,False
Olfr539,0,False
Olfr54,1,False
Olfr540-ps1,0,False
Olfr541,2,False
Olfr542-ps1,0,False
Olfr543,2,False
Olfr544,2,False
Olfr545,1,False
Olfr546-ps1,0,False
Olfr547,0,False
Olfr548-ps1,0,False
Olfr549,0,False
Olfr55,0,False
Olfr550,0,False
Olfr551,0,False
Olfr552,0,False
Olfr553,0,False
Olfr554,1,False
Olfr555,0,False
Olfr556,0,False
Olfr557,0,False
Olfr558,2,False
Olfr559,0,False
Olfr56,2,False
Olfr560,0,False
Olfr561,0,False
Olfr562-ps1,0,False
Olfr563-ps1,0,False
Olfr564,0,False
Olfr565-ps1,1,False
Olfr566,1,False
Olfr567-ps1,1,False
Olfr568,0,False
Olfr569,0,False
Olfr57,0,False
Olfr570,1,False
Olfr571,1,False
Olfr572,2,False
Olfr573-ps1,1,False
Olfr574,0,False
Olfr575,1,False
Olfr576,0,False
Olfr577,0,False
Olfr578,0,False
Olfr58,0,False
Olfr580-ps1,0,False
Olfr581-ps1,0,False
Olfr582,0,False
Olfr583,1,False
Olfr584,0,False
Olfr585,0,False
Olfr586,1,False
Olfr587-ps1,0,False
Olfr588-ps1,1,False
Olfr589,0,False
Olfr59,1,False
Olfr590-ps1,0,False
Olfr591,1,False
Olfr592,0,False
Olfr593,0,False
Olfr594,0,False
Olfr595-ps1,0,False
Olfr596,0,False
Olfr597,0,False
Olfr598,1,False
Olfr599,0,False
Olfr6,0,False
Olfr60,1,False
Olfr600,0,False
Olfr601,0,False
Olfr602-ps1,0,False
Olfr603,0,False
Olfr605,0,False
Olfr606,0,False
Olfr608,0,False
Olfr609,1,False
Olfr61,0,False
Olfr610,0,False
Olfr611,0,False
Olfr612,0,False
Olfr613,0,False
Olfr615,0,False
Olfr616,0,False
Olfr617,0,False
Olfr618,0,False
Olfr619,1,False
Olfr62,0,False
Olfr620,0,False
Olfr621-ps1,0,False
Olfr622,0,False
Olfr623,1,False
Olfr624,0,False
Olfr625-ps1,0,False
Olfr626-ps1,0,False
Olfr628,1,False
Olfr629,0,False
Olfr63,1,False
Olfr630,0,False
Olfr631,0,False
Olfr632,0,False
Olfr633,1,False
Olfr634-ps1,0,False
Olfr635,0,False
Olfr636-ps1,0,False
Olfr637-ps1,0,False
Olfr638,1,False
Olfr639,0,False
Olfr64,1,False
Olfr640,0,False
Olfr641,1,False
Olfr642,1,False
Olfr643,0,False
Olfr644,1,False
Olfr645,0,False
Olfr646,0,False
Olfr647-ps1,1,False
Olfr648,0,False
Olfr649,0,False
Olfr65,0,False
Olfr650-ps1,0,False
Olfr651,0,False
Olfr652,0,False
Olfr653,0,False
Olfr654,0,False
Olfr655,0,False
Olfr656,0,False
Olfr657,0,False
Olfr658,3,True
Olfr659,0,False
Olfr66,0,False
Olfr660-ps1,1,False
Olfr661,1,False
Olfr662-ps1,0,False
Olfr663,2,False
Olfr664,0,False
Olfr665,0,False
Olfr666,0,False
Olfr667,1,False
Olfr668,0,False
Olfr669,0,False
Olfr67,0,False
Olfr670,0,False
Olfr671,0,False
Olfr672,1,False
Olfr673-ps1,0,False
Olfr674-ps1,0,False
Olfr675,0,False
Olfr676,2,False
Olfr677,0,False
Olfr678,1,False
Olfr679,0,False
Olfr68,0,False
Olfr680-ps1,0,False
Olfr681,0,False
Olfr682-ps1,1,False
Olfr683,0,False
Olfr684,0,False
Olfr685,0,False
Olfr686,0,False
Olfr687,0,False
Olfr688,1,False
Olfr689,0,False
Olfr69,1,False
Olfr690,1,False
Olfr691,3,True
Olfr692,0,False
Olfr693,0,False
Olfr694,0,False
Olfr695,1,False
Olfr696-ps1,0,False
Olfr697,0,False
Olfr698,0,False
Olfr699,0,False
Olfr70,1,False
Olfr700,0,False
Olfr701,1,False
Olfr702,1,False
Olfr703,0,False
Olfr704,0,False
Olfr705,1,False
Olfr706,0,False
Olfr707,0,False
Olfr709-ps1,0,False
Olfr71,1,False
Olfr710,0,False
Olfr711,0,False
Olfr712-ps1,0,False
Olfr713,0,False
Olfr714,0,False
Olfr715,0,False
Olfr716,0,False
Olfr717-ps1,0,False
Olfr718-ps1,0,False
Olfr719-ps,0,False
Olfr720,0,False
Olfr721-ps1,0,False
Olfr722,0,False
Olfr723,0,False
Olfr724,0,False
Olfr725,0,False
Olfr726,0,False
Olfr727,0,False
Olfr728,0,False
Olfr729,0,False
Olfr73,0,False
Olfr730,0,False
Olfr731,2,False
Olfr732,0,False
Olfr733,0,False
Olfr734,0,False
Olfr735,0,False
Olfr736,1,False
Olfr737-ps1,0,False
Olfr738,0,False
Olfr739,1,False
Olfr74,1,False
Olfr740,1,False
Olfr741,1,False
Olfr742,0,False
Olfr743,0,False
Olfr744,1,False
Olfr745,0,False
Olfr746,0,False
Olfr747,1,False
Olfr748,0,False
Olfr749,1,False
Olfr75-ps1,0,False
Olfr750,1,False
Olfr752-ps1,0,False
Olfr753-ps1,0,False
Olfr754-ps1,0,False
Olfr755-ps1,1,False
Olfr756-ps1,1,False
Olfr757-ps1,0,False
Olfr758-ps1,0,False
Olfr759-ps1,0,False
Olfr76,0,False
Olfr760-ps1,0,False
Olfr761,0,False
Olfr762-ps1,1,False
Olfr763,2,False
Olfr764-ps1,0,False
Olfr765,0,False
Olfr766-ps1,0,False
Olfr767,0,False
Olfr768,0,False
Olfr769,1,False
Olfr77,1,False
Olfr770,0,False
Olfr771,1,False
Olfr772,0,False
Olfr773,0,False
Olfr774,0,False
Olfr775,0,False
Olfr776,0,False
Olfr777,0,False
Olfr778-ps1,0,False
Olfr779,0,False
Olfr78,0,False
Olfr780,0,False
Olfr781,0,False
Olfr782,0,False
Olfr783-ps1,0,False
Olfr784,1,False
Olfr786,1,False
Olfr787,0,False
Olfr788,0,False
Olfr789,0,False
Olfr790,0,False
Olfr791,0,False
Olfr792,0,False
Olfr793-ps1,1,False
Olfr794,0,False
Olfr795-ps1,0,False
Olfr796,1,False
Olfr797-ps1,0,False
Olfr798,0,False
Olfr799,0,False
Olfr8,0,False
Olfr800,0,False
Olfr801,1,False
Olfr802,0,False
Olfr803,0,False
Olfr804,0,False
Olfr805,1,False
Olfr806,1,False
Olfr807,0,False
Olfr808,1,False
Olfr809,0,False
Olfr810,0,False
Olfr811,0,False
Olfr812,0,False
Olfr813,0,False
Olfr814,0,False
Olfr815,1,False
Olfr816,0,False
Olfr818,0,False
Olfr819,3,True
Olfr820,0,False
Olfr821,0,False
Olfr822,0,False
Olfr823,2,False
Olfr824,2,False
Olfr825,0,False
Olfr826,0,False
Olfr827,1,False
Olfr828,0,False
Olfr829,2,False
Olfr830,0,False
Olfr831-ps1,0,False
Olfr832,0,False
Olfr833-ps1,0,False
Olfr834,0,False
Olfr835,0,False
Olfr836,1,False
Olfr837,0,False
Olfr843,0,False
Olfr844,0,False
Olfr845,0,False
Olfr846,0,False
Olfr847,0,False
Olfr849,0,False
Olfr850,0,False
Olfr851,1,False
Olfr853,0,False
Olfr854,0,False
Olfr855,0,False
Olfr857,1,False
Olfr859,0,False
Olfr860,0,False
Olfr862,0,False
Olfr866,0,False
Olfr867,0,False
Olfr868,0,False
Olfr869,0,False
Olfr870,1,False
Olfr871,1,False
Olfr872,0,False
Olfr873,1,False
Olfr874,0,False
Olfr875,0,False
Olfr876,0,False
Olfr877,0,False
Olfr878,0,False
Olfr881,0,False
Olfr883,0,False
Olfr884,0,False
Olfr885,0,False
Olfr887,0,False
Olfr888,0,False
Olfr889,0,False
Olfr890,0,False
Olfr891,1,False
Olfr892-ps1,0,False
Olfr893,0,False
Olfr894,0,False
Olfr895,1,False
Olfr898,0,False
Olfr9,1,False
Olfr90,0,False
Olfr901,0,False
Olfr902,0,False
Olfr904,0,False
Olfr905,0,False
Olfr906,0,False
Olfr907,0,False
Olfr908,0,False
Olfr91,0,False
Olfr910,0,False
Olfr911-ps1,1,False
Olfr912,0,False
Olfr913,0,False
Olfr914,0,False
Olfr916,0,False
Olfr917,0,False
Olfr918,0,False
Olfr919,0,False
Olfr92,0,False
Olfr920,1,False
Olfr921,2,False
Olfr922,0,False
Olfr923,0,False
Olfr924,0,False
Olfr926,2,False
Olfr93,1,False
Olfr930,0,False
Olfr933,0,False
Olfr934,0,False
Olfr935,0,False
Olfr936,0,False
Olfr937,0,False
Olfr938,0,False
Olfr94,1,False
Olfr943,1,False
Olfr944,2,False
Olfr945,0,False
Olfr948,1,False
Olfr95,0,False
Olfr951,0,False
Olfr952,0,False
Olfr954,0,False
Olfr955,0,False
Olfr957,1,False
Olfr958,0,False
Olfr959,1,False
Olfr96,0,False
Olfr960,0,False
Olfr961,1,False
Olfr963,0,False
Olfr964-ps1,1,False
Olfr965,0,False
Olfr967,2,False
Olfr968,0,False
Olfr969,0,False
Olfr97,0,False
Olfr970,0,False
Olfr971,1,False
Olfr972,1,False
Olfr974,0,False
Olfr975,0,False
Olfr976,0,False
Olfr978,0,False
Olfr979,0,False
Olfr98,0,False
Olfr980,0,False
Olfr981,0,False
Olfr982,0,False
Olfr983,3,True
Olfr984,1,False
Olfr985,0,False
Olfr986,0,False
Olfr987,0,False
Olfr988,1,False
Olfr99,0,False
Olfr990-ps1,0,False
Olfr992,0,False
Olfr993,0,False
Olfr994,1,False
Olfr995,0,False
Olfr996,1,False
Olfr997-ps1,0,False
Olfr998,0,False
Olfr999-ps1,0,False
Olig1,6,True
Olig2,6,True
Olig3,0,False
Olr1,0,False
Olrf445-ps1,0,False
Oma1,6,True
Omd,4,True
Omg,6,True
Omp,2,False
Omt2a,1,False
Omt2b,0,False
Onecut1,1,False
Onecut2,3,True
Onecut3,1,False
Ooep,1,False
Oog1,0,False
Oog2,2,False
Oog3,1,False
Oog4,0,False
Oosp1,0,False
Oosp2,1,False
Oosp3,1,False
Opa1,6,True
Opa3,6,True
Opalin,6,True
Opcml,6,True
Ophn1,6,True
Oplah,6,True
Opn1mw,1,False
Opn1sw,3,True
Opn3,2,False
Opn4,1,False
Opn5,1,False
Oprd1,1,False
Oprk1,1,False
Oprl1,6,True
Oprm1,3,True
Optc,6,True
Optn,6,True
Orai1,6,True
Orai2,5,True
Orai3,6,True
Oraov1,6,True
Orc1,4,True
Orc2,6,True
Orc3,6,True
Orc4,6,True
Orc5,6,True
Orc6,6,True
Orm1,1,False
Orm2,1,False
Orm3,0,False
Ormdl1,6,True
Ormdl2,6,True
Ormdl3,6,True
Os9,6,True
Osbp,6,True
Osbp2,6,True
Osbpl10,5,True
Osbpl11,6,True
Osbpl1a,6,True
Osbpl2,6,True
Osbpl3,6,True
Osbpl5,6,True
Osbpl6,6,True
Osbpl7,6,True
Osbpl8,6,True
Osbpl9,6,True
Oscar,0,False
Oscp1,6,True
Oser1,6,True
Osgep,6,True
Osgepl1,6,True
Osgin1,3,True
Osgin2,6,True
Osm,2,False
Osmr,6,True
Osr1,1,False
Osr2,0,False
Ost4,6,True
Ostc,6,True
Ostf1,6,True
Ostm1,6,True
Ostn,0,False
Otc,5,True
Otoa,4,True
Otof,5,True
Otog,3,True
Otogl,2,False
Otol1,0,False
Otop1,2,False
Otop2,1,False
Otop3,3,True
Otor,1,False
Otos,4,True
Otp,0,False
Ott,1,False
Otub1,6,True
Otub2,6,True
Otud1,6,True
Otud3,3,True
Otud4,6,True
Otud5,6,True
Otud6a,0,False
Otud6b,6,True
Otud7a,6,True
Otud7b,6,True
Otulin,6,True
Otx1,6,True
Otx2,2,False
Otx2os1,0,False
Ovca2,6,True
Ovch2,1,False
Ovgp1,5,True
Ovol1,2,False
Ovol2,2,False
Ovol3,3,True
Oxa1l,6,True
Oxct1,6,True
Oxct2a,3,True
Oxct2b,1,False
Oxgr1,1,False
Oxld1,6,True
Oxnad1,6,True
Oxr1,6,True
Oxsm,6,True
Oxsr1,6,True
Oxt,2,False
Oxtr,3,True
P2rx1,3,True
P2rx2,0,False
P2rx3,3,True
P2rx4,6,True
P2rx5,3,True
P2rx6,6,True
P2rx7,6,True
P2ry1,6,True
P2ry10,0,False
P2ry12,6,True
P2ry13,5,True
P2ry14,6,True
P2ry2,5,True
P2ry4,1,False
P2ry6,5,True
P3h1,6,True
P3h2,4,True
P3h3,6,True
P3h4,6,True
P4ha1,6,True
P4ha2,6,True
P4ha3,6,True
P4hb,6,True
P4htm,6,True
PVRIG,0,False
Pa2g4,6,True
Pabpc1,6,True
Pabpc1l,3,True
Pabpc1l2a-ps,2,False
Pabpc1l2b-ps,3,True
Pabpc2,0,False
Pabpc4,6,True
Pabpc4l,6,True
Pabpc5,4,True
Pabpc6,3,True
Pabpn1,6,True
Pabpn1l,0,False
Pacrg,6,True
Pacs1,6,True
Pacs2,6,True
Pacsin1,6,True
Pacsin2,6,True
Pacsin3,6,True
Padi1,3,True
Padi2,6,True
Padi3,1,False
Padi4,1,False
Padi6,2,False
Paf1,6,True
Pafah1b1,6,True
Pafah1b1-ps1,6,True
Pafah1b1-ps2,6,True
Pafah1b2,6,True
Pafah1b3,6,True
Pafah2,6,True
Pag1,6,True
Pagr1a,2,False
Pagr1b,0,False
Pah,1,False
Paics,6,True
Paip1,6,True
Paip2,6,True
Paip2b,6,True
Pak1,6,True
Pak1ip1,6,True
Pak2,6,True
Pak3,6,True
Pak4,6,True
Pak6,6,True
Pak7,6,True
Pakap,0,False
Palb2,5,True
Pald1,5,True
Palld,6,True
Palm,6,True
Palm2,1,False
Palm3,1,False
Palmd,6,True
Pam,6,True
Pam16,6,True
Pamr1,6,True
Pan2,6,True
Pan3,6,True
Panct2,0,False
Pank1,6,True
Pank2,6,True
Pank3,6,True
Pank4,6,True
Pantr1,6,True
Pantr2,6,True
Panx1,6,True
Panx2,6,True
Panx3,2,False
Paox,6,True
Papd4,6,True
Papd5,6,True
Papd7,5,True
Papln,5,True
Papola,6,True
Papolb,6,True
Papolg,6,True
Pappa,4,True
Pappa2,4,True
Papss1,6,True
Papss2,6,True
Paqr3,5,True
Paqr4,6,True
Paqr5,4,True
Paqr6,6,True
Paqr7,6,True
Paqr8,6,True
Paqr9,6,True
Pard3,6,True
Pard3b,6,True
Pard3bos1,3,True
Pard3bos2,0,False
Pard3bos3,0,False
Pard6a,6,True
Pard6b,1,False
Pard6g,6,True
Parg,6,True
Park2,6,True
Park7,6,True
Parl,6,True
Parm1,5,True
Parn,6,True
Parp1,6,True
Parp10,4,True
Parp11,6,True
Parp12,6,True
Parp14,5,True
Parp16,6,True
Parp2,6,True
Parp3,6,True
Parp4,6,True
Parp6,6,True
Parp8,6,True
Parp9,6,True
Parpbp,4,True
Pars2,5,True
Particl,5,True
Parva,6,True
Parvaos,2,False
Parvb,6,True
Parvg,3,True
Pask,6,True
Pate1,0,False
Pate2,4,True
Pate3,1,False
Pate4,1,False
Patl1,6,True
Patl2,1,False
Patz1,6,True
Paupar,3,True
Pawr,6,True
Pax1,1,False
Pax2,2,False
Pax3,2,False
Pax4,2,False
Pax5,2,False
Pax6,6,True
Pax6os1,4,True
Pax7,3,True
Pax8,3,True
Pax9,1,False
Paxbp1,6,True
Paxip1,6,True
Pbdc1,6,True
Pbk,6,True
Pbld2,6,True
Pbp2,1,False
Pbrm1,6,True
Pbsn,0,False
Pbx1,6,True
Pbx2,6,True
Pbx3,5,True
Pbx4,6,True
Pbxip1,6,True
Pcbd1,6,True
Pcbd2,6,True
Pcbp1,6,True
Pcbp2,6,True
Pcbp3,6,True
Pcbp4,6,True
Pcca,6,True
Pccb,6,True
Pcdh1,6,True
Pcdh10,6,True
Pcdh11x,6,True
Pcdh12,2,False
Pcdh15,6,True
Pcdh17,6,True
Pcdh18,6,True
Pcdh19,6,True
Pcdh20,6,True
Pcdh7,6,True
Pcdh8,6,True
Pcdh9,6,True
Pcdha1,5,True
Pcdha11,5,True
Pcdha12,6,True
Pcdha2,4,True
Pcdha3,5,True
Pcdha4,0,False
Pcdha5,3,True
Pcdha6,5,True
Pcdha7,6,True
Pcdha8,5,True
Pcdha9,4,True
Pcdhac1,5,True
Pcdhac2,6,True
Pcdhb1,1,False
Pcdhb10,6,True
Pcdhb11,6,True
Pcdhb12,6,True
Pcdhb13,6,True
Pcdhb14,6,True
Pcdhb15,6,True
Pcdhb16,6,True
Pcdhb17,6,True
Pcdhb18,6,True
Pcdhb19,6,True
Pcdhb2,6,True
Pcdhb20,6,True
Pcdhb21,6,True
Pcdhb22,6,True
Pcdhb3,6,True
Pcdhb4,6,True
Pcdhb5,6,True
Pcdhb6,6,True
Pcdhb7,6,True
Pcdhb8,6,True
Pcdhb9,6,True
Pcdhga1,5,True
Pcdhga10,0,False
Pcdhga11,6,True
Pcdhga12,6,True
Pcdhga2,5,True
Pcdhga3,5,True
Pcdhga4,6,True
Pcdhga5,5,True
Pcdhga6,6,True
Pcdhga7,6,True
Pcdhga8,6,True
Pcdhga9,6,True
Pcdhgb1,6,True
Pcdhgb2,6,True
Pcdhgb4,6,True
Pcdhgb5,6,True
Pcdhgb6,6,True
Pcdhgb7,6,True
Pcdhgb8,6,True
Pcdhgc3,6,True
Pcdhgc5,6,True
Pced1a,6,True
Pced1b,6,True
Pced1c-ps,0,False
Pcf11,6,True
Pcgf1,6,True
Pcgf2,6,True
Pcgf3,6,True
Pcgf5,6,True
Pcgf6,6,True
Pcid2,6,True
Pcif1,6,True
Pck1,2,False
Pck2,6,True
Pclo,6,True
Pcm1,6,True
Pcmt1,6,True
Pcmtd1,6,True
Pcmtd2,6,True
Pcna,6,True
Pcna-ps1,0,False
Pcna-ps2,6,True
Pcnp,6,True
Pcnt,6,True
Pcnx,6,True
Pcnx2,6,True
Pcnx3,6,True
Pcnx4,6,True
Pcolce,3,True
Pcolce2,6,True
Pcp2,1,False
Pcp4,6,True
Pcp4l1,6,True
Pcsk1,4,True
Pcsk1n,6,True
Pcsk2,6,True
Pcsk2os1,6,True
Pcsk2os2,5,True
Pcsk4,6,True
Pcsk5,6,True
Pcsk6,6,True
Pcsk7,6,True
Pcsk9,3,True
Pctp,4,True
Pcx,6,True
Pcyox1,6,True
Pcyox1l,6,True
Pcyt1a,6,True
Pcyt1b,6,True
Pcyt2,6,True
Pdap1,6,True
Pdc,0,False
Pdcd1,0,False
Pdcd10,6,True
Pdcd11,6,True
Pdcd1lg2,2,False
Pdcd2,0,False
Pdcd2l,6,True
Pdcd4,6,True
Pdcd5,6,True
Pdcd6,6,True
Pdcd6ip,6,True
Pdcd7,5,True
Pdcl,6,True
Pdcl2,0,False
Pdcl3,6,True
Pddc1,6,True
Pde10a,6,True
Pde11a,4,True
Pde12,6,True
Pde1a,6,True
Pde1b,6,True
Pde1c,6,True
Pde2a,6,True
Pde3a,6,True
Pde3b,6,True
Pde4a,6,True
Pde4b,6,True
Pde4c,0,False
Pde4d,6,True
Pde4dip,6,True
Pde5a,5,True
Pde6a,5,True
Pde6b,3,True
Pde6c,1,False
Pde6d,6,True
Pde6g,4,True
Pde6h,1,False
Pde7a,6,True
Pde7b,6,True
Pde8a,6,True
Pde8b,6,True
Pde9a,6,True
Pdf,5,True
Pdgfa,6,True
Pdgfb,2,False
Pdgfc,6,True
Pdgfd,6,True
Pdgfra,6,True
Pdgfrb,6,True
Pdgfrl,6,True
Pdha1,6,True
Pdha2,0,False
Pdhb,6,True
Pdhx,6,True
Pdia2,0,False
Pdia3,6,True
Pdia4,6,True
Pdia5,6,True
Pdia6,6,True
Pdik1l,6,True
Pdilt,2,False
Pdk1,6,True
Pdk2,6,True
Pdk3,6,True
Pdk4,6,True
Pdlim1,5,True
Pdlim2,6,True
Pdlim3,6,True
Pdlim4,6,True
Pdlim5,6,True
Pdlim7,6,True
Pdp1,6,True
Pdp2,6,True
Pdpk1,6,True
Pdpn,6,True
Pdpr,6,True
Pdrg1,6,True
Pds5a,6,True
Pds5b,6,True
Pdss1,6,True
Pdss2,6,True
Pdx1,0,False
Pdxdc1,6,True
Pdxk,6,True
Pdxk-ps,5,True
Pdyn,5,True
Pdzd11,6,True
Pdzd2,6,True
Pdzd3,2,False
Pdzd4,6,True
Pdzd7,2,False
Pdzd8,6,True
Pdzd9,6,True
Pdzk1,1,False
Pdzk1ip1,1,False
Pdzph1,5,True
Pdzrn3,6,True
Pdzrn4,6,True
Pea15a,6,True
Pea15b,0,False
Peak1,6,True
Peak1os,3,True
Pear1,2,False
Pebp1,6,True
Pebp4,1,False
Pecam1,6,True
Pecr,6,True
Pef1,6,True
Peg10,5,True
Peg12,6,True
Peg13,6,True
Peg3,6,True
Peli1,6,True
Peli2,6,True
Peli3,6,True
Pelo,5,True
Pelp1,6,True
Pemt,5,True
Penk,4,True
Peo1,5,True
Pepd,6,True
Per1,6,True
Per2,6,True
Per3,6,True
Perm1,6,True
Perp,3,True
Pes1,6,True
Pet100,6,True
Pet117,0,False
Pet2,1,False
Pex1,6,True
Pex10,6,True
Pex11a,6,True
Pex11b,6,True
Pex11g,6,True
Pex12,6,True
Pex13,6,True
Pex13-ps,6,True
Pex14,6,True
Pex16,6,True
Pex19,6,True
Pex2,6,True
Pex26,5,True
Pex3,6,True
Pex5,6,True
Pex5l,6,True
Pex6,6,True
Pex7,6,True
Pf4,6,True
Pfas,6,True
Pfdn1,6,True
Pfdn2,6,True
Pfdn4,6,True
Pfdn5,6,True
Pfdn6,6,True
Pfkfb1,2,False
Pfkfb2,6,True
Pfkfb3,6,True
Pfkfb4,6,True
Pfkl,6,True
Pfkm,6,True
Pfkp,6,True
Pfn1,6,True
Pfn2,6,True
Pfn3,0,False
Pfn4,6,True
Pfpl,0,False
Pga5,0,False
Pgam1,6,True
Pgam1-ps1,6,True
Pgam1-ps2,6,True
Pgam2,4,True
Pgam5,6,True
Pgap1,6,True
Pgap2,6,True
Pgap3,6,True
Pgbd1,4,True
Pgbd5,6,True
Pgc,0,False
Pgd,6,True
Pgf,5,True
Pggt1b,5,True
Pgk1,6,True
Pgk1-ps3,0,False
Pgk1-rs7,6,True
Pgk2,0,False
Pgls,6,True
Pglyrp1,5,True
Pglyrp2,0,False
Pglyrp3,1,False
Pglyrp4,0,False
Pgm1,6,True
Pgm2,6,True
Pgm2l1,6,True
Pgm3,6,True
Pgm5,2,False
Pgp,6,True
Pgpep1,6,True
Pgpep1l,0,False
Pgr,5,True
Pgr15l,3,True
Pgrmc1,6,True
Pgrmc2,6,True
Pgs1,6,True
Phactr1,6,True
Phactr2,6,True
Phactr3,6,True
Phactr4,6,True
Phax,6,True
Phb,6,True
Phb2,6,True
Phc1,6,True
Phc2,6,True
Phc3,6,True
Phex,2,False
Phf1,6,True
Phf10,6,True
Phf11a,3,True
Phf11b,2,False
Phf11c,3,True
Phf11d,3,True
Phf12,6,True
Phf13,6,True
Phf14,6,True
Phf19,6,True
Phf2,6,True
Phf20,6,True
Phf20-ps,6,True
Phf20l1,6,True
Phf21a,6,True
Phf21b,6,True
Phf23,6,True
Phf24,6,True
Phf2os1,5,True
Phf3,6,True
Phf5a,6,True
Phf6,6,True
Phf7,6,True
Phf8,6,True
Phgdh,6,True
Phgdh-ps1,6,True
Phgr1,0,False
Phip,6,True
Phka1,6,True
Phka2,6,True
Phkb,6,True
Phkg1,6,True
Phkg2,6,True
Phlda1,6,True
Phlda2,0,False
Phlda3,6,True
Phldb1,6,True
Phldb2,6,True
Phldb3,1,False
Phlpp1,6,True
Phlpp2,6,True
Phospho1,0,False
Phospho2,6,True
Phox2a,0,False
Phox2b,0,False
Phpt1,6,True
Phrf1,6,True
Phtf1,6,True
Phtf1os,5,True
Phtf2,6,True
Phxr2,0,False
Phxr4,6,True
Phyh,6,True
Phyhd1,6,True
Phyhip,6,True
Phyhipl,6,True
Phykpl,6,True
Pi15,1,False
Pi16,2,False
Pi4k2a,6,True
Pi4k2b,6,True
Pi4ka,6,True
Pi4kb,6,True
Pianp,6,True
Pias1,6,True
Pias2,6,True
Pias3,6,True
Pias4,6,True
Pibf1,6,True
Picalm,6,True
Pick1,6,True
Pid1,6,True
Pidd1,6,True
Piezo1,3,True
Piezo2,4,True
Pif1,4,True
Pifo,1,False
Piga,6,True
Pigb,6,True
Pigc,6,True
Pigf,6,True
Pigg,6,True
Pigh,6,True
Pigk,6,True
Pigl,6,True
Pigm,6,True
Pign,6,True
Pigo,6,True
Pigp,6,True
Pigq,6,True
Pigr,1,False
Pigs,6,True
Pigt,6,True
Pigu,6,True
Pigv,6,True
Pigw,6,True
Pigx,6,True
Pigyl,6,True
Pigz,6,True
Pih1d1,6,True
Pih1d2,6,True
Pih1d3,0,False
Pih1h3b,0,False
Pik3ap1,3,True
Pik3c2a,6,True
Pik3c2b,6,True
Pik3c2g,2,False
Pik3c3,6,True
Pik3ca,6,True
Pik3cb,6,True
Pik3cd,5,True
Pik3cg,4,True
Pik3ip1,6,True
Pik3r1,6,True
Pik3r2,6,True
Pik3r3,6,True
Pik3r4,6,True
Pik3r5,2,False
Pik3r6,2,False
Pikfyve,6,True
Pilra,5,True
Pilrb1,3,True
Pilrb2,4,True
Pim1,6,True
Pim2,6,True
Pim3,6,True
Pin1,6,True
Pin1rt1,6,True
Pin4,6,True
Pinc,2,False
Pink1,6,True
Pinlyp,2,False
Pinx1,6,True
Pip,1,False
Pip4k2a,6,True
Pip4k2b,6,True
Pip4k2c,6,True
Pip5k1a,6,True
Pip5k1b,6,True
Pip5k1bos,0,False
Pip5k1c,6,True
Pip5kl1,0,False
Pipox,6,True
Pir,6,True
Pira2,0,False
Pirb,6,True
Pirt,1,False
Pisd,6,True
Pisd-ps1,6,True
Pisd-ps2,6,True
Pisrt1,0,False
Pithd1,6,True
Pitpna,6,True
Pitpnb,6,True
Pitpnc1,6,True
Pitpnm1,6,True
Pitpnm2,6,True
Pitpnm2os1,3,True
Pitpnm2os2,4,True
Pitpnm3,6,True
Pitrm1,6,True
Pitx1,0,False
Pitx2,2,False
Pitx3,1,False
Piwil1,1,False
Piwil2,4,True
Piwil4,2,False
Pja1,6,True
Pja2,6,True
Pkd1,6,True
Pkd1l1,6,True
Pkd1l2,3,True
Pkd1l3,5,True
Pkd2,6,True
Pkd2l1,2,False
Pkd2l2,5,True
Pkdcc,6,True
Pkdrej,2,False
Pkhd1,4,True
Pkhd1l1,2,False
Pkia,6,True
Pkib,6,True
Pkig,6,True
Pklr,0,False
Pkm,6,True
Pkmyt1,5,True
Pkn1,6,True
Pkn2,6,True
Pkn3,2,False
Pknox1,6,True
Pknox2,6,True
Pkp1,1,False
Pkp2,5,True
Pkp3,1,False
Pkp4,6,True
Pla1a,1,False
Pla2g10,1,False
Pla2g10os,0,False
Pla2g12a,6,True
Pla2g12b,0,False
Pla2g15,6,True
Pla2g16,6,True
Pla2g1b,1,False
Pla2g2a,1,False
Pla2g2c,2,False
Pla2g2d,4,True
Pla2g2e,0,False
Pla2g2f,0,False
Pla2g3,6,True
Pla2g4a,5,True
Pla2g4b,3,True
Pla2g4c,3,True
Pla2g4c-ps,1,False
Pla2g4d,0,False
Pla2g4e,4,True
Pla2g4f,1,False
Pla2g5,3,True
Pla2g6,6,True
Pla2g7,6,True
Pla2r1,3,True
Plaa,6,True
Plac1,1,False
Plac8,2,False
Plac8l1,1,False
Plac9a,6,True
Plac9b,6,True
Plag1,2,False
Plagl1,6,True
Plagl2,6,True
Plat,6,True
Platr1,0,False
Platr10,0,False
Platr11,1,False
Platr12,0,False
Platr13,0,False
Platr14,3,True
Platr15,0,False
Platr16,0,False
Platr17,1,False
Platr19,0,False
Platr2,0,False
Platr20,0,False
Platr21,0,False
Platr22,0,False
Platr23,0,False
Platr25,5,True
Platr26,1,False
Platr27,1,False
Platr28,0,False
Platr29,0,False
Platr3,1,False
Platr30,1,False
Platr31,2,False
Platr32,0,False
Platr4,1,False
Platr5,3,True
Platr6,0,False
Platr7,0,False
Platr8,2,False
Platr9,0,False
Plau,5,True
Plaur,3,True
Plb1,3,True
Plbd1,3,True
Plbd2,6,True
Plcb1,6,True
Plcb2,3,True
Plcb3,6,True
Plcb4,6,True
Plcd1,6,True
Plcd3,5,True
Plcd4,6,True
Plce1,6,True
Plcg1,6,True
Plcg2,6,True
Plch1,6,True
Plch2,5,True
Plcl1,6,True
Plcl2,5,True
Plcxd1,6,True
Plcxd2,6,True
Plcxd3,6,True
Plcz1,0,False
Pld1,6,True
Pld2,6,True
Pld3,6,True
Pld4,6,True
Pld5,5,True
Pld6,5,True
Pldi,0,False
Plec,6,True
Plek,6,True
Plek2,1,False
Plekha1,6,True
Plekha2,6,True
Plekha3,6,True
Plekha4,5,True
Plekha5,6,True
Plekha6,6,True
Plekha7,6,True
Plekha8,6,True
Plekhb1,6,True
Plekhb2,6,True
Plekhd1,6,True
Plekhd1os,0,False
Plekhf1,6,True
Plekhf2,6,True
Plekhg1,6,True
Plekhg2,6,True
Plekhg3,6,True
Plekhg4,2,False
Plekhg5,6,True
Plekhg6,2,False
Plekhh1,6,True
Plekhh2,6,True
Plekhh3,6,True
Plekhj1,6,True
Plekhm1,6,True
Plekhm2,6,True
Plekhm3,5,True
Plekhn1,5,True
Plekho1,6,True
Plekho2,6,True
Plekhs1,2,False
Plet1,3,True
Plet1os,2,False
Plg,1,False
Plgrkt,6,True
Plin1,3,True
Plin2,6,True
Plin3,6,True
Plin4,6,True
Plin5,3,True
Plk-ps1,6,True
Plk1,6,True
Plk2,6,True
Plk3,4,True
Plk4,6,True
Plk5,6,True
Pllp,6,True
Pln,6,True
Plod1,6,True
Plod2,6,True
Plod3,6,True
Plp1,6,True
Plp2,6,True
Plpp1,6,True
Plpp2,6,True
Plpp3,6,True
Plpp4,6,True
Plpp5,6,True
Plpp6,6,True
Plpp7,6,True
Plppr1,6,True
Plppr2,6,True
Plppr3,6,True
Plppr4,6,True
Plppr5,6,True
Plrg1,6,True
Pls1,6,True
Pls3,6,True
Plscr1,6,True
Plscr2,6,True
Plscr3,6,True
Plscr4,6,True
Plscr5,1,False
Pltp,6,True
Plvap,6,True
Plxdc1,4,True
Plxdc2,6,True
Plxna1,6,True
Plxna2,6,True
Plxna3,6,True
Plxna4,6,True
Plxna4os1,3,True
Plxna4os2,2,False
Plxna4os3,0,False
Plxnb1,6,True
Plxnb2,6,True
Plxnb3,6,True
Plxnc1,6,True
Plxnd1,6,True
Pm20d1,6,True
Pm20d2,4,True
Pmaip1,2,False
Pmch,1,False
Pmel,6,True
Pmepa1,6,True
Pmepa1os,2,False
Pmf1,6,True
Pmfbp1,2,False
Pmis2,0,False
Pml,6,True
Pmm1,6,True
Pmm2,6,True
Pmp2,0,False
Pmp22,6,True
Pmpca,6,True
Pmpcb,6,True
Pms1,6,True
Pms2,6,True
Pmvk,6,True
Pnck,6,True
Pnisr,6,True
Pnkd,6,True
Pnkp,6,True
Pnldc1,3,True
Pnlip,6,True
Pnliprp1,1,False
Pnliprp2,2,False
Pnma1,3,True
Pnma2,6,True
Pnma3,5,True
Pnma5,0,False
Pnmal1,6,True
Pnmal2,6,True
Pnmt,1,False
Pnn,6,True
Pno1,6,True
Pnoc,3,True
Pnp,6,True
Pnp2,6,True
Pnpla1,1,False
Pnpla1os,0,False
Pnpla2,6,True
Pnpla3,6,True
Pnpla5,0,False
Pnpla6,6,True
Pnpla7,6,True
Pnpla8,6,True
Pnpo,5,True
Pnpt1,6,True
Pnrc1,6,True
Pnrc2,6,True
Poc1a,6,True
Poc1b,6,True
Poc5,6,True
Podn,3,True
Podnl1,1,False
Podxl,5,True
Podxl2,6,True
Pof1b,0,False
Pofut1,6,True
Pofut2,6,True
Pogk,6,True
Poglut1,6,True
Pogz,6,True
Pola1,6,True
Pola2,6,True
Polb,6,True
Pold1,6,True
Pold2,6,True
Pold3,6,True
Pold4,6,True
Poldip2,6,True
Poldip3,6,True
Pole,6,True
Pole2,5,True
Pole3,6,True
Pole4,6,True
Polg,6,True
Polg2,6,True
Polh,6,True
Poli,6,True
Polk,6,True
Poll,6,True
Polm,6,True
Poln,3,True
Polq,5,True
Polr1a,6,True
Polr1b,6,True
Polr1c,6,True
Polr1d,6,True
Polr1e,5,True
Polr2a,6,True
Polr2b,6,True
Polr2c,6,True
Polr2d,6,True
Polr2e,6,True
Polr2f,6,True
Polr2g,6,True
Polr2h,6,True
Polr2i,6,True
Polr2j,6,True
Polr2k,6,True
Polr2k-ps,5,True
Polr2l,6,True
Polr2m,6,True
Polr3a,6,True
Polr3b,6,True
Polr3c,6,True
Polr3d,6,True
Polr3e,6,True
Polr3f,6,True
Polr3g,6,True
Polr3gl,6,True
Polr3h,6,True
Polr3k,6,True
Polrmt,6,True
Pom121,6,True
Pom121l12,0,False
Pom121l2,2,False
Pomc,6,True
Pomgnt1,6,True
Pomgnt2,6,True
Pomk,6,True
Pomp,6,True
Pomt1,6,True
Pomt2,6,True
Pon1,0,False
Pon2,6,True
Pon3,6,True
Pop1,6,True
Pop4,6,True
Pop5,6,True
Pop7,6,True
Popdc2,2,False
Popdc3,1,False
Por,6,True
Porcn,6,True
Postn,1,False
Pot1a,6,True
Pot1b,6,True
Poteg,0,False
Pou1f1,0,False
Pou2af1,1,False
Pou2f1,6,True
Pou2f2,6,True
Pou2f3,1,False
Pou2f3-rs1,0,False
Pou3f1,6,True
Pou3f2,6,True
Pou3f3,6,True
Pou3f4,6,True
Pou4f1,2,False
Pou4f2,0,False
Pou4f3,1,False
Pou5f1,0,False
Pou5f2,5,True
Pou6f1,6,True
Pou6f2,5,True
Pp2d1,3,True
Ppa1,6,True
Ppa2,6,True
Ppan,6,True
Ppara,6,True
Ppard,6,True
Pparg,3,True
Ppargc1a,6,True
Ppargc1b,4,True
Ppat,5,True
Ppbp,0,False
Ppcdc,6,True
Ppcs,6,True
Ppdpf,6,True
Ppef1,2,False
Ppef2,4,True
Ppfia1,6,True
Ppfia2,6,True
Ppfia3,6,True
Ppfia4,6,True
Ppfibp1,6,True
Ppfibp2,6,True
Pphln1,6,True
Ppia,6,True
Ppib,6,True
Ppic,6,True
Ppid,6,True
Ppie,6,True
Ppif,6,True
Ppig,6,True
Ppih,6,True
Ppil1,6,True
Ppil2,6,True
Ppil3,6,True
Ppil4,6,True
Ppil6,6,True
Ppip5k1,6,True
Ppip5k2,6,True
Ppl,3,True
Ppm1a,6,True
Ppm1b,6,True
Ppm1d,6,True
Ppm1e,6,True
Ppm1f,6,True
Ppm1g,6,True
Ppm1h,6,True
Ppm1j,2,False
Ppm1k,6,True
Ppm1l,6,True
Ppm1m,6,True
Ppm1n,0,False
Ppme1,6,True
Ppnr,4,True
Ppox,6,True
Ppp1ca,6,True
Ppp1cb,6,True
Ppp1cc,6,True
Ppp1r10,6,True
Ppp1r11,6,True
Ppp1r12a,6,True
Ppp1r12b,6,True
Ppp1r12c,6,True
Ppp1r13b,6,True
Ppp1r13l,6,True
Ppp1r14a,6,True
Ppp1r14b,6,True
Ppp1r14c,6,True
Ppp1r14d,0,False
Ppp1r15a,6,True
Ppp1r15b,6,True
Ppp1r16a,6,True
Ppp1r16b,6,True
Ppp1r17,0,False
Ppp1r18,6,True
Ppp1r18os,5,True
Ppp1r1a,6,True
Ppp1r1b,6,True
Ppp1r1c,0,False
Ppp1r2,6,True
Ppp1r2-ps1,6,True
Ppp1r2-ps2,6,True
Ppp1r2-ps3,6,True
Ppp1r2-ps4,6,True
Ppp1r2-ps6,6,True
Ppp1r2-ps7,0,False
Ppp1r2-ps9,0,False
Ppp1r21,6,True
Ppp1r26,6,True
Ppp1r27,0,False
Ppp1r32,2,False
Ppp1r35,5,True
Ppp1r36,4,True
Ppp1r37,6,True
Ppp1r3a,0,False
Ppp1r3b,4,True
Ppp1r3c,6,True
Ppp1r3d,6,True
Ppp1r3e,5,True
Ppp1r3f,2,False
Ppp1r3fos,3,True
Ppp1r3g,6,True
Ppp1r42,3,True
Ppp1r7,6,True
Ppp1r8,6,True
Ppp1r9a,6,True
Ppp1r9b,6,True
Ppp2ca,6,True
Ppp2cb,6,True
Ppp2r1a,6,True
Ppp2r1b,6,True
Ppp2r2a,6,True
Ppp2r2b,6,True
Ppp2r2c,6,True
Ppp2r2cos,1,False
Ppp2r2d,6,True
Ppp2r3a,6,True
Ppp2r3c,6,True
Ppp2r3d,6,True
Ppp2r4,6,True
Ppp2r5a,6,True
Ppp2r5b,6,True
Ppp2r5c,6,True
Ppp2r5d,6,True
Ppp2r5e,6,True
Ppp3ca,6,True
Ppp3cb,6,True
Ppp3cc,6,True
Ppp3r1,6,True
Ppp3r2,5,True
Ppp4c,6,True
Ppp4r1,6,True
Ppp4r1l-ps,6,True
Ppp4r2,6,True
Ppp4r4,6,True
Ppp5c,6,True
Ppp6c,6,True
Ppp6r1,6,True
Ppp6r2,6,True
Ppp6r3,6,True
Pprc1,6,True
Ppt1,6,True
Ppt2,6,True
Pptc7,6,True
Ppwd1,6,True
Ppy,0,False
Pqbp1,6,True
Pqlc1,6,True
Pqlc2,6,True
Pqlc3,5,True
Pradc1,6,True
Praf2,6,True
Pram1,2,False
Prame,0,False
Pramef12,2,False
Pramef12os,0,False
Pramef17,3,True
Pramef25,1,False
Pramef6,2,False
Pramef8,6,True
Pramel,0,False
Pramel1,2,False
Pramel3,1,False
Pramel4,0,False
Pramel5,1,False
Pramel6,0,False
Pramel7,0,False
Prap1,1,False
Prb1,0,False
Prb3-ps,0,False
Prc1,6,True
Prcc,6,True
Prcp,6,True
Prdm1,3,True
Prdm10,6,True
Prdm11,6,True
Prdm12,0,False
Prdm13,0,False
Prdm14,2,False
Prdm15,6,True
Prdm16,6,True
Prdm2,5,True
Prdm4,6,True
Prdm5,6,True
Prdm6,0,False
Prdm8,6,True
Prdm9,5,True
Prdx1,6,True
Prdx2,6,True
Prdx2-rs3,6,True
Prdx3,6,True
Prdx4,6,True
Prdx5,6,True
Prdx6,6,True
Prdx6-ps2,6,True
Prdx6b,6,True
Preb,6,True
Prelid1,6,True
Prelid2,4,True
Prelp,6,True
Prep,6,True
Prepl,6,True
Prex1,6,True
Prex2,6,True
Prf1,1,False
Prg2,0,False
Prg3,0,False
Prg4,5,True
Prh1,0,False
Prickle1,6,True
Prickle2,6,True
Prickle3,5,True
Prickle4,2,False
Prim1,6,True
Prim2,6,True
Prima1,3,True
Primpol,6,True
Prkaa1,6,True
Prkaa2,6,True
Prkab1,6,True
Prkab2,6,True
Prkaca,6,True
Prkaca-ps1,4,True
Prkacb,6,True
Prkag1,6,True
Prkag2,6,True
Prkag2os1,4,True
Prkag2os2,3,True
Prkag3,1,False
Prkar1a,6,True
Prkar1b,6,True
Prkar2a,6,True
Prkar2b,6,True
Prkca,6,True
Prkcb,6,True
Prkcd,6,True
Prkcdbp,6,True
Prkce,6,True
Prkcg,6,True
Prkch,4,True
Prkci,6,True
Prkcq,6,True
Prkcsh,6,True
Prkcz,6,True
Prkcz2,6,True
Prkd1,6,True
Prkd2,6,True
Prkd3,6,True
Prkdc,6,True
Prkg1,6,True
Prkg2,5,True
Prkra,6,True
Prkrip1,6,True
Prkrir,6,True
Prkx,6,True
Prl,0,False
Prl2a1,0,False
Prl2b1,0,False
Prl2c1,0,False
Prl2c2,0,False
Prl2c3,0,False
Prl2c5,0,False
Prl3a1,0,False
Prl3b1,1,False
Prl3c1,1,False
Prl3d1,1,False
Prl3d2,0,False
Prl3d3,0,False
Prl4a1,0,False
Prl5a1,0,False
Prl6a1,0,False
Prl7a1,0,False
Prl7a2,0,False
Prl7b1,0,False
Prl7c1,1,False
Prl7d1,0,False
Prl8a1,1,False
Prl8a2,0,False
Prl8a6,0,False
Prl8a8,0,False
Prl8a9,0,False
Prlh,0,False
Prlhr,0,False
Prlr,4,True
Prm1,0,False
Prm2,0,False
Prm3,0,False
Prmt1,6,True
Prmt2,6,True
Prmt3,6,True
Prmt5,6,True
Prmt6,6,True
Prmt7,6,True
Prmt8,6,True
Prmt9,6,True
Prn,0,False
Prnd,0,False
Prnp,6,True
Prob1,6,True
Proc,0,False
Proca1,6,True
Procr,0,False
Prodh,6,True
Prodh2,3,True
Prok1,0,False
Prok2,2,False
Prokr1,3,True
Prokr2,2,False
Prol1,1,False
Prom1,6,True
Prom2,3,True
Prop1,0,False
Prorsd1,6,True
Pros1,6,True
Prosc,6,True
Proscos,4,True
Proser1,6,True
Proser2,5,True
Proser3,6,True
Prox1,6,True
Prox1os,6,True
Prox2,6,True
Prox2os,5,True
Proz,5,True
Prp2,0,False
Prpf18,6,True
Prpf19,6,True
Prpf3,6,True
Prpf31,6,True
Prpf38a,6,True
Prpf38b,6,True
Prpf39,6,True
Prpf4,6,True
Prpf40a,6,True
Prpf40b,6,True
Prpf4b,6,True
Prpf6,6,True
Prpf8,6,True
Prph,4,True
Prph2,0,False
Prpmp5,0,False
Prps1,6,True
Prps1l1,0,False
Prps1l3,6,True
Prps2,6,True
Prpsap1,6,True
Prpsap2,6,True
Prr11,5,True
Prr12,6,True
Prr13,6,True
Prr14,6,True
Prr14l,6,True
Prr15,3,True
Prr15l,1,False
Prr16,6,True
Prr18,6,True
Prr19,2,False
Prr22,0,False
Prr23a1,0,False
Prr23a2,1,False
Prr23a3,0,False
Prr27,1,False
Prr29,0,False
Prr3,6,True
Prr30,0,False
Prr32,0,False
Prr33,2,False
Prr36,6,True
Prr5,6,True
Prr5l,6,True
Prr7,3,True
Prr9,0,False
Prrc1,6,True
Prrc2a,6,True
Prrc2b,6,True
Prrc2c,6,True
Prrg1,6,True
Prrg2,6,True
Prrg3,6,True
Prrg4,4,True
Prrt1,6,True
Prrt2,6,True
Prrt3,5,True
Prrt4,4,True
Prrx1,6,True
Prrx2,0,False
Prrxl1,3,True
Prss1,0,False
Prss12,5,True
Prss16,2,False
Prss2,0,False
Prss21,1,False
Prss22,1,False
Prss23,6,True
Prss23os,6,True
Prss27,3,True
Prss28,0,False
Prss29,1,False
Prss3,1,False
Prss30,0,False
Prss32,2,False
Prss33,1,False
Prss34,0,False
Prss35,6,True
Prss36,6,True
Prss37,0,False
Prss38,0,False
Prss39,0,False
Prss40,1,False
Prss41,5,True
Prss42,0,False
Prss43,4,True
Prss44,1,False
Prss45,3,True
Prss46,1,False
Prss47,0,False
Prss48,4,True
Prss50,6,True
Prss51,1,False
Prss52,0,False
Prss53,3,True
Prss54,0,False
Prss55,1,False
Prss56,1,False
Prss57,3,True
Prss58,1,False
Prss8,1,False
Prtg,6,True
Prtn3,1,False
Prune,6,True
Prune2,6,True
Prx,2,False
Psap,6,True
Psapl1,2,False
Psat1,6,True
Psca,2,False
Psd,6,True
Psd2,6,True
Psd3,6,True
Psd4,4,True
Psen1,6,True
Psen2,6,True
Psenen,6,True
Psg-ps1,0,False
Psg16,3,True
Psg17,0,False
Psg18,1,False
Psg19,1,False
Psg20,0,False
Psg21,1,False
Psg22,0,False
Psg23,1,False
Psg25,1,False
Psg26,3,True
Psg27,0,False
Psg28,2,False
Psg29,1,False
Psip1,6,True
Pskh1,6,True
Psma1,6,True
Psma2,6,True
Psma3,6,True
Psma4,6,True
Psma5,6,True
Psma6,6,True
Psma7,6,True
Psma8,1,False
Psmb1,6,True
Psmb10,6,True
Psmb11,5,True
Psmb2,6,True
Psmb3,6,True
Psmb4,6,True
Psmb5,6,True
Psmb5-ps,5,True
Psmb6,6,True
Psmb6-ps,6,True
Psmb6-ps2,6,True
Psmb7,6,True
Psmb7-ps2,6,True
Psmb8,5,True
Psmb9,5,True
Psmc1,6,True
Psmc2,6,True
Psmc3,6,True
Psmc3ip,6,True
Psmc4,6,True
Psmc5,6,True
Psmc6,6,True
Psmd1,6,True
Psmd10,6,True
Psmd11,6,True
Psmd12,6,True
Psmd13,6,True
Psmd14,6,True
Psmd2,6,True
Psmd3,6,True
Psmd4,6,True
Psmd5,6,True
Psmd6,6,True
Psmd7,6,True
Psmd8,6,True
Psmd9,6,True
Psme1,6,True
Psme2,6,True
Psme2b,6,True
Psme3,6,True
Psme4,6,True
Psmf1,6,True
Psmg1,6,True
Psmg2,6,True
Psmg3,6,True
Psmg4,6,True
Psors1c2,1,False
Pspc1,6,True
Psph,6,True
Pspn,2,False
Psrc1,5,True
Pstk,6,True
Pstpip1,5,True
Pstpip2,6,True
Ptafr,5,True
Ptar1,6,True
Ptbp1,6,True
Ptbp2,6,True
Ptbp3,6,True
Ptcd1,6,True
Ptcd2,6,True
Ptcd3,6,True
Ptch1,6,True
Ptch2,5,True
Ptchd1,2,False
Ptchd2,6,True
Ptchd3,0,False
Ptchd4,6,True
Ptcra,4,True
Ptdss1,6,True
Ptdss2,6,True
Pten,6,True
Pter,6,True
Ptf1a,0,False
Ptf1aos,0,False
Ptgdr,0,False
Ptgdr2,1,False
Ptgds,6,True
Ptger1,6,True
Ptger2,2,False
Ptger3,1,False
Ptger4,6,True
Ptges,6,True
Ptges2,6,True
Ptges3,6,True
Ptges3l,6,True
Ptgfr,1,False
Ptgfrn,6,True
Ptgir,2,False
Ptgis,2,False
Ptgr1,6,True
Ptgr2,6,True
Ptgs1,6,True
Ptgs2,4,True
Ptgs2os,1,False
Ptgs2os2,0,False
Pth,0,False
Pth1r,6,True
Pth2,0,False
Pth2r,0,False
Pthlh,0,False
Ptk2,6,True
Ptk2b,6,True
Ptk6,1,False
Ptk7,6,True
Ptma,6,True
Ptma-ps1,0,False
Ptms,6,True
Ptn,6,True
Ptov1,6,True
Ptp4a1,6,True
Ptp4a2,6,True
Ptp4a3,6,True
Ptpdc1,6,True
Ptpmt1,6,True
Ptpn1,6,True
Ptpn11,6,True
Ptpn12,6,True
Ptpn13,6,True
Ptpn14,6,True
Ptpn18,6,True
Ptpn2,6,True
Ptpn20,5,True
Ptpn21,6,True
Ptpn22,3,True
Ptpn23,6,True
Ptpn3,6,True
Ptpn4,6,True
Ptpn5,6,True
Ptpn6,4,True
Ptpn7,0,False
Ptpn9,6,True
Ptpra,6,True
Ptprb,6,True
Ptprc,6,True
Ptprcap,1,False
Ptprd,6,True
Ptpre,6,True
Ptprf,6,True
Ptprg,6,True
Ptprh,2,False
Ptprj,6,True
Ptprk,6,True
Ptprm,6,True
Ptprn,6,True
Ptprn2,6,True
Ptpro,6,True
Ptprq,5,True
Ptprr,6,True
Ptprs,6,True
Ptprt,6,True
Ptprtos,3,True
Ptpru,6,True
Ptprv,1,False
Ptprz1,6,True
Ptrf,6,True
Ptrh1,6,True
Ptrh2,6,True
Ptrhd1,6,True
Pts,6,True
Pttg1,6,True
Pttg1ip,6,True
Ptx3,6,True
Ptx4,0,False
Puf60,6,True
Pum1,6,True
Pum2,6,True
Pum3,6,True
Pura,6,True
Purb,6,True
Purg,6,True
Pus1,6,True
Pus10,6,True
Pus3,2,False
Pus7,6,True
Pus7l,6,True
Pusl1,6,True
Pvalb,5,True
Pvr,6,True
Pvrig-ps,0,False
Pvt1,6,True
Pwp1,6,True
Pwp2,6,True
Pwwp2a,6,True
Pwwp2b,5,True
Pxdc1,6,True
Pxdn,6,True
Pxk,6,True
Pxmp2,6,True
Pxmp4,6,True
Pxn,6,True
Pxt1,0,False
Pxylp1,6,True
Pycard,6,True
Pycr1,6,True
Pycr2,6,True
Pycrl,6,True
Pydc3,5,True
Pydc4,4,True
Pygb,6,True
Pygl,5,True
Pygm,6,True
Pygo1,6,True
Pygo2,6,True
Pyhin1,2,False
Pym1,6,True
Pyroxd1,6,True
Pyroxd2,5,True
Pyurf,6,True
Pyy,1,False
Pzp,1,False
Qars,6,True
Qdpr,6,True
Qk,6,True
Qpct,6,True
Qpctl,6,True
Qprt,5,True
Qrfp,2,False
Qrfpr,3,True
Qrich1,6,True
Qrich2,3,True
Qrsl1,6,True
Qser1,6,True
Qsox1,6,True
Qsox2,6,True
Qtrt1,6,True
Qtrtd1,6,True
R3hcc1,6,True
R3hcc1l,6,True
R3hdm1,6,True
R3hdm2,6,True
R3hdm4,6,True
R3hdml,1,False
R74862,6,True
RP23-101F17.1,0,False
RP23-103C10.4,5,True
RP23-103E11.7,0,False
RP23-103H3.1,1,False
RP23-104C18.1,0,False
RP23-106I21.5,5,True
RP23-106I21.6,1,False
RP23-108H19.3,6,True
RP23-110M15.1,2,False
RP23-112C18.7,0,False
RP23-112D14.1,0,False
RP23-112D14.3,0,False
RP23-112D14.4,1,False
RP23-112I20.5,2,False
RP23-114A6.4,1,False
RP23-114A6.7,0,False
RP23-114F11.1,0,False
RP23-115C10.1,0,False
RP23-115C10.2,0,False
RP23-115C10.3,0,False
RP23-116A10.2,0,False
RP23-116A10.3,4,True
RP23-116E3.2,4,True
RP23-116P5.1,6,True
RP23-116P5.3,0,False
RP23-118B13.1,2,False
RP23-118B13.3,0,False
RP23-118B13.5,0,False
RP23-120M17.1,2,False
RP23-121M22.6,6,True
RP23-122B13.1,0,False
RP23-122P1.12,2,False
RP23-122P15.1,1,False
RP23-123M3.2,2,False
RP23-125P1.2,6,True
RP23-127M7.1,6,True
RP23-129K15.1,3,True
RP23-133J23.2,1,False
RP23-134A7.1,1,False
RP23-135D17.1,0,False
RP23-139E6.1,6,True
RP23-140J10.1,1,False
RP23-143A15.1,0,False
RP23-143B2.1,6,True
RP23-144D10.4,0,False
RP23-144M22.1,3,True
RP23-144N15.3,0,False
RP23-145I16.3,0,False
RP23-145I16.5,1,False
RP23-145J18.1,0,False
RP23-145M5.3,4,True
RP23-146N20.3,6,True
RP23-14E14.4,0,False
RP23-14P17.5,0,False
RP23-152A2.2,0,False
RP23-152A2.3,0,False
RP23-154H18.1,0,False
RP23-154H18.2,0,False
RP23-157I3.5,6,True
RP23-157P17.1,6,True
RP23-15B11.1,0,False
RP23-15B11.3,1,False
RP23-166L22.1,0,False
RP23-166L22.2,1,False
RP23-167I14.1,1,False
RP23-167I14.2,1,False
RP23-169M10.1,0,False
RP23-169M5.2,6,True
RP23-170M20.1,2,False
RP23-170M20.2,0,False
RP23-176M22.7,1,False
RP23-178G8.4,1,False
RP23-179K7.3,6,True
RP23-182C11.3,3,True
RP23-182F18.1,1,False
RP23-183A4.1,3,True
RP23-184M4.4,2,False
RP23-185B22.1,6,True
RP23-185B22.2,1,False
RP23-185B22.3,5,True
RP23-185B22.4,0,False
RP23-187B11.6,4,True
RP23-187B20.1,2,False
RP23-187N1.1,3,True
RP23-187N1.2,0,False
RP23-18M2.4,0,False
RP23-190H11.8,6,True
RP23-193M8.3,0,False
RP23-194H4.3,1,False
RP23-198F6.2,6,True
RP23-202K1.1,2,False
RP23-209O22.1,4,True
RP23-20K21.2,6,True
RP23-211A9.2,0,False
RP23-211B19.3,0,False
RP23-212F18.1,0,False
RP23-212F18.2,4,True
RP23-212F18.3,0,False
RP23-212F18.4,6,True
RP23-212F18.5,4,True
RP23-213K14.2,0,False
RP23-217F11.1,2,False
RP23-217F11.3,1,False
RP23-217F11.4,0,False
RP23-218K15.10,5,True
RP23-218K15.11,0,False
RP23-218K15.5,0,False
RP23-218K15.7,5,True
RP23-220F20.2,4,True
RP23-220F20.4,0,False
RP23-221P20.2,0,False
RP23-226C6.3,4,True
RP23-231A8.1,0,False
RP23-234F23.1,0,False
RP23-235I2.1,6,True
RP23-235I2.2,3,True
RP23-235I2.4,0,False
RP23-235J18.1,3,True
RP23-238C13.1,0,False
RP23-238C13.2,6,True
RP23-238C13.3,4,True
RP23-238J3.1,5,True
RP23-238J3.2,0,False
RP23-239H14.1,2,False
RP23-23D1.1,1,False
RP23-23D1.2,0,False
RP23-243D10.3,3,True
RP23-246L24.1,1,False
RP23-246L24.2,2,False
RP23-248P8.1,1,False
RP23-248P8.2,0,False
RP23-24C14.1,1,False
RP23-251C4.1,6,True
RP23-252I24.3,2,False
RP23-253I14.4,0,False
RP23-261B5.1,5,True
RP23-267F17.1,1,False
RP23-26E18.1,5,True
RP23-273A20.1,0,False
RP23-273N8.1,0,False
RP23-277H6.2,6,True
RP23-278M23.1,0,False
RP23-279O5.2,0,False
RP23-281F13.1,2,False
RP23-283I2.2,0,False
RP23-283I2.3,0,False
RP23-283I2.4,6,True
RP23-284K1.5,6,True
RP23-28A7.6,2,False
RP23-28A7.7,5,True
RP23-28E6.13,0,False
RP23-290O4.2,2,False
RP23-291B1.2,6,True
RP23-292C5.8,2,False
RP23-292K4.1,0,False
RP23-292K4.2,2,False
RP23-292K4.5,6,True
RP23-292P21.2,0,False
RP23-296C23.2,1,False
RP23-296G24.1,0,False
RP23-296G24.3,1,False
RP23-296K6.1,0,False
RP23-297C11.1,1,False
RP23-297C11.2,6,True
RP23-297G13.1,0,False
RP23-298O13.2,0,False
RP23-299K19.6,0,False
RP23-299N4.1,5,True
RP23-300I4.1,0,False
RP23-300I4.2,1,False
RP23-300I4.3,2,False
RP23-301N20.4,0,False
RP23-302F9.5,2,False
RP23-302J17.1,6,True
RP23-302J17.2,0,False
RP23-305G5.1,0,False
RP23-305G5.3,2,False
RP23-306P12.3,1,False
RP23-307E9.2,0,False
RP23-312E2.1,4,True
RP23-313J14.7,0,False
RP23-314A15.3,0,False
RP23-314A15.4,0,False
RP23-316L10.2,6,True
RP23-317B21.2,6,True
RP23-321G17.10,1,False
RP23-321G17.8,0,False
RP23-321G17.9,6,True
RP23-322E23.3,4,True
RP23-322E23.4,6,True
RP23-322E23.5,3,True
RP23-322E23.7,4,True
RP23-323L3.1,0,False
RP23-323L3.3,6,True
RP23-323L3.4,2,False
RP23-323L3.5,2,False
RP23-323L3.7,0,False
RP23-323L3.8,3,True
RP23-324B16.1,4,True
RP23-324B16.2,0,False
RP23-324B16.3,0,False
RP23-324B16.4,6,True
RP23-324B16.5,0,False
RP23-324B16.6,0,False
RP23-324B16.7,6,True
RP23-324L6.1,1,False
RP23-325D10.3,0,False
RP23-327E18.14,0,False
RP23-328F3.4,6,True
RP23-329B24.1,4,True
RP23-32D9.1,0,False
RP23-330A24.1,0,False
RP23-330G24.3,6,True
RP23-330O16.2,2,False
RP23-330O16.3,0,False
RP23-332G19.1,6,True
RP23-334O19.1,0,False
RP23-334O19.2,0,False
RP23-336M16.2,1,False
RP23-336M16.3,6,True
RP23-336P3.1,0,False
RP23-336P3.2,0,False
RP23-338B6.3,0,False
RP23-338P10.4,0,False
RP23-339I14.2,0,False
RP23-339I14.3,1,False
RP23-339P15.1,0,False
RP23-339P15.2,0,False
RP23-341D16.1,0,False
RP23-343D3.3,0,False
RP23-343D3.4,0,False
RP23-344G11.4,6,True
RP23-344G11.5,1,False
RP23-345D18.4,6,True
RP23-345D18.5,0,False
RP23-345G7.1,0,False
RP23-346N11.3,0,False
RP23-346N11.5,0,False
RP23-346N11.6,0,False
RP23-348E10.1,0,False
RP23-348E10.2,0,False
RP23-348E10.3,1,False
RP23-348E18.2,0,False
RP23-348E18.3,0,False
RP23-348E18.4,0,False
RP23-348E18.5,0,False
RP23-348E18.7,0,False
RP23-349N15.2,3,True
RP23-349P4.1,0,False
RP23-34E4.7,0,False
RP23-354L15.1,6,True
RP23-354L18.6,0,False
RP23-354L18.8,6,True
RP23-355I5.2,1,False
RP23-355I5.3,2,False
RP23-355N5.6,1,False
RP23-356C18.1,0,False
RP23-357C16.1,3,True
RP23-359B23.10,0,False
RP23-359B23.11,6,True
RP23-359B23.12,6,True
RP23-359P12.1,0,False
RP23-359P19.1,4,True
RP23-35L23.1,0,False
RP23-35L23.2,6,True
RP23-35L23.3,0,False
RP23-35L23.4,0,False
RP23-35L23.5,6,True
RP23-35L23.6,4,True
RP23-35L23.7,1,False
RP23-35L23.8,1,False
RP23-365O13.3,1,False
RP23-368K14.1,0,False
RP23-369P21.2,4,True
RP23-369P21.3,0,False
RP23-372N15.4,5,True
RP23-373C4.1,6,True
RP23-378E4.1,5,True
RP23-378E4.4,6,True
RP23-380M21.1,3,True
RP23-382M10.3,0,False
RP23-382M10.4,1,False
RP23-383A10.1,0,False
RP23-383A10.2,1,False
RP23-383A10.3,1,False
RP23-383A10.6,2,False
RP23-383A10.7,0,False
RP23-383A10.8,0,False
RP23-383A10.9,3,True
RP23-383P11.8,6,True
RP23-384C18.12,6,True
RP23-385F3.1,0,False
RP23-385F3.2,1,False
RP23-385G14.1,2,False
RP23-386L13.1,1,False
RP23-389K5.5,3,True
RP23-389N20.2,6,True
RP23-391G8.1,0,False
RP23-393E8.4,1,False
RP23-395L6.2,0,False
RP23-397L11.3,2,False
RP23-397L11.5,5,True
RP23-397L11.6,3,True
RP23-398L15.1,1,False
RP23-399A18.10,0,False
RP23-399A18.11,0,False
RP23-399A18.8,0,False
RP23-399A18.9,3,True
RP23-39D21.2,0,False
RP23-39D21.3,1,False
RP23-402A16.3,1,False
RP23-402P22.1,0,False
RP23-410F24.1,1,False
RP23-413D14.5,6,True
RP23-413D14.6,6,True
RP23-413D14.7,0,False
RP23-413F14.3,0,False
RP23-413O13.1,6,True
RP23-414I24.11,2,False
RP23-414P13.3,4,True
RP23-416G20.2,2,False
RP23-416J8.1,1,False
RP23-416P12.3,1,False
RP23-417K5.1,1,False
RP23-417L14.6,0,False
RP23-418L5.3,3,True
RP23-418L5.4,0,False
RP23-419K14.11,6,True
RP23-422L16.28,1,False
RP23-423B21.1,0,False
RP23-423B21.6,5,True
RP23-423E20.2,0,False
RP23-423E20.7,1,False
RP23-425N12.2,5,True
RP23-429G12.1,6,True
RP23-429G12.2,0,False
RP23-42I13.3,1,False
RP23-430L2.2,0,False
RP23-432H1.7,6,True
RP23-432H1.8,0,False
RP23-434H18.1,0,False
RP23-434H18.4,5,True
RP23-434L22.2,6,True
RP23-435J8.1,1,False
RP23-435J8.2,0,False
RP23-436E6.1,0,False
RP23-436E6.2,0,False
RP23-440M14.3,0,False
RP23-441D24.1,3,True
RP23-442K7.4,1,False
RP23-442K7.5,0,False
RP23-442K7.6,6,True
RP23-442K7.7,0,False
RP23-443B19.1,0,False
RP23-44P12.2,0,False
RP23-44P12.3,6,True
RP23-44P12.5,0,False
RP23-44P12.6,0,False
RP23-44P12.7,0,False
RP23-44P12.8,0,False
RP23-451A6.4,5,True
RP23-453G12.2,6,True
RP23-453P1.1,3,True
RP23-453P1.2,0,False
RP23-453P1.3,0,False
RP23-457I3.1,0,False
RP23-457I3.2,6,True
RP23-462D5.5,4,True
RP23-462E18.1,0,False
RP23-464B2.3,1,False
RP23-465J20.1,0,False
RP23-466C10.2,1,False
RP23-466I14.2,1,False
RP23-469O12.6,0,False
RP23-469O12.7,2,False
RP23-469O12.8,0,False
RP23-471H21.1,1,False
RP23-472M3.1,0,False
RP23-472M3.2,0,False
RP23-478B10.1,2,False
RP23-478L20.2,5,True
RP23-479K9.3,0,False
RP23-479K9.4,2,False
RP23-479K9.5,2,False
RP23-479K9.6,1,False
RP23-47G19.2,1,False
RP23-47G19.5,1,False
RP23-47L13.5,0,False
RP23-480D17.3,5,True
RP23-4P23.1,6,True
RP23-50F12.1,1,False
RP23-50L10.1,2,False
RP23-54G8.4,6,True
RP23-56A14.10,0,False
RP23-56A14.11,0,False
RP23-56A14.12,3,True
RP23-56A14.14,2,False
RP23-56A14.7,0,False
RP23-56A14.8,0,False
RP23-56A14.9,0,False
RP23-57D10.2,1,False
RP23-57D10.3,2,False
RP23-58C12.2,0,False
RP23-60O3.1,1,False
RP23-60O3.4,0,False
RP23-60P23.4,6,True
RP23-60P23.6,0,False
RP23-60P23.7,6,True
RP23-60P23.9,5,True
RP23-61O10.1,0,False
RP23-61O11.11,6,True
RP23-61O11.12,6,True
RP23-62N8.4,0,False
RP23-62O7.9,0,False
RP23-63I1.1,0,False
RP23-63I1.2,0,False
RP23-63I1.3,0,False
RP23-63I1.4,0,False
RP23-63I1.5,0,False
RP23-63I1.6,0,False
RP23-63I1.7,1,False
RP23-63O14.2,0,False
RP23-64O4.1,1,False
RP23-64O4.2,0,False
RP23-64O4.3,0,False
RP23-64O4.4,0,False
RP23-65B16.5,0,False
RP23-67F4.3,6,True
RP23-67F4.4,0,False
RP23-68E7.5,0,False
RP23-69L20.2,0,False
RP23-72K19.2,2,False
RP23-74O12.5,0,False
RP23-74O12.6,6,True
RP23-74O12.7,6,True
RP23-74O12.8,0,False
RP23-75I5.1,2,False
RP23-77F18.1,0,False
RP23-78H21.2,0,False
RP23-78K13.3,0,False
RP23-78K13.4,1,False
RP23-79K4.4,2,False
RP23-7L11.8,0,False
RP23-80J7.5,0,False
RP23-81K14.5,0,False
RP23-81K14.6,0,False
RP23-88N2.1,0,False
RP23-89F9.7,0,False
RP23-92D22.3,6,True
RP23-93A22.3,1,False
RP23-93F3.1,0,False
RP23-93F3.2,0,False
RP23-93F3.3,1,False
RP23-93F3.4,0,False
RP23-93F3.6,0,False
RP23-96H18.2,2,False
RP23-96L20.1,6,True
RP23-99B10.4,0,False
RP23-99B10.5,1,False
RP23-99L5.1,0,False
RP23-99L5.2,0,False
RP23-9C19.1,5,True
RP24-100K9.2,0,False
RP24-100K9.4,2,False
RP24-100K9.5,0,False
RP24-101G17.1,0,False
RP24-101G17.2,6,True
RP24-103C10.1,0,False
RP24-104I4.3,5,True
RP24-111G17.11,0,False
RP24-111G17.12,0,False
RP24-111G17.13,0,False
RP24-111G17.14,1,False
RP24-111G17.15,4,True
RP24-112O1.3,0,False
RP24-114P21.1,0,False
RP24-114P21.2,6,True
RP24-116C19.5,5,True
RP24-116G1.1,0,False
RP24-116G1.2,0,False
RP24-116G21.1,0,False
RP24-119F15.1,0,False
RP24-120F8.1,6,True
RP24-121L4.3,1,False
RP24-121L4.5,1,False
RP24-121L4.7,4,True
RP24-125B17.1,4,True
RP24-126J17.3,0,False
RP24-126J17.4,3,True
RP24-126J17.5,4,True
RP24-126M11.1,1,False
RP24-130A20.1,0,False
RP24-133K20.4,0,False
RP24-133K20.5,6,True
RP24-134G9.4,5,True
RP24-134N2.3,0,False
RP24-137O21.1,6,True
RP24-140P18.1,3,True
RP24-140P18.2,3,True
RP24-144M14.4,6,True
RP24-144M14.5,6,True
RP24-147O12.1,0,False
RP24-155I9.1,6,True
RP24-155I9.2,2,False
RP24-155I9.3,0,False
RP24-156K15.1,0,False
RP24-156K15.2,0,False
RP24-156K15.3,0,False
RP24-156K15.4,5,True
RP24-156K15.5,1,False
RP24-156K15.6,0,False
RP24-156M16.2,6,True
RP24-158D10.1,6,True
RP24-160I20.1,6,True
RP24-160I20.2,1,False
RP24-160I20.3,0,False
RP24-160I20.4,0,False
RP24-160I20.5,0,False
RP24-163J22.10,0,False
RP24-163J22.6,1,False
RP24-163J22.7,0,False
RP24-163J22.8,0,False
RP24-163J22.9,0,False
RP24-163K4.1,5,True
RP24-163K4.3,1,False
RP24-163K4.4,1,False
RP24-163M14.1,3,True
RP24-163M14.3,2,False
RP24-167E6.1,0,False
RP24-168F5.2,0,False
RP24-168N14.1,0,False
RP24-168N14.2,1,False
RP24-169O12.1,6,True
RP24-170K5.1,0,False
RP24-180H20.1,0,False
RP24-185N3.1,1,False
RP24-185N3.2,1,False
RP24-185N3.3,0,False
RP24-186O14.1,0,False
RP24-186O14.2,0,False
RP24-186O14.3,0,False
RP24-187F1.2,0,False
RP24-191C23.1,0,False
RP24-191C23.2,0,False
RP24-191C23.3,0,False
RP24-191C23.4,6,True
RP24-191C23.5,1,False
RP24-194N4.6,5,True
RP24-196H4.2,2,False
RP24-198O18.1,3,True
RP24-199K4.3,1,False
RP24-201K16.2,0,False
RP24-202L5.3,0,False
RP24-211L21.1,0,False
RP24-216J7.1,0,False
RP24-216J7.2,0,False
RP24-219I3.2,6,True
RP24-222P6.4,0,False
RP24-225A21.2,0,False
RP24-225A21.3,6,True
RP24-225H21.2,5,True
RP24-226P5.1,0,False
RP24-229D22.1,0,False
RP24-229E19.1,6,True
RP24-229E19.3,0,False
RP24-230C18.3,5,True
RP24-233F22.1,0,False
RP24-235B15.4,3,True
RP24-235B15.7,1,False
RP24-235C16.1,0,False
RP24-235C16.2,0,False
RP24-235C16.5,2,False
RP24-235D23.2,0,False
RP24-235D23.3,0,False
RP24-235D23.4,0,False
RP24-235D23.5,6,True
RP24-235D23.6,0,False
RP24-235D23.7,0,False
RP24-235K6.2,0,False
RP24-235N21.3,6,True
RP24-235N21.4,1,False
RP24-235N21.5,0,False
RP24-240K8.3,6,True
RP24-240K8.7,6,True
RP24-241I4.1,0,False
RP24-241I4.2,0,False
RP24-243J4.5,0,False
RP24-247M18.4,0,False
RP24-247M18.5,5,True
RP24-252B21.3,4,True
RP24-258B3.1,1,False
RP24-258B3.3,5,True
RP24-258B3.4,5,True
RP24-266E2.1,3,True
RP24-266E2.2,1,False
RP24-266E2.3,1,False
RP24-266E2.4,0,False
RP24-267I21.3,6,True
RP24-269A16.7,0,False
RP24-273H15.3,1,False
RP24-273H15.5,0,False
RP24-273H15.6,1,False
RP24-274B19.1,5,True
RP24-274B19.2,2,False
RP24-274F20.4,3,True
RP24-274N3.1,1,False
RP24-278L20.1,6,True
RP24-278L20.2,6,True
RP24-281G1.2,1,False
RP24-281J17.2,0,False
RP24-281J17.3,0,False
RP24-281J17.4,0,False
RP24-285L8.2,6,True
RP24-285L8.3,2,False
RP24-285L8.4,0,False
RP24-286N17.3,2,False
RP24-300H3.1,1,False
RP24-300H3.2,0,False
RP24-301F13.1,0,False
RP24-301F13.2,0,False
RP24-301O17.2,2,False
RP24-303N21.1,0,False
RP24-306C18.10,5,True
RP24-306C18.11,0,False
RP24-306C18.12,0,False
RP24-306C18.9,0,False
RP24-310O9.2,2,False
RP24-313C11.1,0,False
RP24-313C11.3,5,True
RP24-313C11.5,1,False
RP24-314B3.2,1,False
RP24-315L4.1,6,True
RP24-316B1.1,3,True
RP24-319N16.1,0,False
RP24-323I19.1,6,True
RP24-323I19.2,5,True
RP24-325F10.1,0,False
RP24-325F10.4,6,True
RP24-328B20.1,1,False
RP24-328B20.2,2,False
RP24-332C4.1,1,False
RP24-333B11.4,6,True
RP24-333B11.5,2,False
RP24-335D17.3,4,True
RP24-336D11.3,1,False
RP24-336D11.4,0,False
RP24-336D11.5,2,False
RP24-337F7.2,0,False
RP24-337F7.3,2,False
RP24-337F7.4,3,True
RP24-343G19.3,6,True
RP24-345M16.2,0,False
RP24-345M16.3,0,False
RP24-345M16.4,2,False
RP24-345M16.5,0,False
RP24-345M16.6,6,True
RP24-347O5.11,3,True
RP24-347O5.7,0,False
RP24-347O5.8,0,False
RP24-348E18.1,5,True
RP24-348E18.2,0,False
RP24-348E18.3,0,False
RP24-350C10.1,1,False
RP24-351P7.1,0,False
RP24-351P7.2,0,False
RP24-351P7.4,0,False
RP24-351P7.5,6,True
RP24-351P7.6,0,False
RP24-351P7.7,0,False
RP24-351P7.8,0,False
RP24-354I16.2,0,False
RP24-367D19.1,0,False
RP24-367D19.2,0,False
RP24-367D19.3,1,False
RP24-367H14.2,1,False
RP24-367H14.3,1,False
RP24-369J8.1,0,False
RP24-370L8.10,0,False
RP24-370L8.11,1,False
RP24-370L8.12,0,False
RP24-370L8.4,0,False
RP24-370L8.5,0,False
RP24-370L8.6,0,False
RP24-370L8.7,0,False
RP24-370L8.8,0,False
RP24-370L8.9,3,True
RP24-370N20.1,0,False
RP24-371C6.1,6,True
RP24-371E20.1,1,False
RP24-371E20.2,3,True
RP24-371E20.3,0,False
RP24-371E20.4,0,False
RP24-371E20.5,1,False
RP24-371M20.1,3,True
RP24-378B22.2,1,False
RP24-380D10.1,0,False
RP24-380D10.2,0,False
RP24-380D10.3,6,True
RP24-380D10.4,0,False
RP24-383I8.3,0,False
RP24-388A6.3,1,False
RP24-390A22.1,1,False
RP24-391A3.1,1,False
RP24-391G14.9,0,False
RP24-392H7.4,1,False
RP24-396D19.1,0,False
RP24-407N9.2,4,True
RP24-418N13.1,2,False
RP24-423F11.1,6,True
RP24-423F11.2,0,False
RP24-424D1.1,1,False
RP24-424D1.4,3,True
RP24-424D1.5,6,True
RP24-426B21.1,1,False
RP24-434C14.1,0,False
RP24-439K22.1,0,False
RP24-445L16.4,6,True
RP24-447D19.1,0,False
RP24-447D19.2,6,True
RP24-447D19.3,6,True
RP24-447D19.4,6,True
RP24-447D19.5,1,False
RP24-457L7.3,0,False
RP24-459A4.4,6,True
RP24-459A4.6,1,False
RP24-459A4.8,0,False
RP24-462N24.1,0,False
RP24-462N24.2,1,False
RP24-462O14.2,1,False
RP24-464B16.1,6,True
RP24-466N11.9,5,True
RP24-470M22.10,3,True
RP24-473D4.2,0,False
RP24-473D4.3,5,True
RP24-475C24.10,0,False
RP24-475C24.11,0,False
RP24-475C24.12,0,False
RP24-475C24.9,0,False
RP24-484I6.1,0,False
RP24-486I4.2,1,False
RP24-486I4.3,0,False
RP24-487D5.4,0,False
RP24-487D5.5,0,False
RP24-491F15.1,0,False
RP24-492N18.5,1,False
RP24-497H18.1,0,False
RP24-497H18.3,0,False
RP24-501J23.3,3,True
RP24-502D8.2,0,False
RP24-502D8.3,0,False
RP24-502E20.3,6,True
RP24-502E20.4,4,True
RP24-502E20.5,4,True
RP24-502E20.6,1,False
RP24-502J3.1,2,False
RP24-531B24.1,0,False
RP24-531D19.1,5,True
RP24-531I15.1,0,False
RP24-531I15.2,0,False
RP24-531I15.3,0,False
RP24-531I15.4,0,False
RP24-532A16.2,0,False
RP24-532L16.1,0,False
RP24-539K4.1,0,False
RP24-545I11.1,6,True
RP24-547H18.2,0,False
RP24-548A13.3,5,True
RP24-548A13.4,0,False
RP24-548A13.5,0,False
RP24-548F24.1,0,False
RP24-553L18.1,2,False
RP24-553L18.2,5,True
RP24-556B7.6,0,False
RP24-560O24.1,1,False
RP24-560O24.2,0,False
RP24-562E3.3,2,False
RP24-571A14.6,4,True
RP24-63G4.14,0,False
RP24-68L14.11,1,False
RP24-69E5.2,6,True
RP24-76P12.1,6,True
RP24-77E13.10,6,True
RP24-77E13.11,0,False
RP24-77E13.12,0,False
RP24-77E13.4,6,True
RP24-78F23.1,6,True
RP24-82M4.2,2,False
RP24-83E15.3,5,True
RP24-83E15.4,5,True
RP24-84J11.1,0,False
RP24-84J11.2,0,False
RP24-90N20.1,2,False
RP24-91C7.1,0,False
RP24-92F8.4,1,False
RP24-95N3.1,6,True
RP24-95N3.2,5,True
RP24-95N3.3,4,True
RP24-95N3.4,5,True
RP24-96C7.1,0,False
RP24-96C7.2,0,False
RP24-96C7.3,0,False
RP24-96C7.4,0,False
RP24-96C7.6,0,False
RP24-96C7.7,0,False
RP24-96C7.9,6,True
RP24-96N12.2,0,False
RP24-96N12.3,0,False
RP24-96N12.4,0,False
Rab10,6,True
Rab10os,6,True
Rab11a,6,True
Rab11b,6,True
Rab11b-ps2,6,True
Rab11fip1,1,False
Rab11fip2,6,True
Rab11fip3,6,True
Rab11fip4,6,True
Rab11fip4os1,1,False
Rab11fip4os2,2,False
Rab11fip5,6,True
Rab12,6,True
Rab13,6,True
Rab14,6,True
Rab15,6,True
Rab17,0,False
Rab18,6,True
Rab19,3,True
Rab1a,6,True
Rab1b,6,True
Rab20,6,True
Rab21,6,True
Rab22a,6,True
Rab23,6,True
Rab24,6,True
Rab25,0,False
Rab26,6,True
Rab26os,6,True
Rab27a,5,True
Rab27b,6,True
Rab28,6,True
Rab29,6,True
Rab2a,6,True
Rab2b,6,True
Rab30,6,True
Rab31,6,True
Rab32,6,True
Rab33a,6,True
Rab33b,6,True
Rab34,6,True
Rab35,6,True
Rab36,6,True
Rab37,3,True
Rab38,1,False
Rab39,5,True
Rab39b,6,True
Rab3a,6,True
Rab3b,6,True
Rab3c,6,True
Rab3d,5,True
Rab3gap1,6,True
Rab3gap2,6,True
Rab3il1,6,True
Rab3ip,6,True
Rab40b,6,True
Rab40c,6,True
Rab42,5,True
Rab43,4,True
Rab44,1,False
Rab4a,6,True
Rab4b,6,True
Rab5a,6,True
Rab5a-ps,6,True
Rab5b,6,True
Rab5c,6,True
Rab6a,6,True
Rab6b,6,True
Rab7,6,True
Rab7b,6,True
Rab8a,6,True
Rab8b,6,True
Rab9,6,True
Rab9b,6,True
Rab9b-ps1,6,True
Rabac1,6,True
Rabep1,6,True
Rabep2,6,True
Rabepk,6,True
Rabgap1,6,True
Rabgap1l,6,True
Rabgef1,6,True
Rabggta,6,True
Rabggtb,6,True
Rabif,6,True
Rabl2,6,True
Rabl3,5,True
Rabl6,6,True
Rac1,6,True
Rac2,5,True
Rac3,6,True
Racgap1,6,True
Rack1,6,True
Rad1,6,True
Rad17,6,True
Rad18,6,True
Rad21,6,True
Rad21l,0,False
Rad23a,6,True
Rad23b,6,True
Rad50,6,True
Rad51,6,True
Rad51ap1,6,True
Rad51ap2,2,False
Rad51b,4,True
Rad51c,6,True
Rad51d,6,True
Rad52,6,True
Rad54b,6,True
Rad54l,6,True
Rad54l2,6,True
Rad9a,6,True
Rad9b,6,True
Radil,6,True
Rae1,6,True
Raet1d,2,False
Raet1e,3,True
Raf1,6,True
Rag1,3,True
Rag2,1,False
Rai1,6,True
Rai14,6,True
Rai2,6,True
Rala,6,True
Ralb,6,True
Ralbp1,6,True
Ralgapa1,6,True
Ralgapa2,6,True
Ralgapb,6,True
Ralgds,6,True
Ralgps1,6,True
Ralgps2,6,True
Raly,6,True
Ralyl,6,True
Ramp1,6,True
Ramp2,6,True
Ramp3,2,False
Ran,6,True
Ranbp1,6,True
Ranbp10,6,True
Ranbp17,6,True
Ranbp2,6,True
Ranbp2-ps1,1,False
Ranbp2-ps10,0,False
Ranbp2-ps11,0,False
Ranbp2-ps12,0,False
Ranbp2-ps2,0,False
Ranbp2-ps3,0,False
Ranbp2-ps4,0,False
Ranbp2-ps5,0,False
Ranbp2-ps6,0,False
Ranbp2-ps7,0,False
Ranbp2-ps8,0,False
Ranbp2-ps9,0,False
Ranbp3,6,True
Ranbp3l,6,True
Ranbp6,6,True
Ranbp9,6,True
Rangap1,6,True
Rangrf,0,False
Rap1a,6,True
Rap1a-ps2,2,False
Rap1b,6,True
Rap1gap,6,True
Rap1gap2,6,True
Rap1gapos,1,False
Rap1gds1,6,True
Rap2a,6,True
Rap2b,6,True
Rap2c,6,True
Rapgef1,6,True
Rapgef2,6,True
Rapgef3,6,True
Rapgef3os1,1,False
Rapgef3os2,5,True
Rapgef4,6,True
Rapgef4os1,4,True
Rapgef4os2,3,True
Rapgef4os3,0,False
Rapgef5,6,True
Rapgef6,6,True
Rapgefl1,6,True
Raph1,6,True
Rapsn,2,False
Rara,6,True
Rarb,6,True
Rarg,6,True
Rarres1,6,True
Rarres2,6,True
Rars,6,True
Rars2,6,True
Rasa1,6,True
Rasa2,6,True
Rasa3,6,True
Rasa4,6,True
Rasal1,3,True
Rasal2,6,True
Rasal3,3,True
Rasd1,6,True
Rasd2,6,True
Rasef,1,False
Rasgef1a,6,True
Rasgef1b,6,True
Rasgef1c,1,False
Rasgrf1,6,True
Rasgrf2,6,True
Rasgrp1,6,True
Rasgrp2,6,True
Rasgrp3,5,True
Rasgrp4,6,True
Rasip1,5,True
Rasl10a,6,True
Rasl10b,6,True
Rasl11a,6,True
Rasl11b,6,True
Rasl12,6,True
Rasl2-9,6,True
Rassf1,6,True
Rassf10,6,True
Rassf2,6,True
Rassf3,2,False
Rassf4,6,True
Rassf5,6,True
Rassf6,2,False
Rassf7,4,True
Rassf8,6,True
Rassf9,2,False
Raver1,6,True
Raver2,6,True
Rax,2,False
Raxos1,1,False
Rb1,6,True
Rb1cc1,6,True
Rbak,6,True
Rbakdn,0,False
Rbbp4,6,True
Rbbp5,6,True
Rbbp6,6,True
Rbbp7,6,True
Rbbp8,6,True
Rbbp8nl,1,False
Rbbp9,6,True
Rbck1,6,True
Rbfa,6,True
Rbfox1,6,True
Rbfox2,6,True
Rbfox3,6,True
Rbks,6,True
Rbl1,6,True
Rbl2,6,True
Rbm10,6,True
Rbm11,6,True
Rbm12,6,True
Rbm12b1,6,True
Rbm12b2,6,True
Rbm14,6,True
Rbm15,6,True
Rbm15b,6,True
Rbm17,6,True
Rbm18,6,True
Rbm19,6,True
Rbm20,6,True
Rbm22,6,True
Rbm24,6,True
Rbm25,6,True
Rbm26,6,True
Rbm27,6,True
Rbm28,6,True
Rbm3,6,True
Rbm31y,0,False
Rbm33,6,True
Rbm34,6,True
Rbm38,6,True
Rbm39,6,True
Rbm3os,5,True
Rbm4,6,True
Rbm41,6,True
Rbm42,6,True
Rbm43,6,True
Rbm44,2,False
Rbm45,6,True
Rbm46,6,True
Rbm46os,1,False
Rbm47,5,True
Rbm48,6,True
Rbm4b,6,True
Rbm5,6,True
Rbm6,6,True
Rbm6-ps1,6,True
Rbm6-ps2,6,True
Rbm7,6,True
Rbm8a,6,True
Rbm8a2,6,True
Rbms1,6,True
Rbms2,6,True
Rbms3,6,True
Rbmx,6,True
Rbmx2,6,True
Rbmx2-ps,6,True
Rbmxl1,6,True
Rbmxl2,0,False
Rbmy,0,False
Rbp1,5,True
Rbp2,0,False
Rbp3,0,False
Rbp4,6,True
Rbp7,0,False
Rbpj,6,True
Rbpjl,6,True
Rbpms,3,True
Rbpms2,6,True
Rbpsuh-ps1,1,False
Rbpsuh-rs3,6,True
Rbsn,6,True
Rbx1,6,True
Rc3h1,6,True
Rc3h2,6,True
Rcan1,6,True
Rcan2,6,True
Rcan3,6,True
Rcbtb1,6,True
Rcbtb2,6,True
Rcc1,6,True
Rcc2,6,True
Rccd1,6,True
Rce1,6,True
Rchy1,6,True
Rcl1,6,True
Rcn1,6,True
Rcn2,6,True
Rcn3,6,True
Rcor1,6,True
Rcor2,6,True
Rcor3,6,True
Rcsd1,6,True
Rcvrn,0,False
Rd3,0,False
Rd3l,0,False
Rdh1,1,False
Rdh10,6,True
Rdh11,6,True
Rdh12,5,True
Rdh13,6,True
Rdh14,6,True
Rdh16,2,False
Rdh18-ps,0,False
Rdh19,2,False
Rdh5,6,True
Rdh7,1,False
Rdh8,0,False
Rdh9,0,False
Rdm1,6,True
Rdx,6,True
Rec114,2,False
Rec8,1,False
Reck,6,True
Recql,6,True
Recql4,4,True
Recql5,6,True
Recql5os1,4,True
Redrum,0,False
Reep1,6,True
Reep2,6,True
Reep3,6,True
Reep4,6,True
Reep5,6,True
Reep6,6,True
Reg1,1,False
Reg2,0,False
Reg3a,2,False
Reg3b,1,False
Reg3d,0,False
Reg3g,1,False
Reg4,1,False
Rel,5,True
Rela,6,True
Relb,6,True
Rell1,6,True
Rell2,2,False
Reln,6,True
Relt,6,True
Rem1,1,False
Rem2,4,True
Ren1,1,False
Renbp,6,True
Rep15,6,True
Repin1,6,True
Reps1,6,True
Reps2,6,True
Rer1,6,True
Rere,6,True
Rerg,6,True
Rergl,1,False
Resp18,5,True
Rest,6,True
Ret,1,False
Retn,0,False
Retnla,0,False
Retnlb,1,False
Retnlg,1,False
Retsat,6,True
Rev1,6,True
Rev3l,6,True
Rex2,5,True
Rexo1,6,True
Rexo2,6,True
Rexo4,6,True
Rfc1,6,True
Rfc2,6,True
Rfc3,6,True
Rfc4,6,True
Rfc5,6,True
Rfesd,6,True
Rffl,6,True
Rfk,6,True
Rfng,6,True
Rfpl4,0,False
Rfpl4b,0,False
Rft1,6,True
Rftn1,6,True
Rftn2,6,True
Rfwd2,6,True
Rfwd3,6,True
Rfx1,5,True
Rfx2,6,True
Rfx3,6,True
Rfx4,6,True
Rfx5,6,True
Rfx6,1,False
Rfx7,6,True
Rfx8,5,True
Rfxank,6,True
Rfxap,6,True
Rgag1,4,True
Rgag4,6,True
Rgcc,6,True
Rgl1,6,True
Rgl2,6,True
Rgl3,6,True
Rgma,6,True
Rgmb,6,True
Rgn,1,False
Rgp1,6,True
Rgr,3,True
Rgs1,5,True
Rgs10,5,True
Rgs11,6,True
Rgs12,6,True
Rgs13,1,False
Rgs14,5,True
Rgs16,6,True
Rgs17,6,True
Rgs18,4,True
Rgs19,6,True
Rgs2,6,True
Rgs20,6,True
Rgs21,1,False
Rgs22,4,True
Rgs3,6,True
Rgs4,6,True
Rgs5,6,True
Rgs6,6,True
Rgs7,6,True
Rgs7bp,6,True
Rgs8,5,True
Rgs9,6,True
Rgs9bp,1,False
Rgsl1,1,False
Rhag,2,False
Rhbdd1,6,True
Rhbdd2,6,True
Rhbdd3,6,True
Rhbdf1,6,True
Rhbdf2,3,True
Rhbdl1,5,True
Rhbdl2,6,True
Rhbdl3,6,True
Rhbg,1,False
Rhcg,6,True
Rhd,3,True
Rheb,6,True
Rhebl1,6,True
Rhno1,6,True
Rho,3,True
Rhoa,6,True
Rhoay-ps1,2,False
Rhoay-ps2,3,True
Rhoay-ps3,0,False
Rhob,6,True
Rhobtb1,4,True
Rhobtb2,6,True
Rhobtb3,6,True
Rhoc,6,True
Rhod,1,False
Rhof,6,True
Rhog,6,True
Rhoh,4,True
Rhoj,6,True
Rhoq,6,True
Rhot1,6,True
Rhot2,6,True
Rhou,6,True
Rhov,3,True
Rhox1,0,False
Rhox10,0,False
Rhox11,0,False
Rhox11-ps1,0,False
Rhox11-ps2,0,False
Rhox11-ps3,0,False
Rhox12,2,False
Rhox13,0,False
Rhox2-ps,0,False
Rhox2a,1,False
Rhox2b,0,False
Rhox2c,0,False
Rhox2d,0,False
Rhox2e,0,False
Rhox2f,0,False
Rhox2g,0,False
Rhox2h,1,False
Rhox3a,0,False
Rhox3a2,1,False
Rhox3b-ps,0,False
Rhox3c,0,False
Rhox3d-ps,0,False
Rhox3e,1,False
Rhox3f,0,False
Rhox3g,0,False
Rhox3h,0,False
Rhox4a,1,False
Rhox4a2,0,False
Rhox4b,0,False
Rhox4c,0,False
Rhox4d,0,False
Rhox4e,0,False
Rhox4f,0,False
Rhox4g,0,False
Rhox5,0,False
Rhox6,0,False
Rhox7-ps1,1,False
Rhox7-ps2,0,False
Rhox7a,2,False
Rhox7b,3,True
Rhox8,0,False
Rhox9,0,False
Rhpn1,6,True
Rhpn2,6,True
Rian,6,True
Ribc1,3,True
Ribc2,5,True
Ric1,6,True
Ric3,6,True
Ric8a,6,True
Ric8b,6,True
Rictor,6,True
Rida,6,True
Rif1,6,True
Riiad1,6,True
Rilp,5,True
Rilpl1,6,True
Rilpl2,6,True
Rimbp2,6,True
Rimbp3,3,True
Rimkla,6,True
Rimklb,6,True
Rims1,6,True
Rims2,6,True
Rims3,6,True
Rims4,4,True
Rin1,6,True
Rin2,6,True
Rin3,2,False
Ring1,6,True
Rinl,5,True
Rint1,6,True
Riok1,6,True
Riok3,6,True
Ripk1,6,True
Ripk2,6,True
Ripk3,2,False
Ripk4,2,False
Ripply1,0,False
Ripply2,6,True
Ripply3,0,False
Rit1,6,True
Rit2,6,True
Rita1,6,True
Rlbp1,6,True
Rlf,6,True
Rlim,6,True
Rln1,4,True
Rln3,0,False
Rltpr,4,True
Rmdn1,6,True
Rmdn2,6,True
Rmdn3,6,True
Rmi1,6,True
Rmi2,5,True
Rmnd1,6,True
Rmnd5a,6,True
Rmnd5b,6,True
Rmrp,0,False
Rmst,6,True
Rn18s-rs5,6,True
Rn5s,0,False
Rn7s1,6,True
Rn7s2,6,True
Rn7s6,6,True
Rn7sk,6,True
Rnase1,6,True
Rnase10,6,True
Rnase11,0,False
Rnase12,0,False
Rnase13,2,False
Rnase2a,0,False
Rnase2b,1,False
Rnase4,6,True
Rnase6,2,False
Rnase9,1,False
Rnaseh1,6,True
Rnaseh2a,6,True
Rnaseh2b,6,True
Rnaseh2c,6,True
Rnasek,6,True
Rnasel,5,True
Rnaset2a,6,True
Rnaset2b,6,True
Rncr4,0,False
Rnd1,5,True
Rnd2,6,True
Rnd3,6,True
Rnf10,6,True
Rnf103,6,True
Rnf11,6,True
Rnf111,6,True
Rnf112,6,True
Rnf113a1,6,True
Rnf113a2,6,True
Rnf114,6,True
Rnf115,6,True
Rnf121,6,True
Rnf122,6,True
Rnf123,6,True
Rnf125,5,True
Rnf126,6,True
Rnf128,6,True
Rnf13,6,True
Rnf130,6,True
Rnf133,2,False
Rnf135,6,True
Rnf138,6,True
Rnf138rt1,6,True
Rnf139,6,True
Rnf14,6,True
Rnf141,6,True
Rnf144a,6,True
Rnf144b,6,True
Rnf145,6,True
Rnf146,6,True
Rnf148,0,False
Rnf149,6,True
Rnf150,6,True
Rnf151,0,False
Rnf152,6,True
Rnf157,6,True
Rnf165,6,True
Rnf166,6,True
Rnf167,6,True
Rnf168,6,True
Rnf169,6,True
Rnf17,4,True
Rnf170,6,True
Rnf170-ps,5,True
Rnf180,6,True
Rnf181,6,True
Rnf182,6,True
Rnf183,0,False
Rnf185,6,True
Rnf186,1,False
Rnf187,6,True
Rnf19a,6,True
Rnf19b,6,True
Rnf2,6,True
Rnf20,6,True
Rnf207,4,True
Rnf208,6,True
Rnf212,1,False
Rnf213,6,True
Rnf214,6,True
Rnf215,6,True
Rnf216,6,True
Rnf217,6,True
Rnf219,6,True
Rnf220,6,True
Rnf222,1,False
Rnf223,1,False
Rnf224,0,False
Rnf225,2,False
Rnf24,6,True
Rnf25,6,True
Rnf26,6,True
Rnf31,6,True
Rnf32,6,True
Rnf34,6,True
Rnf38,6,True
Rnf39,4,True
Rnf4,6,True
Rnf40,6,True
Rnf41,6,True
Rnf43,6,True
Rnf44,6,True
Rnf5,6,True
Rnf6,6,True
Rnf7,6,True
Rnf8,6,True
Rnft1,6,True
Rnft2,6,True
Rngtt,6,True
Rnh1,6,True
Rnls,6,True
Rnmt,6,True
Rnmtl1,6,True
Rnpc3,6,True
Rnpep,6,True
Rnpepl1,6,True
Rnps1,6,True
Rnu11,0,False
Rnu12,4,True
Rnu1a1,0,False
Rnu1b1,0,False
Rnu1b2,0,False
Rnu1b6,0,False
Rnu2-10,4,True
Rnu3a,2,False
Rnu3b1,6,True
Rnu3b2,6,True
Rnu3b3,6,True
Rnu3b4,5,True
Rnu5g,0,False
Rnu6,1,False
Rnu6-ps2,0,False
Rnu7,0,False
Rnu73b,0,False
Rny1,6,True
Rny3,6,True
Robo1,6,True
Robo2,6,True
Robo3,5,True
Robo4,2,False
Rock1,6,True
Rock2,6,True
Rogdi,6,True
Rom1,6,True
Romo1,6,True
Ropn1,0,False
Ropn1l,6,True
Ror1,4,True
Ror2,3,True
Rora,6,True
Rorb,6,True
Rorc,6,True
Ros1,1,False
Rp1,3,True
Rp1l1,1,False
Rp2,6,True
Rp31-ps19,1,False
Rp9,6,True
Rpa1,6,True
Rpa2,6,True
Rpa3,6,True
Rpain,6,True
Rpap1,6,True
Rpap2,6,True
Rpap3,6,True
Rpap3-ps1,1,False
Rpap3-ps2,1,False
Rpe,6,True
Rpe65,3,True
Rpf1,6,True
Rpf2,6,True
Rpgr,6,True
Rpgrip1,6,True
Rpgrip1l,6,True
Rph3a,6,True
Rph3al,4,True
Rpia,4,True
Rpl10,6,True
Rpl10-ps1,6,True
Rpl10-ps2,6,True
Rpl10-ps3,6,True
Rpl10-ps4,0,False
Rpl10-ps6,6,True
Rpl10a,6,True
Rpl10a-ps1,6,True
Rpl10a-ps2,6,True
Rpl10l,0,False
Rpl11,6,True
Rpl12,6,True
Rpl12-ps1,6,True
Rpl12-ps2,1,False
Rpl13,6,True
Rpl13-ps1,6,True
Rpl13-ps3,6,True
Rpl13-ps4,0,False
Rpl13-ps5,0,False
Rpl13-ps6,6,True
Rpl13a,6,True
Rpl13a-ps1,6,True
Rpl14,6,True
Rpl14-ps1,6,True
Rpl15,6,True
Rpl15-ps1,6,True
Rpl15-ps2,6,True
Rpl15-ps3,6,True
Rpl15-ps4,0,False
Rpl15-ps5,6,True
Rpl17,6,True
Rpl17-ps1,4,True
Rpl17-ps10,6,True
Rpl17-ps11,0,False
Rpl17-ps4,6,True
Rpl17-ps5,6,True
Rpl17-ps8,6,True
Rpl17-ps9,6,True
Rpl18,6,True
Rpl18-ps1,6,True
Rpl18-ps2,6,True
Rpl18a,6,True
Rpl18a-ps1,6,True
Rpl18a-ps2,0,False
Rpl18a-ps3,0,False
Rpl18a-ps4,0,False
Rpl19,6,True
Rpl19-ps1,6,True
Rpl19-ps10,6,True
Rpl19-ps11,6,True
Rpl19-ps12,6,True
Rpl19-ps4,4,True
Rpl19-ps9,6,True
Rpl21,6,True
Rpl21-ps1,6,True
Rpl21-ps10,6,True
Rpl21-ps11,6,True
Rpl21-ps12,6,True
Rpl21-ps13,6,True
Rpl21-ps14,6,True
Rpl21-ps15,6,True
Rpl21-ps3,6,True
Rpl21-ps4,6,True
Rpl21-ps5,5,True
Rpl21-ps6,6,True
Rpl21-ps7,6,True
Rpl21-ps8,6,True
Rpl21-ps9,1,False
Rpl22,6,True
Rpl22-ps1,6,True
Rpl22l1,6,True
Rpl23,6,True
Rpl23a,6,True
Rpl23a-ps1,6,True
Rpl23a-ps10,0,False
Rpl23a-ps11,0,False
Rpl23a-ps12,0,False
Rpl23a-ps13,1,False
Rpl23a-ps14,6,True
Rpl23a-ps2,5,True
Rpl23a-ps3,6,True
Rpl23a-ps4,0,False
Rpl23a-ps5,5,True
Rpl23a-ps6,1,False
Rpl23a-ps7,0,False
Rpl23a-ps8,0,False
Rpl23a-ps9,0,False
Rpl24,6,True
Rpl26,6,True
Rpl26-ps2,6,True
Rpl26-ps3,2,False
Rpl26-ps4,6,True
Rpl26-ps5,0,False
Rpl27,6,True
Rpl27-ps1,6,True
Rpl27-ps2,6,True
Rpl27-ps3,6,True
Rpl27a,6,True
Rpl27a-ps1,6,True
Rpl27a-ps2,2,False
Rpl28,6,True
Rpl28-ps1,6,True
Rpl28-ps2,0,False
Rpl28-ps3,6,True
Rpl28-ps4,0,False
Rpl29,6,True
Rpl29-ps1,0,False
Rpl29-ps2,6,True
Rpl29-ps5,6,True
Rpl3,6,True
Rpl3-ps1,6,True
Rpl3-ps2,6,True
Rpl30,6,True
Rpl30-ps1,6,True
Rpl30-ps10,6,True
Rpl30-ps11,6,True
Rpl30-ps2,1,False
Rpl30-ps3,6,True
Rpl30-ps5,1,False
Rpl30-ps6,0,False
Rpl30-ps8,6,True
Rpl30-ps9,6,True
Rpl31,6,True
Rpl31-ps1,6,True
Rpl31-ps10,6,True
Rpl31-ps11,6,True
Rpl31-ps12,6,True
Rpl31-ps13,6,True
Rpl31-ps14,6,True
Rpl31-ps15,6,True
Rpl31-ps16,6,True
Rpl31-ps17,6,True
Rpl31-ps18,6,True
Rpl31-ps20,6,True
Rpl31-ps21,5,True
Rpl31-ps22,0,False
Rpl31-ps23,0,False
Rpl31-ps24,0,False
Rpl31-ps25,0,False
Rpl31-ps4,6,True
Rpl31-ps5,0,False
Rpl31-ps6,1,False
Rpl31-ps7,6,True
Rpl31-ps8,6,True
Rpl31-ps9,6,True
Rpl32,6,True
Rpl32-ps,6,True
Rpl34,6,True
Rpl34-ps1,6,True
Rpl34-ps2,6,True
Rpl35,6,True
Rpl35-ps1,0,False
Rpl35a,6,True
Rpl35a-ps2,6,True
Rpl35a-ps3,6,True
Rpl35a-ps4,6,True
Rpl35a-ps5,6,True
Rpl35a-ps6,6,True
Rpl35a-ps7,6,True
Rpl36,6,True
Rpl36-ps1,0,False
Rpl36-ps10,6,True
Rpl36-ps2,6,True
Rpl36-ps3,6,True
Rpl36-ps4,0,False
Rpl36-ps7,0,False
Rpl36-ps8,0,False
Rpl36-ps9,6,True
Rpl36a,6,True
Rpl36a-ps1,6,True
Rpl36a-ps2,6,True
Rpl36a-ps3,6,True
Rpl36a-ps4,1,False
Rpl36al,6,True
Rpl37,6,True
Rpl37a,6,True
Rpl37rt,6,True
Rpl38,6,True
Rpl38-ps1,6,True
Rpl38-ps2,6,True
Rpl39,6,True
Rpl39-ps,6,True
Rpl39l,0,False
Rpl3l,4,True
Rpl4,6,True
Rpl41,6,True
Rpl48-ps1,6,True
Rpl5,6,True
Rpl5-ps1,6,True
Rpl5-ps2,6,True
Rpl6,6,True
Rpl6l,6,True
Rpl7,6,True
Rpl7-ps7,6,True
Rpl7a,6,True
Rpl7a-ps10,6,True
Rpl7a-ps11,6,True
Rpl7a-ps12,1,False
Rpl7a-ps13,0,False
Rpl7a-ps14,6,True
Rpl7a-ps2,0,False
Rpl7a-ps3,6,True
Rpl7a-ps5,6,True
Rpl7a-ps7,6,True
Rpl7a-ps8,6,True
Rpl7a-ps9,0,False
Rpl7l1,6,True
Rpl7l1-ps1,6,True
Rpl8,6,True
Rpl9,6,True
Rpl9-ps1,0,False
Rpl9-ps2,0,False
Rpl9-ps3,2,False
Rpl9-ps4,6,True
Rpl9-ps5,0,False
Rpl9-ps6,6,True
Rpl9-ps7,6,True
Rpl9-ps8,3,True
Rpl9-ps9,0,False
Rplp0,6,True
Rplp0-ps1,6,True
Rplp1,6,True
Rplp1-ps1,6,True
Rplp2,6,True
Rpn1,6,True
Rpn2,6,True
Rpp14,6,True
Rpp21,6,True
Rpp25,5,True
Rpp25l,6,True
Rpp30,6,True
Rpp38,6,True
Rpp40,6,True
Rpph1,6,True
Rprd1a,6,True
Rprd1b,6,True
Rprd2,6,True
Rprl1,0,False
Rprl2,0,False
Rprl3,0,False
Rprm,6,True
Rprml,6,True
Rps10,6,True
Rps10-ps1,6,True
Rps10-ps2,6,True
Rps10-ps3,0,False
Rps10-ps4,0,False
Rps11,6,True
Rps11-ps1,6,True
Rps11-ps2,6,True
Rps11-ps3,6,True
Rps11-ps4,6,True
Rps11-ps5,6,True
Rps12,6,True
Rps12-ps1,6,True
Rps12-ps10,6,True
Rps12-ps11,6,True
Rps12-ps12,6,True
Rps12-ps13,6,True
Rps12-ps14,6,True
Rps12-ps15,6,True
Rps12-ps16,6,True
Rps12-ps17,6,True
Rps12-ps18,6,True
Rps12-ps19,6,True
Rps12-ps20,1,False
Rps12-ps21,1,False
Rps12-ps22,1,False
Rps12-ps23,1,False
Rps12-ps24,6,True
Rps12-ps26,0,False
Rps12-ps3,6,True
Rps12-ps4,6,True
Rps12-ps5,6,True
Rps12-ps6,6,True
Rps12-ps7,0,False
Rps12-ps9,6,True
Rps12l1,0,False
Rps13,6,True
Rps13-ps1,6,True
Rps13-ps2,6,True
Rps13-ps4,6,True
Rps13-ps5,6,True
Rps13-ps6,0,False
Rps13-ps7,0,False
Rps13-ps8,0,False
Rps14,6,True
Rps15,6,True
Rps15-ps2,6,True
Rps15a,6,True
Rps15a-ps1,1,False
Rps15a-ps2,6,True
Rps15a-ps3,6,True
Rps15a-ps4,6,True
Rps15a-ps5,6,True
Rps15a-ps6,6,True
Rps15a-ps7,6,True
Rps15a-ps8,6,True
Rps16,6,True
Rps16-ps2,6,True
Rps16-ps3,0,False
Rps17,6,True
Rps18,6,True
Rps18-ps1,6,True
Rps18-ps2,0,False
Rps18-ps3,6,True
Rps19,6,True
Rps19-ps1,6,True
Rps19-ps10,6,True
Rps19-ps11,5,True
Rps19-ps12,6,True
Rps19-ps13,6,True
Rps19-ps14,0,False
Rps19-ps2,6,True
Rps19-ps3,6,True
Rps19-ps4,6,True
Rps19-ps5,6,True
Rps19-ps6,6,True
Rps19-ps7,6,True
Rps19-ps8,6,True
Rps19-ps9,0,False
Rps19bp1,6,True
Rps2,6,True
Rps2-ps10,6,True
Rps2-ps11,6,True
Rps2-ps13,6,True
Rps2-ps2,6,True
Rps2-ps4,6,True
Rps2-ps5,6,True
Rps2-ps6,6,True
Rps2-ps9,6,True
Rps20,6,True
Rps21,6,True
Rps23,6,True
Rps23-ps1,6,True
Rps23-ps2,6,True
Rps24,6,True
Rps24-ps2,6,True
Rps24-ps3,6,True
Rps25,6,True
Rps25-ps1,6,True
Rps26,6,True
Rps26-ps1,6,True
Rps27,6,True
Rps27-ps1,6,True
Rps27a,6,True
Rps27a-ps1,6,True
Rps27a-ps2,6,True
Rps27l,6,True
Rps27rt,6,True
Rps28,6,True
Rps29,6,True
Rps29-ps,0,False
Rps3,6,True
Rps3a1,6,True
Rps3a2,6,True
Rps3a3,6,True
Rps4l,6,True
Rps4l-ps,6,True
Rps4x,6,True
Rps4x-ps,6,True
Rps5,6,True
Rps6,6,True
Rps6-ps1,6,True
Rps6-ps2,6,True
Rps6-ps3,6,True
Rps6-ps4,6,True
Rps6ka1,6,True
Rps6ka2,6,True
Rps6ka3,6,True
Rps6ka4,6,True
Rps6ka5,6,True
Rps6ka6,6,True
Rps6kb1,6,True
Rps6kb2,6,True
Rps6kc1,6,True
Rps6kl1,6,True
Rps7,6,True
Rps8,6,True
Rps8-ps1,6,True
Rps8-ps2,6,True
Rps8-ps3,1,False
Rps8-ps4,6,True
Rps9,6,True
Rpsa,6,True
Rpsa-ps1,6,True
Rpsa-ps10,6,True
Rpsa-ps11,6,True
Rpsa-ps12,6,True
Rpsa-ps2,6,True
Rpsa-ps3,5,True
Rpsa-ps4,6,True
Rpsa-ps5,6,True
Rpsa-ps9,6,True
Rptn,1,False
Rptor,6,True
Rptoros,1,False
Rpusd1,6,True
Rpusd2,6,True
Rpusd3,6,True
Rpusd4,6,True
Rqcd1,6,True
Rrad,2,False
Rraga,6,True
Rragb,6,True
Rragc,6,True
Rragd,6,True
Rras,6,True
Rras2,6,True
Rrbp1,6,True
Rreb1,6,True
Rrh,1,False
Rrm1,6,True
Rrm2,6,True
Rrm2b,6,True
Rrn3,6,True
Rrnad1,6,True
Rrp1,6,True
Rrp12,6,True
Rrp15,6,True
Rrp1b,6,True
Rrp36,6,True
Rrp7a,6,True
Rrp8,6,True
Rrp9,6,True
Rrs1,6,True
Rs1,0,False
Rsad1,6,True
Rsad2,6,True
Rsbn1,6,True
Rsbn1l,6,True
Rsc1a1,0,False
Rsf1,6,True
Rsf1os1,0,False
Rsf1os2,2,False
Rsg1,6,True
Rsl1,5,True
Rsl1d1,6,True
Rsl24d1,6,True
Rslcan18,4,True
Rsph1,5,True
Rsph10b,5,True
Rsph14,2,False
Rsph3a,6,True
Rsph3b,6,True
Rsph4a,1,False
Rsph6a,0,False
Rsph9,6,True
Rspo1,1,False
Rspo2,4,True
Rspo3,5,True
Rspo4,0,False
Rspo4os,0,False
Rspry1,6,True
Rsrc1,6,True
Rsrc2,6,True
Rsrp1,6,True
Rsu1,6,True
Rtbdn,0,False
Rtca,6,True
Rtcb,6,True
Rtel1,6,True
Rtf1,6,True
Rtfdc1,6,True
Rtkn,6,True
Rtkn2,6,True
Rtl1,3,True
Rtn1,6,True
Rtn2,6,True
Rtn3,6,True
Rtn4,6,True
Rtn4ip1,6,True
Rtn4r,3,True
Rtn4rl1,5,True
Rtn4rl2,2,False
Rtp1,2,False
Rtp2,0,False
Rtp3,1,False
Rtp4,5,True
Rttn,6,True
Rubcn,6,True
Rubie,0,False
Rufy1,6,True
Rufy2,6,True
Rufy3,6,True
Rufy4,1,False
Rundc1,6,True
Rundc3a,6,True
Rundc3b,6,True
Runx1,6,True
Runx1t1,6,True
Runx2,4,True
Runx2os1,0,False
Runx2os2,0,False
Runx2os3,0,False
Runx3,1,False
Rusc1,6,True
Rusc2,6,True
Ruvbl1,6,True
Ruvbl2,6,True
Rwdd1,6,True
Rwdd2a,6,True
Rwdd2b,6,True
Rwdd3,6,True
Rwdd4a,6,True
Rxfp1,1,False
Rxfp2,3,True
Rxfp3,1,False
Rxfp4,0,False
Rxra,6,True
Rxrb,6,True
Rxrg,6,True
Rybp,6,True
Rybp-ps,5,True
Ryk,6,True
Ryr1,5,True
Ryr2,6,True
Ryr3,6,True
S100a1,6,True
S100a10,6,True
S100a11,5,True
S100a11-ps,1,False
S100a13,6,True
S100a14,4,True
S100a16,6,True
S100a2,0,False
S100a3,6,True
S100a4,6,True
S100a5,0,False
S100a6,6,True
S100a7a,3,True
S100a8,0,False
S100a9,0,False
S100b,6,True
S100g,0,False
S100pbp,6,True
S100z,0,False
S1pr1,6,True
S1pr2,6,True
S1pr3,6,True
S1pr4,2,False
S1pr5,6,True
Saa-ps,0,False
Saa1,1,False
Saa2,1,False
Saa3,6,True
Saa4,1,False
Saal1,6,True
Sac3d1,6,True
Sacm1l,6,True
Sacs,6,True
Sae1,6,True
Safb,6,True
Safb2,6,True
Sag,6,True
Sall1,6,True
Sall2,6,True
Sall3,6,True
Sall4,2,False
Samd1,6,True
Samd10,6,True
Samd11,2,False
Samd12,6,True
Samd13,3,True
Samd14,6,True
Samd15,6,True
Samd3,0,False
Samd4,6,True
Samd4b,6,True
Samd5,5,True
Samd7,2,False
Samd8,6,True
Samd9l,5,True
Samhd1,6,True
Samm50,6,True
Samsn1,3,True
Samt1,1,False
Samt2,0,False
Samt3,0,False
Samt4,2,False
Sap130,6,True
Sap18,6,True
Sap25,6,True
Sap30,6,True
Sap30bp,6,True
Sap30bpos,5,True
Sap30l,6,True
Sapcd1,6,True
Sapcd2,6,True
Sar1a,6,True
Sar1b,6,True
Saraf,6,True
Sardh,6,True
Sardhos,0,False
Sarm1,6,True
Sarnp,6,True
Sars,6,True
Sars2,6,True
Sart1,6,True
Sart3,6,True
Sash1,6,True
Sash3,2,False
Sass6,6,True
Sat1,6,True
Sat2,6,True
Satb1,6,True
Satb2,1,False
Satl1,0,False
Sav1,6,True
Saxo1,0,False
Saxo1os,0,False
Saxo2,5,True
Saysd1,6,True
Sbds,6,True
Sbf1,6,True
Sbf2,6,True
Sbk1,6,True
Sbk2,5,True
Sbk3,0,False
Sbno1,6,True
Sbno2,6,True
Sbp,0,False
Sbpl,0,False
Sbsn,6,True
Sbspon,2,False
Sc5d,6,True
Scaf1,6,True
Scaf11,6,True
Scaf4,6,True
Scaf8,6,True
Scai,6,True
Scamp1,6,True
Scamp2,6,True
Scamp3,6,True
Scamp4,2,False
Scamp5,6,True
Scand1,6,True
Scap,6,True
Scaper,6,True
Scara3,6,True
Scara5,2,False
Scarb1,6,True
Scarb2,6,True
Scarf1,4,True
Scarf2,2,False
Scarletltr,0,False
Scarna10,0,False
Scarna13,4,True
Scarna17,1,False
Scarna2,4,True
Scarna3a,0,False
Scarna3b,0,False
Scarna6,0,False
Scarna8,0,False
Scarna9,0,False
Sccpdh,6,True
Scd1,6,True
Scd2,6,True
Scd3,6,True
Scd4,6,True
Scel,6,True
Scfd1,6,True
Scfd2,6,True
Scg2,6,True
Scg3,6,True
Scg5,6,True
Scgb1a1,0,False
Scgb1b1-ps,0,False
Scgb1b10,0,False
Scgb1b11,1,False
Scgb1b12,0,False
Scgb1b13-ps,0,False
Scgb1b14-ps,0,False
Scgb1b15,0,False
Scgb1b16-ps,0,False
Scgb1b17,0,False
Scgb1b18,1,False
Scgb1b19,0,False
Scgb1b2,2,False
Scgb1b20,0,False
Scgb1b21,0,False
Scgb1b22-ps,0,False
Scgb1b23-ps,0,False
Scgb1b24,0,False
Scgb1b25-ps,0,False
Scgb1b26-ps,0,False
Scgb1b27,0,False
Scgb1b28-ps,0,False
Scgb1b29,0,False
Scgb1b3,0,False
Scgb1b30,0,False
Scgb1b34-ps,0,False
Scgb1b4-ps,0,False
Scgb1b5-ps,0,False
Scgb1b6-ps,0,False
Scgb1b7,0,False
Scgb1b8-ps,0,False
Scgb1b9-ps,0,False
Scgb1c1,0,False
Scgb2a2,1,False
Scgb2b1,1,False
Scgb2b10,0,False
Scgb2b11,0,False
Scgb2b12,0,False
Scgb2b13-ps,0,False
Scgb2b14-ps,0,False
Scgb2b15,0,False
Scgb2b16-ps,0,False
Scgb2b17,0,False
Scgb2b18,0,False
Scgb2b19,0,False
Scgb2b2,1,False
Scgb2b20,0,False
Scgb2b21,0,False
Scgb2b22-ps,0,False
Scgb2b23-ps,1,False
Scgb2b24,2,False
Scgb2b25-ps,0,False
Scgb2b26,0,False
Scgb2b27,0,False
Scgb2b28-ps,0,False
Scgb2b29-ps,0,False
Scgb2b3,0,False
Scgb2b30,0,False
Scgb2b31-ps,1,False
Scgb2b32-ps,1,False
Scgb2b33,0,False
Scgb2b4-ps,0,False
Scgb2b5-ps,0,False
Scgb2b6,0,False
Scgb2b7,0,False
Scgb2b8-ps,0,False
Scgb2b9-ps,0,False
Scgb3a1,0,False
Scgb3a2,0,False
Scgn,3,True
Schip1,6,True
Scimp,0,False
Scin,2,False
Sclt1,6,True
Scly,6,True
Scmh1,6,True
Scml1,0,False
Scml2,5,True
Scml4,2,False
Scn10a,1,False
Scn11a,2,False
Scn1a,6,True
Scn1b,6,True
Scn2a1,6,True
Scn2b,6,True
Scn3a,6,True
Scn3b,6,True
Scn4a,1,False
Scn4b,4,True
Scn5a,3,True
Scn7a,3,True
Scn8a,6,True
Scn9a,6,True
Scnm1,6,True
Scnn1a,5,True
Scnn1b,0,False
Scnn1g,0,False
Sco1,6,True
Sco2,0,False
Scoc,6,True
Scp2,6,True
Scp2-ps1,0,False
Scp2-ps2,6,True
Scp2d1,1,False
Scpep1,6,True
Scpep1os,6,True
Scrg1,6,True
Scrib,6,True
Scrn1,6,True
Scrn2,6,True
Scrn3,6,True
Scrt1,4,True
Scrt2,6,True
Sct,2,False
Sctr,6,True
Scube1,5,True
Scube2,1,False
Scube3,6,True
Scx,0,False
Scyl1,6,True
Scyl2,5,True
Scyl3,6,True
Sdad1,6,True
Sdc1,6,True
Sdc2,6,True
Sdc3,6,True
Sdc4,6,True
Sdcbp,6,True
Sdcbp2,2,False
Sdccag3,6,True
Sdccag8,6,True
Sde2,6,True
Sdf2,6,True
Sdf2l1,6,True
Sdf4,6,True
Sdha,6,True
Sdhaf1,6,True
Sdhaf2,6,True
Sdhaf3,6,True
Sdhaf4,6,True
Sdhb,6,True
Sdhc,6,True
Sdhd,6,True
Sdk1,6,True
Sdk2,6,True
Sdpr,5,True
Sdr16c5,0,False
Sdr16c6,1,False
Sdr39u1,6,True
Sdr42e1,6,True
Sdr9c7,0,False
Sds,4,True
Sdsl,6,True
Sebox,0,False
Sec1,1,False
Sec11a,6,True
Sec11c,6,True
Sec13,6,True
Sec14l1,6,True
Sec14l2,6,True
Sec14l3,2,False
Sec14l4,0,False
Sec14l5,4,True
Sec16a,6,True
Sec16b,4,True
Sec22a,6,True
Sec22b,6,True
Sec22c,6,True
Sec23a,6,True
Sec23b,6,True
Sec23ip,6,True
Sec24a,6,True
Sec24b,6,True
Sec24c,6,True
Sec24d,6,True
Sec31a,6,True
Sec31b,5,True
Sec61a1,6,True
Sec61a2,6,True
Sec61b,6,True
Sec61g,6,True
Sec62,6,True
Sec63,6,True
Secisbp2,6,True
Secisbp2l,6,True
Sectm1a,0,False
Sectm1b,1,False
Seh1l,6,True
Sel1l,6,True
Sel1l2,2,False
Sel1l3,6,True
Sele,1,False
Selenbp1,6,True
Selenbp2,6,True
Selk,6,True
Sell,1,False
Selm,6,True
Selo,6,True
Selp,1,False
Selplg,6,True
Selt,6,True
Sema3a,5,True
Sema3b,6,True
Sema3c,6,True
Sema3d,6,True
Sema3e,6,True
Sema3f,1,False
Sema3g,1,False
Sema4a,6,True
Sema4b,6,True
Sema4c,6,True
Sema4d,6,True
Sema4f,6,True
Sema4g,6,True
Sema5a,6,True
Sema5b,6,True
Sema6a,6,True
Sema6b,6,True
Sema6c,5,True
Sema6d,6,True
Sema7a,6,True
Senp1,6,True
Senp2,6,True
Senp3,6,True
Senp5,6,True
Senp6,6,True
Senp7,6,True
Senp8,6,True
Sep15,6,True
Sephs1,6,True
Sephs2,6,True
Sepn1,6,True
Sepp1,6,True
Sepsecs,6,True
Sept1,5,True
Sept10,6,True
Sept11,6,True
Sept12,1,False
Sept14,2,False
Sept2,6,True
Sept3,6,True
Sept4,6,True
Sept5,6,True
Sept6,6,True
Sept7,6,True
Sept8,6,True
Sept9,6,True
Sepw1,6,True
Serac1,5,True
Serbp1,6,True
Serf1,6,True
Serf2,6,True
Sergef,6,True
Serhl,6,True
Serinc1,6,True
Serinc2,6,True
Serinc3,6,True
Serinc4,0,False
Serinc5,6,True
Serp1,6,True
Serp2,6,True
Serpina10,1,False
Serpina11,0,False
Serpina12,0,False
Serpina16,1,False
Serpina1a,1,False
Serpina1b,2,False
Serpina1c,1,False
Serpina1d,1,False
Serpina1e,1,False
Serpina1f,0,False
Serpina3a,0,False
Serpina3b,3,True
Serpina3c,6,True
Serpina3d-ps,0,False
Serpina3e-ps,6,True
Serpina3f,6,True
Serpina3g,6,True
Serpina3h,3,True
Serpina3i,1,False
Serpina3j,6,True
Serpina3k,4,True
Serpina3l-ps,3,True
Serpina3m,6,True
Serpina3n,6,True
Serpina4-ps1,2,False
Serpina5,1,False
Serpina6,0,False
Serpina7,0,False
Serpina9,1,False
Serpinb1-ps1,1,False
Serpinb10,0,False
Serpinb11,1,False
Serpinb12,2,False
Serpinb13,1,False
Serpinb1a,6,True
Serpinb1b,4,True
Serpinb1c,6,True
Serpinb2,0,False
Serpinb3a,1,False
Serpinb3b,0,False
Serpinb3c,0,False
Serpinb3d,0,False
Serpinb5,3,True
Serpinb6a,6,True
Serpinb6b,5,True
Serpinb6c,2,False
Serpinb6d,2,False
Serpinb6e,0,False
Serpinb7,1,False
Serpinb8,4,True
Serpinb9,6,True
Serpinb9b,1,False
Serpinb9c,0,False
Serpinb9d,0,False
Serpinb9e,0,False
Serpinb9f,2,False
Serpinb9g,1,False
Serpinc1,2,False
Serpind1,5,True
Serpine1,1,False
Serpine2,6,True
Serpine3,4,True
Serpinf1,6,True
Serpinf2,5,True
Serping1,5,True
Serpinh1,6,True
Serpini1,6,True
Serpini2,0,False
Sertad1,6,True
Sertad2,6,True
Sertad3,5,True
Sertad4,2,False
Sertm1,5,True
Sesn1,6,True
Sesn2,6,True
Sesn3,6,True
Sestd1,6,True
Set,6,True
Setbp1,6,True
Setd1a,6,True
Setd1b,6,True
Setd2,6,True
Setd3,6,True
Setd4,6,True
Setd5,6,True
Setd6,6,True
Setd7,6,True
Setdb1,6,True
Setdb2,6,True
Setmar,5,True
Setx,6,True
Sez6,6,True
Sez6l,6,True
Sez6l2,6,True
Sf1,6,True
Sf3a1,6,True
Sf3a2,6,True
Sf3a3,6,True
Sf3b1,6,True
Sf3b2,6,True
Sf3b3,6,True
Sf3b4,6,True
Sf3b5,6,True
Sf3b6,6,True
Sfi1,6,True
Sfmbt1,6,True
Sfmbt2,6,True
Sfn,3,True
Sfpq,6,True
Sfr1,6,True
Sfrp1,5,True
Sfrp2,4,True
Sfrp4,5,True
Sfrp5,2,False
Sfswap,6,True
Sft2d1,6,True
Sft2d2,6,True
Sft2d3,6,True
Sfta2,0,False
Sftpa1,0,False
Sftpb,0,False
Sftpc,5,True
Sftpd,0,False
Sfxn1,6,True
Sfxn2,6,True
Sfxn3,6,True
Sfxn4,6,True
Sfxn5,6,True
Sgca,3,True
Sgcb,6,True
Sgcd,6,True
Sgce,6,True
Sgcg,2,False
Sgcz,6,True
Sgf29,6,True
Sgip1,6,True
Sgk1,6,True
Sgk2,5,True
Sgk3,6,True
Sgms1,6,True
Sgms2,6,True
Sgol1,6,True
Sgol2a,5,True
Sgol2b,2,False
Sgpl1,6,True
Sgpp1,6,True
Sgpp2,3,True
Sgsh,6,True
Sgsm1,6,True
Sgsm2,6,True
Sgsm3,6,True
Sgta,6,True
Sgtb,6,True
Sh2b1,6,True
Sh2b2,5,True
Sh2b3,6,True
Sh2d1a,1,False
Sh2d1b1,1,False
Sh2d1b2,0,False
Sh2d2a,2,False
Sh2d3c,6,True
Sh2d4a,2,False
Sh2d4b,4,True
Sh2d5,5,True
Sh2d6,4,True
Sh2d7,0,False
Sh3bgr,5,True
Sh3bgrl,6,True
Sh3bgrl2,6,True
Sh3bgrl3,6,True
Sh3bp1,6,True
Sh3bp2,6,True
Sh3bp4,6,True
Sh3bp5,6,True
Sh3bp5l,6,True
Sh3d19,6,True
Sh3d21,4,True
Sh3d2c-ps1,2,False
Sh3gl1,6,True
Sh3gl2,6,True
Sh3gl3,6,True
Sh3glb1,6,True
Sh3glb2,6,True
Sh3kbp1,6,True
Sh3pxd2a,5,True
Sh3pxd2b,6,True
Sh3rf1,6,True
Sh3rf2,0,False
Sh3rf3,6,True
Sh3tc1,2,False
Sh3tc2,6,True
Sh3yl1,6,True
Shank1,6,True
Shank2,6,True
Shank3,6,True
Sharpin,6,True
Shb,4,True
Shbg,0,False
Shc1,6,True
Shc2,6,True
Shc3,6,True
Shc4,6,True
Shcbp1,6,True
Shcbp1l,3,True
Shd,6,True
She,5,True
Shf,6,True
Shfm1,6,True
Shh,2,False
Shisa2,6,True
Shisa3,2,False
Shisa4,6,True
Shisa5,6,True
Shisa6,6,True
Shisa7,6,True
Shisa8,6,True
Shisa9,6,True
Shkbp1,6,True
Shmt1,6,True
Shmt2,6,True
Shoc2,6,True
Shox2,0,False
Shpk,5,True
Shprh,6,True
Shq1,6,True
Shroom1,5,True
Shroom2,6,True
Shroom3,6,True
Shroom4,6,True
Shtn1,6,True
Siae,6,True
Siah1a,6,True
Siah1b,6,True
Siah2,6,True
Siah3,6,True
Sidt1,5,True
Sidt2,6,True
Sigirr,2,False
Siglec1,6,True
Siglec15,0,False
Siglece,4,True
Siglecf,3,True
Siglecg,2,False
Siglech,6,True
Sigmar1,6,True
Sik1,6,True
Sik2,6,True
Sik3,6,True
Sike1,6,True
Sil1,6,True
Sim1,1,False
Sim2,2,False
Simc1,6,True
Sin3a,6,True
Sin3b,6,True
Sipa1,6,True
Sipa1l1,6,True
Sipa1l2,6,True
Sipa1l3,6,True
Sirpa,6,True
Sirpb1a,1,False
Sirpb1b,1,False
Sirpb1c,2,False
Sirt1,6,True
Sirt2,6,True
Sirt3,6,True
Sirt4,6,True
Sirt5,6,True
Sirt6,6,True
Sirt7,6,True
Sis,2,False
Sit1,1,False
Siva1,6,True
Six1,1,False
Six2,0,False
Six3,1,False
Six3os1,3,True
Six4,5,True
Six5,5,True
Six6,0,False
Ska1,5,True
Ska2,6,True
Ska2l-ps,5,True
Ska3,6,True
Skap1,2,False
Skap2,6,True
Ski,6,True
Skida1,6,True
Skil,6,True
Skint1,1,False
Skint10,1,False
Skint11,1,False
Skint2,0,False
Skint3,2,False
Skint4,1,False
Skint5,2,False
Skint6,1,False
Skint7,0,False
Skint8,1,False
Skint9,0,False
Skiv2l,6,True
Skiv2l-ps1,0,False
Skiv2l2,6,True
Skor1,1,False
Skor2,0,False
Skp1a,6,True
Skp2,6,True
Sla,3,True
Sla2,6,True
Slain1,6,True
Slain1os,3,True
Slain2,6,True
Slamf1,6,True
Slamf6,1,False
Slamf7,0,False
Slamf8,1,False
Slamf9,2,False
Slbp,6,True
Slc10a1,2,False
Slc10a2,2,False
Slc10a3,5,True
Slc10a4,0,False
Slc10a5,1,False
Slc10a6,2,False
Slc10a7,6,True
Slc11a1,3,True
Slc11a2,6,True
Slc12a1,0,False
Slc12a2,6,True
Slc12a3,1,False
Slc12a4,6,True
Slc12a5,6,True
Slc12a6,6,True
Slc12a7,5,True
Slc12a8,4,True
Slc12a9,6,True
Slc13a1,1,False
Slc13a2,0,False
Slc13a2os,3,True
Slc13a3,6,True
Slc13a4,5,True
Slc13a5,6,True
Slc14a1,6,True
Slc14a2,6,True
Slc15a1,1,False
Slc15a2,6,True
Slc15a3,3,True
Slc15a4,6,True
Slc15a5,1,False
Slc16a1,6,True
Slc16a10,5,True
Slc16a11,4,True
Slc16a12,5,True
Slc16a13,6,True
Slc16a14,6,True
Slc16a2,6,True
Slc16a3,5,True
Slc16a4,5,True
Slc16a5,2,False
Slc16a6,6,True
Slc16a7,6,True
Slc16a8,1,False
Slc16a9,5,True
Slc17a1,1,False
Slc17a2,2,False
Slc17a3,1,False
Slc17a4,0,False
Slc17a5,6,True
Slc17a6,5,True
Slc17a7,5,True
Slc17a8,2,False
Slc17a9,6,True
Slc18a1,3,True
Slc18a2,5,True
Slc18a3,0,False
Slc18b1,6,True
Slc19a1,6,True
Slc19a2,6,True
Slc19a3,3,True
Slc1a1,6,True
Slc1a2,6,True
Slc1a3,6,True
Slc1a4,6,True
Slc1a5,3,True
Slc1a6,6,True
Slc1a7,2,False
Slc20a1,6,True
Slc20a2,6,True
Slc22a1,1,False
Slc22a12,6,True
Slc22a13,1,False
Slc22a13b-ps,1,False
Slc22a14,0,False
Slc22a15,6,True
Slc22a16,1,False
Slc22a17,6,True
Slc22a18,2,False
Slc22a19,1,False
Slc22a2,2,False
Slc22a20,2,False
Slc22a21,6,True
Slc22a22,1,False
Slc22a23,6,True
Slc22a26,1,False
Slc22a27,1,False
Slc22a28,0,False
Slc22a29,1,False
Slc22a3,6,True
Slc22a30,1,False
Slc22a4,6,True
Slc22a5,6,True
Slc22a6,2,False
Slc22a7,0,False
Slc22a8,5,True
Slc23a1,6,True
Slc23a2,6,True
Slc23a3,1,False
Slc24a1,4,True
Slc24a2,6,True
Slc24a3,6,True
Slc24a4,5,True
Slc24a5,6,True
Slc25a1,6,True
Slc25a10,6,True
Slc25a11,6,True
Slc25a12,6,True
Slc25a13,6,True
Slc25a14,6,True
Slc25a15,6,True
Slc25a16,6,True
Slc25a17,6,True
Slc25a18,6,True
Slc25a19,6,True
Slc25a2,0,False
Slc25a20,6,True
Slc25a21,5,True
Slc25a22,6,True
Slc25a23,6,True
Slc25a24,4,True
Slc25a25,6,True
Slc25a26,6,True
Slc25a27,6,True
Slc25a28,6,True
Slc25a29,6,True
Slc25a3,6,True
Slc25a30,6,True
Slc25a31,1,False
Slc25a32,6,True
Slc25a33,6,True
Slc25a34,6,True
Slc25a35,6,True
Slc25a36,6,True
Slc25a37,6,True
Slc25a38,6,True
Slc25a39,6,True
Slc25a4,6,True
Slc25a40,6,True
Slc25a41,1,False
Slc25a42,6,True
Slc25a43,5,True
Slc25a44,6,True
Slc25a45,6,True
Slc25a46,6,True
Slc25a47,6,True
Slc25a48,3,True
Slc25a5,6,True
Slc25a5-ps,6,True
Slc25a51,6,True
Slc25a53,6,True
Slc25a54,0,False
Slc26a1,6,True
Slc26a10,5,True
Slc26a11,6,True
Slc26a2,6,True
Slc26a3,0,False
Slc26a4,3,True
Slc26a5,2,False
Slc26a6,6,True
Slc26a7,2,False
Slc26a8,6,True
Slc26a9,1,False
Slc27a1,6,True
Slc27a2,2,False
Slc27a3,6,True
Slc27a4,6,True
Slc27a5,2,False
Slc27a6,4,True
Slc28a1,1,False
Slc28a2,1,False
Slc28a3,6,True
Slc29a1,6,True
Slc29a2,6,True
Slc29a3,6,True
Slc29a4,6,True
Slc2a1,6,True
Slc2a10,6,True
Slc2a12,6,True
Slc2a13,6,True
Slc2a2,3,True
Slc2a3,6,True
Slc2a4,6,True
Slc2a4rg-ps,6,True
Slc2a5,2,False
Slc2a6,6,True
Slc2a7,0,False
Slc2a8,6,True
Slc2a9,5,True
Slc30a1,6,True
Slc30a10,6,True
Slc30a2,1,False
Slc30a3,6,True
Slc30a4,6,True
Slc30a5,6,True
Slc30a6,6,True
Slc30a7,6,True
Slc30a8,0,False
Slc30a9,6,True
Slc31a1,6,True
Slc31a2,6,True
Slc32a1,1,False
Slc33a1,6,True
Slc34a1,1,False
Slc34a2,6,True
Slc34a3,2,False
Slc35a1,6,True
Slc35a2,6,True
Slc35a3,6,True
Slc35a4,6,True
Slc35a5,6,True
Slc35b1,6,True
Slc35b2,6,True
Slc35b3,6,True
Slc35b4,6,True
Slc35c1,6,True
Slc35c2,6,True
Slc35d1,6,True
Slc35d2,6,True
Slc35d3,1,False
Slc35e1,6,True
Slc35e2,6,True
Slc35e3,6,True
Slc35e4,6,True
Slc35f1,6,True
Slc35f2,5,True
Slc35f3,6,True
Slc35f4,5,True
Slc35f5,6,True
Slc35f6,6,True
Slc35g1,6,True
Slc35g2,6,True
Slc35g3,1,False
Slc36a1,6,True
Slc36a1os,1,False
Slc36a2,4,True
Slc36a3,3,True
Slc36a3os,0,False
Slc36a4,6,True
Slc37a1,4,True
Slc37a2,6,True
Slc37a3,6,True
Slc37a4,6,True
Slc38a1,6,True
Slc38a10,6,True
Slc38a11,2,False
Slc38a2,6,True
Slc38a3,6,True
Slc38a4,3,True
Slc38a5,2,False
Slc38a6,6,True
Slc38a7,6,True
Slc38a8,2,False
Slc38a9,6,True
Slc39a1,6,True
Slc39a1-ps,6,True
Slc39a10,6,True
Slc39a11,6,True
Slc39a12,6,True
Slc39a13,6,True
Slc39a14,6,True
Slc39a2,5,True
Slc39a3,6,True
Slc39a4,1,False
Slc39a5,1,False
Slc39a6,6,True
Slc39a7,6,True
Slc39a8,4,True
Slc39a9,6,True
Slc3a1,2,False
Slc3a2,6,True
Slc40a1,6,True
Slc41a1,6,True
Slc41a2,6,True
Slc41a3,6,True
Slc43a1,5,True
Slc43a2,6,True
Slc43a3,6,True
Slc44a1,6,True
Slc44a2,6,True
Slc44a3,6,True
Slc44a4,0,False
Slc44a5,6,True
Slc45a1,6,True
Slc45a2,1,False
Slc45a3,1,False
Slc45a4,6,True
Slc46a1,6,True
Slc46a2,2,False
Slc46a3,6,True
Slc47a1,1,False
Slc47a2,0,False
Slc48a1,6,True
Slc4a1,3,True
Slc4a10,6,True
Slc4a11,4,True
Slc4a1ap,6,True
Slc4a2,6,True
Slc4a3,6,True
Slc4a4,6,True
Slc4a5,2,False
Slc4a7,6,True
Slc4a8,6,True
Slc4a9,2,False
Slc50a1,6,True
Slc51a,2,False
Slc51b,0,False
Slc52a2,6,True
Slc52a3,3,True
Slc5a1,0,False
Slc5a10,3,True
Slc5a11,2,False
Slc5a12,0,False
Slc5a2,1,False
Slc5a3,6,True
Slc5a4a,1,False
Slc5a4b,2,False
Slc5a5,6,True
Slc5a6,6,True
Slc5a7,6,True
Slc5a8,3,True
Slc5a9,1,False
Slc6a1,6,True
Slc6a11,6,True
Slc6a12,2,False
Slc6a13,2,False
Slc6a14,1,False
Slc6a15,6,True
Slc6a16,1,False
Slc6a17,6,True
Slc6a18,2,False
Slc6a19,5,True
Slc6a19os,1,False
Slc6a2,2,False
Slc6a20a,3,True
Slc6a20b,6,True
Slc6a3,6,True
Slc6a4,3,True
Slc6a5,1,False
Slc6a6,6,True
Slc6a7,2,False
Slc6a8,6,True
Slc6a9,6,True
Slc7a1,6,True
Slc7a10,6,True
Slc7a11,6,True
Slc7a12,1,False
Slc7a13,3,True
Slc7a14,6,True
Slc7a15,0,False
Slc7a2,6,True
Slc7a3,6,True
Slc7a4,6,True
Slc7a5,6,True
Slc7a6,6,True
Slc7a6os,6,True
Slc7a7,5,True
Slc7a8,6,True
Slc7a9,2,False
Slc8a1,6,True
Slc8a2,6,True
Slc8a3,6,True
Slc8b1,6,True
Slc9a1,6,True
Slc9a2,5,True
Slc9a3,2,False
Slc9a3r1,6,True
Slc9a3r2,6,True
Slc9a4,1,False
Slc9a5,6,True
Slc9a6,6,True
Slc9a7,6,True
Slc9a8,6,True
Slc9a9,6,True
Slc9b1,1,False
Slc9b2,4,True
Slc9c1,3,True
Slco1a1,0,False
Slco1a4,5,True
Slco1a5,4,True
Slco1a6,2,False
Slco1b2,5,True
Slco1c1,6,True
Slco2a1,6,True
Slco2b1,6,True
Slco3a1,6,True
Slco4a1,4,True
Slco4c1,2,False
Slco5a1,5,True
Slco6b1,0,False
Slco6c1,0,False
Slco6d1,2,False
Slf1,6,True
Slfn1,1,False
Slfn10-ps,2,False
Slfn14,1,False
Slfn2,5,True
Slfn3,0,False
Slfn4,4,True
Slfn5,3,True
Slfn5os,1,False
Slfn8,2,False
Slfn9,4,True
Slfnl1,0,False
Slirp,6,True
Slit1,5,True
Slit2,6,True
Slit3,5,True
Slitrk1,6,True
Slitrk2,6,True
Slitrk3,6,True
Slitrk4,6,True
Slitrk5,6,True
Slitrk6,5,True
Slk,6,True
Slmap,6,True
Slmapos2,0,False
Slmo1,6,True
Slmo2,6,True
Sln,2,False
Slpi,5,True
Sltm,6,True
Slu7,6,True
Slurp1,1,False
Slurp2,1,False
Slx,0,False
Slx1b,6,True
Slx4,6,True
Slx4ip,5,True
Slxl1,0,False
Sly,0,False
Smad1,6,True
Smad2,6,True
Smad3,6,True
Smad4,6,True
Smad5,6,True
Smad6,3,True
Smad7,6,True
Smad9,6,True
Smagp,5,True
Smap1,6,True
Smap2,6,True
Smarca1,6,True
Smarca2,6,True
Smarca4,6,True
Smarca5,6,True
Smarca5-ps,6,True
Smarcad1,6,True
Smarcal1,6,True
Smarcb1,6,True
Smarcc1,6,True
Smarcc2,6,True
Smarcd1,6,True
Smarcd2,6,True
Smarcd3,6,True
Smarce1,6,True
Smarce1-ps1,6,True
Smc1a,6,True
Smc1b,2,False
Smc2,6,True
Smc2os,3,True
Smc3,6,True
Smc4,6,True
Smc5,6,True
Smc6,6,True
Smchd1,6,True
Smco1,0,False
Smco2,0,False
Smco3,0,False
Smco4,5,True
Smcp,2,False
Smcr8,6,True
Smdt1,6,True
Smek1,6,True
Smek2,6,True
Smek3-ps,1,False
Smg1,6,True
Smg5,6,True
Smg6,6,True
Smg7,6,True
Smg8,6,True
Smg9,6,True
Smgc,2,False
Smim1,6,True
Smim10l1,6,True
Smim10l2a,6,True
Smim11,6,True
Smim12,6,True
Smim13,6,True
Smim14,6,True
Smim15,6,True
Smim17,4,True
Smim18,4,True
Smim19,6,True
Smim20,6,True
Smim22,0,False
Smim23,0,False
Smim24,4,True
Smim3,6,True
Smim4,6,True
Smim5,3,True
Smim6,4,True
Smim7,6,True
Smim8,6,True
Smim9,0,False
Smkr-ps,1,False
Smlr1,1,False
Smn1,6,True
Smndc1,6,True
Smo,6,True
Smoc1,6,True
Smoc2,6,True
Smok2a,3,True
Smok2b,2,False
Smok3a,1,False
Smok3b,1,False
Smok3c,1,False
Smok4a,5,True
Smox,6,True
Smpd1,6,True
Smpd2,6,True
Smpd3,6,True
Smpd4,6,True
Smpd5,5,True
Smpdl3a,6,True
Smpdl3b,6,True
Smpx,1,False
Smr2,2,False
Smr3a,0,False
Sms,6,True
Smt3h1-ps,6,True
Smt3h2-ps,6,True
Smt3h2-ps2,5,True
Smt3h2-ps4,6,True
Smtn,6,True
Smtnl1,0,False
Smtnl2,5,True
Smu1,6,True
Smug1,6,True
Smurf1,6,True
Smurf2,6,True
Smyd1,4,True
Smyd2,6,True
Smyd3,6,True
Smyd4,6,True
Smyd5,6,True
Snai1,1,False
Snai2,4,True
Snai3,1,False
Snap23,6,True
Snap25,6,True
Snap29,6,True
Snap47,6,True
Snap91,6,True
Snapc1,6,True
Snapc2,6,True
Snapc3,6,True
Snapc4,6,True
Snapc5,6,True
Snapin,6,True
Snca,5,True
Sncaip,6,True
Sncb,6,True
Sncg,3,True
Snd1,6,True
Sned1,6,True
Snf8,6,True
Snhg1,6,True
Snhg11,6,True
Snhg12,6,True
Snhg14,6,True
Snhg15,6,True
Snhg17,6,True
Snhg18,6,True
Snhg20,6,True
Snhg3,6,True
Snhg4,6,True
Snhg5,6,True
Snhg6,6,True
Snhg7,5,True
Snhg7os,3,True
Snhg8,6,True
Snhg9,6,True
Snip1,6,True
Snn,6,True
Snora15,0,False
Snora16a,4,True
Snora17,4,True
Snora19,0,False
Snora20,6,True
Snora21,1,False
Snora23,2,False
Snora24,0,False
Snora26,0,False
Snora28,6,True
Snora2b,0,False
Snora3,0,False
Snora30,3,True
Snora31,5,True
Snora33,5,True
Snora34,5,True
Snora35,0,False
Snora36b,0,False
Snora41,5,True
Snora43,0,False
Snora44,0,False
Snora47,1,False
Snora52,0,False
Snora57,5,True
Snora5c,1,False
Snora61,0,False
Snora62,1,False
Snora64,0,False
Snora65,0,False
Snora68,5,True
Snora69,0,False
Snora70,0,False
Snora73a,0,False
Snora73b,0,False
Snora74a,0,False
Snora75,0,False
Snora78,4,True
Snora7a,0,False
Snora81,0,False
Snora9,0,False
Snord100,6,True
Snord104,6,True
Snord107,0,False
Snord11,0,False
Snord110,2,False
Snord111,0,False
Snord116l1,0,False
Snord116l10,1,False
Snord116l11,1,False
Snord116l12,0,False
Snord116l13,0,False
Snord116l14,1,False
Snord116l15,1,False
Snord116l16,1,False
Snord116l17,1,False
Snord116l2,0,False
Snord116l3,1,False
Snord116l4,1,False
Snord116l5,0,False
Snord116l6,0,False
Snord116l7,0,False
Snord116l8,1,False
Snord116l9,0,False
Snord118,5,True
Snord12,0,False
Snord123,0,False
Snord13,6,True
Snord14a,0,False
Snord14c,0,False
Snord14d,0,False
Snord14e,0,False
Snord15a,0,False
Snord15b,0,False
Snord16a,4,True
Snord17,2,False
Snord19,3,True
Snord1a,0,False
Snord1b,0,False
Snord1c,0,False
Snord2,0,False
Snord21,0,False
Snord22,0,False
Snord23,0,False
Snord32a,1,False
Snord33,0,False
Snord34,3,True
Snord35a,4,True
Snord35b,0,False
Snord37,2,False
Snord38a,0,False
Snord42a,0,False
Snord42b,3,True
Snord43,0,False
Snord45b,0,False
Snord45c,0,False
Snord47,0,False
Snord49a,1,False
Snord49b,3,True
Snord4a,0,False
Snord50a,0,False
Snord50b,0,False
Snord52,0,False
Snord53,2,False
Snord55,3,True
Snord57,0,False
Snord58b,1,False
Snord59a,4,True
Snord60,0,False
Snord61,0,False
Snord64,0,False
Snord65,4,True
Snord66,0,False
Snord67,0,False
Snord68,0,False
Snord69,2,False
Snord7,5,True
Snord70,2,False
Snord71,0,False
Snord72,6,True
Snord73a,1,False
Snord78,0,False
Snord8,2,False
Snord80,0,False
Snord82,1,False
Snord83b,2,False
Snord85,0,False
Snord87,4,True
Snord88a,0,False
Snord88c,3,True
Snord89,5,True
Snord90,0,False
Snord91a,5,True
Snord92,0,False
Snord93,0,False
Snord95,0,False
Snord96a,0,False
Snord98,1,False
Snord99,0,False
Snph,6,True
Snrk,6,True
Snrnp200,6,True
Snrnp25,6,True
Snrnp27,6,True
Snrnp35,6,True
Snrnp40,6,True
Snrnp48,6,True
Snrnp70,6,True
Snrp1c-ps1,5,True
Snrp1c-ps2,0,False
Snrpa,6,True
Snrpa1,6,True
Snrpb,6,True
Snrpb2,6,True
Snrpc,6,True
Snrpd1,6,True
Snrpd2,6,True
Snrpd3,6,True
Snrpe,6,True
Snrpert,6,True
Snrpf,6,True
Snrpg,6,True
Snrpn,6,True
Snta1,6,True
Sntb1,5,True
Sntb2,6,True
Sntg1,6,True
Sntg2,3,True
Sntn,1,False
Snupn,6,True
Snurf,0,False
Snw1,6,True
Snx1,6,True
Snx10,6,True
Snx11,6,True
Snx12,6,True
Snx13,6,True
Snx14,6,True
Snx15,6,True
Snx16,6,True
Snx17,6,True
Snx18,6,True
Snx19,6,True
Snx2,6,True
Snx20,6,True
Snx21,6,True
Snx22,6,True
Snx24,6,True
Snx25,6,True
Snx27,6,True
Snx29,6,True
Snx3,6,True
Snx30,6,True
Snx31,3,True
Snx32,6,True
Snx33,6,True
Snx4,6,True
Snx5,6,True
Snx6,6,True
Snx7,6,True
Snx8,6,True
Snx9,6,True
Soat1,6,True
Soat2,1,False
Sobp,6,True
Socs1,6,True
Socs2,6,True
Socs3,6,True
Socs4,6,True
Socs5,6,True
Socs6,6,True
Socs7,6,True
Sod1,6,True
Sod2,6,True
Sod3,6,True
Soga1,6,True
Soga3,6,True
Sohlh1,1,False
Sohlh2,0,False
Son,6,True
Sorbs1,6,True
Sorbs2,6,True
Sorbs2os,3,True
Sorbs3,6,True
Sorcs1,6,True
Sorcs2,6,True
Sorcs3,6,True
Sord,6,True
Sorl1,6,True
Sort1,6,True
Sos1,6,True
Sos2,6,True
Sost,0,False
Sostdc1,4,True
Sowaha,6,True
Sowahb,1,False
Sowahc,6,True
Sowahd,1,False
Sox1,6,True
Sox10,6,True
Sox11,6,True
Sox12,6,True
Sox13,6,True
Sox14,0,False
Sox15,3,True
Sox17,3,True
Sox18,5,True
Sox2,6,True
Sox21,6,True
Sox2ot,6,True
Sox3,6,True
Sox30,0,False
Sox4,6,True
Sox5,6,True
Sox5it,1,False
Sox5os1,5,True
Sox5os2,1,False
Sox5os3,4,True
Sox5os4,0,False
Sox5os5,0,False
Sox6,6,True
Sox6os,4,True
Sox7,6,True
Sox8,6,True
Sox9,6,True
Sp1,6,True
Sp100,5,True
Sp110,4,True
Sp140,6,True
Sp2,6,True
Sp3,6,True
Sp3os,6,True
Sp4,6,True
Sp5,1,False
Sp6,0,False
Sp7,0,False
Sp8,6,True
Sp9,2,False
Spa17,6,True
Spaca1,0,False
Spaca3,0,False
Spaca4,0,False
Spaca5,0,False
Spaca6,6,True
Spaca7,1,False
Spaca9,2,False
Spag1,6,True
Spag11a,0,False
Spag11b,0,False
Spag16,4,True
Spag17,2,False
Spag17os,0,False
Spag4,6,True
Spag5,6,True
Spag6,0,False
Spag6l,3,True
Spag7,6,True
Spag8,6,True
Spag9,6,True
Spam1,0,False
Spanxn4,0,False
Sparc,6,True
Sparcl1,6,True
Spast,6,True
Spata1,6,True
Spata13,6,True
Spata16,1,False
Spata17,6,True
Spata18,2,False
Spata19,1,False
Spata2,6,True
Spata20,1,False
Spata21,2,False
Spata22,0,False
Spata24,6,True
Spata25,1,False
Spata2l,5,True
Spata3,6,True
Spata31,1,False
Spata31d1a,1,False
Spata31d1b,1,False
Spata31d1c,2,False
Spata31d1d,0,False
Spata32,1,False
Spata33,6,True
Spata4,0,False
Spata45,1,False
Spata5,6,True
Spata5l1,5,True
Spata6,6,True
Spata7,6,True
Spata9,6,True
Spatc1,1,False
Spatc1l,2,False
Spats1,6,True
Spats2,6,True
Spats2l,6,True
Spc24,6,True
Spc25,6,True
Spcs1,6,True
Spcs2,6,True
Spcs2-ps,6,True
Spcs3,6,True
Spdef,0,False
Spdl1,4,True
Spdya,6,True
Spdye4a,1,False
Spdye4b,1,False
Spdye4c,0,False
Specc1,6,True
Specc1l,6,True
Speer1,0,False
Speer2,0,False
Speer3,0,False
Speer4a,6,True
Speer4b,6,True
Speer4c,2,False
Speer4cos,3,True
Speer4d,4,True
Speer4e,4,True
Speer4f1,0,False
Speer4f2,0,False
Speer5-ps1,0,False
Speer6-ps1,0,False
Speer9-ps1,0,False
Spef1,5,True
Spef2,6,True
Speg,6,True
Spem1,0,False
Spen,6,True
Spert,0,False
Spesp1,0,False
Spg11,6,True
Spg20,6,True
Spg21,6,True
Spg7,6,True
Sphk1,6,True
Sphk2,6,True
Sphkap,6,True
Spi1,5,True
Spib,0,False
Spic,3,True
Spice1,6,True
Spidr,6,True
Spin1,6,True
Spin2-ps1,2,False
Spin2-ps2,0,False
Spin2-ps3,0,False
Spin2-ps4,0,False
Spin2-ps6,0,False
Spin2c,6,True
Spin2d,0,False
Spin2e,0,False
Spin2f,0,False
Spin2g,1,False
Spin3-ps,6,True
Spin4,6,True
Spink1,0,False
Spink10,6,True
Spink11,1,False
Spink12,1,False
Spink13,0,False
Spink14,1,False
Spink2,2,False
Spink4,0,False
Spink5,2,False
Spink6,1,False
Spink7,0,False
Spink8,4,True
Spinkl,0,False
Spint1,3,True
Spint2,5,True
Spint3,0,False
Spint4,0,False
Spint5,1,False
Spire1,6,True
Spire2,5,True
Spn,2,False
Spns1,6,True
Spns2,6,True
Spns3,2,False
Spo11,0,False
Spocd1,0,False
Spock1,6,True
Spock2,6,True
Spock3,6,True
Spon1,6,True
Spon2,2,False
Spop,6,True
Spopl,6,True
Spp1,4,True
Spp2,3,True
Sppl2a,6,True
Sppl2b,6,True
Sppl2c,0,False
Sppl3,6,True
Spr,6,True
Spr-ps1,6,True
Spred1,6,True
Spred2,6,True
Spred3,6,True
Sprn,6,True
Sprr1a,0,False
Sprr1b,0,False
Sprr2a1,0,False
Sprr2a2,0,False
Sprr2a3,0,False
Sprr2b,0,False
Sprr2c-ps,1,False
Sprr2d,1,False
Sprr2e,0,False
Sprr2f,1,False
Sprr2g,0,False
Sprr2h,0,False
Sprr2i,0,False
Sprr2j-ps,0,False
Sprr2k,0,False
Sprr3,1,False
Sprr4,0,False
Sprtn,5,True
Spry1,6,True
Spry2,6,True
Spry4,6,True
Spryd3,6,True
Spryd4,6,True
Spryd7,6,True
Spsb1,6,True
Spsb2,6,True
Spsb3,6,True
Spsb4,6,True
Spta1,3,True
Sptan1,6,True
Sptb,6,True
Sptbn1,6,True
Sptbn2,6,True
Sptbn4,6,True
Sptbn5,3,True
Sptlc1,6,True
Sptlc2,6,True
Sptlc3,0,False
Sptssa,6,True
Sptssb,6,True
Spty2d1,6,True
Spx,4,True
Spz1,0,False
Sqle,6,True
Sqrdl,6,True
Sqstm1,6,True
Sra1,6,True
Srbd1,6,True
Src,6,True
Srcap,6,True
Srcin1,6,True
Srd5a1,6,True
Srd5a2,0,False
Srd5a3,6,True
Srebf1,6,True
Srebf2,6,True
Srek1,6,True
Srek1ip1,6,True
Srf,6,True
Srfbp1,6,True
Srgap1,6,True
Srgap2,6,True
Srgap3,6,True
Srgn,4,True
Sri,6,True
Srl,6,True
Srm,6,True
Srms,4,True
Srp14,6,True
Srp19,6,True
Srp54a,6,True
Srp54b,6,True
Srp68,6,True
Srp72,6,True
Srp9,6,True
Srpk1,6,True
Srpk2,6,True
Srpk3,6,True
Srpr,6,True
Srprb,6,True
Srpx,6,True
Srpx2,0,False
Srr,6,True
Srrd,5,True
Srrm1,6,True
Srrm2,6,True
Srrm3,6,True
Srrm3os,0,False
Srrm4,6,True
Srrm4os,2,False
Srrt,6,True
Srsf1,6,True
Srsf10,6,True
Srsf11,6,True
Srsf12,6,True
Srsf2,6,True
Srsf3,6,True
Srsf4,6,True
Srsf5,6,True
Srsf6,6,True
Srsf7,6,True
Srsf9,6,True
Srsx,0,False
Srsy,0,False
Srxn1,6,True
Sry,0,False
Ss18,6,True
Ss18l1,6,True
Ssb,6,True
Ssbp1,6,True
Ssbp2,6,True
Ssbp3,6,True
Ssbp4,6,True
Ssc4d,4,True
Ssc5d,3,True
Ssfa2,6,True
Ssh1,6,True
Ssh2,6,True
Ssh3,6,True
Ssmem1,0,False
Ssna1,6,True
Sspn,6,True
Sspnos,6,True
Sspo,3,True
Ssr1,6,True
Ssr2,6,True
Ssr3,6,True
Ssr4,6,True
Ssrp1,6,True
Sssca1,6,True
Sst,4,True
Sstr1,6,True
Sstr2,6,True
Sstr3,3,True
Sstr4,2,False
Sstr5,0,False
Ssty1,0,False
Ssty2,1,False
Ssu2,1,False
Ssu72,6,True
Ssx2ip,6,True
Ssx9,0,False
Ssxa1,0,False
Ssxb1,1,False
Ssxb10,1,False
Ssxb2,1,False
Ssxb3,0,False
Ssxb5,0,False
Ssxb6,0,False
Ssxb8,0,False
Ssxb9,0,False
St13,6,True
St14,6,True
St18,5,True
St3gal1,5,True
St3gal2,6,True
St3gal3,6,True
St3gal4,6,True
St3gal5,6,True
St3gal6,6,True
St5,6,True
St6gal1,6,True
St6gal2,6,True
St6galnac1,2,False
St6galnac2,6,True
St6galnac3,6,True
St6galnac4,6,True
St6galnac5,6,True
St6galnac6,6,True
St7,6,True
St7l,6,True
St8sia1,6,True
St8sia2,6,True
St8sia3,6,True
St8sia3os,2,False
St8sia4,6,True
St8sia5,6,True
St8sia6,2,False
Stab1,6,True
Stab2,6,True
Stac,0,False
Stac2,4,True
Stac3,5,True
Stag1,6,True
Stag2,6,True
Stag3,6,True
Stam,6,True
Stam2,6,True
Stambp,6,True
Stambpl1,6,True
Stamos,5,True
Stap1,4,True
Stap2,0,False
Star,6,True
Stard10,6,True
Stard13,6,True
Stard3,6,True
Stard3nl,6,True
Stard4,6,True
Stard5,6,True
Stard6,6,True
Stard7,6,True
Stard8,6,True
Stard9,6,True
Stat1,6,True
Stat2,6,True
Stat3,6,True
Stat4,2,False
Stat5a,6,True
Stat5b,6,True
Stat6,5,True
Stau1,6,True
Stau2,6,True
Stbd1,1,False
Stc1,2,False
Stc2,5,True
Steap1,5,True
Steap2,6,True
Steap3,6,True
Steap4,0,False
Stfa1,0,False
Stfa2,0,False
Stfa2l1,0,False
Stfa3,0,False
Stil,4,True
Stim1,6,True
Stim2,6,True
Stip1,6,True
Stk-ps1,0,False
Stk-ps2,1,False
Stk10,6,True
Stk11,6,True
Stk11ip,6,True
Stk16,6,True
Stk17b,6,True
Stk19,6,True
Stk19-ps1,6,True
Stk24,6,True
Stk25,6,True
Stk26,3,True
Stk3,6,True
Stk31,1,False
Stk32a,6,True
Stk32b,5,True
Stk32c,2,False
Stk33,4,True
Stk35,6,True
Stk36,6,True
Stk38,6,True
Stk38l,6,True
Stk39,6,True
Stk4,6,True
Stk40,6,True
Stkld1,3,True
Stmn1,6,True
Stmn2,5,True
Stmn3,6,True
Stmn4,6,True
Stmnd1,1,False
Stom,6,True
Stoml1,6,True
Stoml2,6,True
Stoml3,0,False
Ston1,5,True
Ston2,6,True
Stox1,5,True
Stox2,6,True
Stpg1,3,True
Stpg2,1,False
Stpg3,0,False
Stra13,6,True
Stra6,6,True
Stra6l,3,True
Stra8,0,False
Strada,6,True
Stradb,6,True
Strap,6,True
Strbp,6,True
Strc,2,False
Strip1,6,True
Strip2,6,True
Strn,6,True
Strn3,6,True
Strn4,6,True
Stt3a,6,True
Stt3b,6,True
Stub1,6,True
Stx11,1,False
Stx12,6,True
Stx16,6,True
Stx17,6,True
Stx18,6,True
Stx19,6,True
Stx1a,6,True
Stx1b,6,True
Stx2,6,True
Stx3,6,True
Stx4a,6,True
Stx5a,6,True
Stx6,6,True
Stx7,6,True
Stx8,6,True
Stxbp1,6,True
Stxbp2,6,True
Stxbp3,6,True
Stxbp3-ps,6,True
Stxbp4,6,True
Stxbp5,6,True
Stxbp5l,6,True
Stxbp6,6,True
Styk1,3,True
Styx,6,True
Styxl1,6,True
Sub1,6,True
Sucla2,6,True
Suclg1,6,True
Suclg2,6,True
Sucnr1,2,False
Suco,6,True
Suds3,6,True
Sufu,6,True
Sugct,5,True
Sugp1,6,True
Sugp2,6,True
Sugt1,6,True
Sulf1,6,True
Sulf2,6,True
Sult1a1,6,True
Sult1b1,1,False
Sult1c1,0,False
Sult1c2,0,False
Sult1c2-ps1,0,False
Sult1c2-ps2,0,False
Sult1d1,3,True
Sult1e1,0,False
Sult2a-ps1,0,False
Sult2a-ps2,1,False
Sult2a-ps3,0,False
Sult2a-ps4,0,False
Sult2a1,0,False
Sult2a2,0,False
Sult2a3,1,False
Sult2a4,0,False
Sult2a5,0,False
Sult2a6,1,False
Sult2a7,1,False
Sult2a8,2,False
Sult2b1,6,True
Sult3a1,0,False
Sult3a2,0,False
Sult4a1,6,True
Sult5a1,1,False
Sult6b1,3,True
Sult6b2,0,False
Sumf1,6,True
Sumf2,6,True
Sumo1,6,True
Sumo2,6,True
Sumo3,6,True
Sun1,6,True
Sun2,6,True
Sun3,1,False
Sun5,0,False
Suox,6,True
Supt16,6,True
Supt20,6,True
Supt20-ps,0,False
Supt3,6,True
Supt4a,6,True
Supt5,6,True
Supt6,6,True
Supt7l,6,True
Supv3l1,6,True
Surf1,6,True
Surf2,6,True
Surf4,6,True
Surf6,6,True
Susd1,6,True
Susd2,2,False
Susd3,3,True
Susd4,6,True
Susd5,6,True
Susd6,6,True
Suv39h1,6,True
Suv39h2,6,True
Suv420h1,6,True
Suv420h2,6,True
Suz12,6,True
Sv2a,6,True
Sv2b,6,True
Sv2c,5,True
Sva,0,False
Sval1,0,False
Sval2,0,False
Sval3,0,False
Svbp,6,True
Svep1,6,True
Svil,6,True
Svip,6,True
Svop,6,True
Svopl,1,False
Svs1,1,False
Svs2,1,False
Svs3a,2,False
Svs3b,0,False
Svs4,0,False
Svs5,1,False
Svs6,0,False
Swap70,6,True
Swi5,6,True
Swsap1,6,True
Swt1,6,True
Syap1,6,True
Sybu,6,True
Syce1,2,False
Syce1l,1,False
Syce2,6,True
Syce3,0,False
Sycn,0,False
Sycp1,4,True
Sycp1-ps1,1,False
Sycp2,6,True
Sycp2l,2,False
Sycp3,5,True
Syde1,6,True
Syde2,6,True
Syf2,6,True
Syk,3,True
Sympk,6,True
Syn1,6,True
Syn2,6,True
Syn3,6,True
Syna,1,False
Synb,3,True
Sync,2,False
Syncrip,6,True
Syndig1,6,True
Syndig1l,1,False
Syne1,6,True
Syne2,6,True
Syne3,6,True
Syne4,6,True
Syngap1,6,True
Syngr1,6,True
Syngr2,6,True
Syngr3,6,True
Syngr4,2,False
Synj1,6,True
Synj2,5,True
Synj2bp,6,True
Synm,6,True
Synpo,6,True
Synpo2,4,True
Synpo2l,1,False
Synpr,6,True
Synrg,6,True
Syp,6,True
Sypl,6,True
Sypl2,6,True
Sys1,6,True
Syt1,6,True
Syt10,3,True
Syt11,6,True
Syt12,6,True
Syt13,6,True
Syt14,6,True
Syt15,2,False
Syt16,6,True
Syt17,6,True
Syt2,4,True
Syt3,6,True
Syt4,5,True
Syt5,6,True
Syt6,6,True
Syt7,6,True
Syt8,1,False
Syt9,4,True
Sytl1,0,False
Sytl2,6,True
Sytl3,2,False
Sytl4,1,False
Sytl5,4,True
Syvn1,6,True
Szrd1,6,True
Szt2,6,True
T,1,False
T2,3,True
TINCR,5,True
Taar1,0,False
Taar2,0,False
Taar3,1,False
Taar4,0,False
Taar5,1,False
Taar6,0,False
Taar7a,0,False
Taar7b,0,False
Taar7c-ps,0,False
Taar7d,0,False
Taar7e,2,False
Taar7f,0,False
Taar8a,0,False
Taar8b,0,False
Taar8c,0,False
Taar9,0,False
Tab1,6,True
Tab2,6,True
Tab3,5,True
Tac1,6,True
Tac2,6,True
Tac4,1,False
Tacc1,6,True
Tacc2,6,True
Tacc3,6,True
Taco1,5,True
Taco1os,6,True
Tacr1,1,False
Tacr2,3,True
Tacr3,1,False
Tacstd2,0,False
Tada1,6,True
Tada2a,6,True
Tada2b,6,True
Tada3,6,True
Taf1,6,True
Taf10,6,True
Taf11,6,True
Taf12,6,True
Taf13,6,True
Taf15,6,True
Taf1a,5,True
Taf1b,6,True
Taf1c,6,True
Taf1d,6,True
Taf2,6,True
Taf3,6,True
Taf4,6,True
Taf4b,6,True
Taf5,6,True
Taf5l,6,True
Taf6,6,True
Taf6l,6,True
Taf7,6,True
Taf7l,5,True
Taf8,6,True
Taf9,6,True
Taf9b,6,True
Tagap,6,True
Tagap1,6,True
Tagln,4,True
Tagln2,6,True
Tagln3,6,True
Tal1,0,False
Tal2,0,False
Taldo1,6,True
Tamm41,6,True
Tanc1,6,True
Tanc2,6,True
Tango2,6,True
Tango6,6,True
Tank,6,True
Taok1,6,True
Taok2,6,True
Taok3,6,True
Tap1,6,True
Tap2,6,True
Tapbp,6,True
Tapbpl,6,True
Tapt1,6,True
Tarbp2,6,True
Tardbp,6,True
Tarm1,0,False
Tars,6,True
Tars2,6,True
Tarsl2,6,True
Tas1r1,3,True
Tas1r2,0,False
Tas1r3,3,True
Tas2r102,0,False
Tas2r103,1,False
Tas2r104,0,False
Tas2r105,0,False
Tas2r106,0,False
Tas2r107,0,False
Tas2r108,0,False
Tas2r109,0,False
Tas2r110,0,False
Tas2r111-ps2,0,False
Tas2r113,0,False
Tas2r114,0,False
Tas2r115,0,False
Tas2r116,0,False
Tas2r117,0,False
Tas2r118,0,False
Tas2r119,0,False
Tas2r120,0,False
Tas2r121,0,False
Tas2r122,0,False
Tas2r123,1,False
Tas2r124,0,False
Tas2r125,0,False
Tas2r126,0,False
Tas2r129,0,False
Tas2r130,0,False
Tas2r131,0,False
Tas2r134,1,False
Tas2r135,1,False
Tas2r136,0,False
Tas2r137,0,False
Tas2r138,0,False
Tas2r139,0,False
Tas2r140,0,False
Tas2r141-ps4,0,False
Tas2r142-ps5,0,False
Tas2r143,0,False
Tas2r144,0,False
Tas2r145-ps3,0,False
Tas2r146-ps1,0,False
Tasp1,6,True
Tat,0,False
Tatdn1,6,True
Tatdn2,5,True
Tatdn3,6,True
Tax1bp1,6,True
Tax1bp3,6,True
Taz,6,True
Tbata,1,False
Tbc1d1,6,True
Tbc1d10a,6,True
Tbc1d10b,6,True
Tbc1d10c,2,False
Tbc1d12,6,True
Tbc1d13,6,True
Tbc1d14,6,True
Tbc1d15,6,True
Tbc1d16,6,True
Tbc1d17,6,True
Tbc1d19,6,True
Tbc1d2,6,True
Tbc1d20,6,True
Tbc1d21,1,False
Tbc1d22a,6,True
Tbc1d22b,6,True
Tbc1d22bos,4,True
Tbc1d23,6,True
Tbc1d24,6,True
Tbc1d25,5,True
Tbc1d2b,6,True
Tbc1d30,6,True
Tbc1d31,6,True
Tbc1d32,6,True
Tbc1d4,6,True
Tbc1d5,6,True
Tbc1d7,6,True
Tbc1d8,6,True
Tbc1d8b,5,True
Tbc1d9,6,True
Tbc1d9b,6,True
Tbca,6,True
Tbcb,6,True
Tbcc,6,True
Tbccd1,6,True
Tbcd,6,True
Tbce,6,True
Tbcel,6,True
Tbck,6,True
Tbk1,6,True
Tbkbp1,6,True
Tbl1x,6,True
Tbl1xr1,6,True
Tbl2,6,True
Tbl3,6,True
Tbp,6,True
Tbpl1,6,True
Tbpl2,0,False
Tbr1,6,True
Tbrg1,6,True
Tbrg4,6,True
Tbx1,0,False
Tbx10,1,False
Tbx15,2,False
Tbx18,3,True
Tbx19,2,False
Tbx2,1,False
Tbx20,3,True
Tbx21,1,False
Tbx22,0,False
Tbx3,1,False
Tbx3os1,1,False
Tbx3os2,0,False
Tbx4,0,False
Tbx5,3,True
Tbx6,4,True
Tbxa2r,1,False
Tbxas1,6,True
Tc2n,3,True
Tcaf1,6,True
Tcaf2,3,True
Tcaf3,1,False
Tcaim,6,True
Tcam1,5,True
Tcap,3,True
Tcea1,6,True
Tcea1-ps1,6,True
Tcea2,6,True
Tcea3,2,False
Tceal1,6,True
Tceal3,6,True
Tceal5,6,True
Tceal6,6,True
Tceal7,5,True
Tceal8,6,True
Tceanc,6,True
Tceanc2,6,True
Tceb1,6,True
Tceb2,6,True
Tceb3,6,True
Tcerg1,6,True
Tcerg1l,4,True
Tcf12,6,True
Tcf15,0,False
Tcf19,6,True
Tcf20,6,True
Tcf21,0,False
Tcf23,0,False
Tcf24,2,False
Tcf25,6,True
Tcf3,6,True
Tcf4,6,True
Tcf7,5,True
Tcf7l1,6,True
Tcf7l2,6,True
Tcfl5,1,False
Tchh,6,True
Tchhl1,0,False
Tchp,6,True
Tcirg1,6,True
Tcl1,0,False
Tcl1b1,0,False
Tcl1b2,1,False
Tcl1b3,1,False
Tcl1b4,1,False
Tcl1b5,1,False
Tcn2,6,True
Tcof1,6,True
Tcp1,6,True
Tcp1-ps1,6,True
Tcp10a,2,False
Tcp10b,2,False
Tcp10c,2,False
Tcp11,1,False
Tcp11l1,6,True
Tcp11l2,6,True
Tcp11x2,0,False
Tcrg-C1,1,False
Tcrg-C2,0,False
Tcrg-C3,0,False
Tcrg-C4,1,False
Tcrg-V3,0,False
Tcrg-V4,0,False
Tcrg-V5,0,False
Tcrg-V6,0,False
Tcrg-V7,0,False
Tcstv1,0,False
Tcstv3,0,False
Tcta,6,True
Tcte1,0,False
Tcte2,6,True
Tcte3,5,True
Tctex1d1,2,False
Tctex1d2,6,True
Tctex1d4,0,False
Tctn1,6,True
Tctn2,6,True
Tctn3,6,True
Tdg,6,True
Tdg-ps,6,True
Tdgf1,4,True
Tdgf1-ps1,2,False
Tdgf1-ps2,0,False
Tdh,1,False
Tdo2,5,True
Tdp1,6,True
Tdp2,6,True
Tdpoz1,1,False
Tdpoz2,0,False
Tdpoz3,0,False
Tdpoz4,0,False
Tdpoz5,0,False
Tdpx-ps1,6,True
Tdrd1,1,False
Tdrd12,2,False
Tdrd3,6,True
Tdrd5,3,True
Tdrd6,2,False
Tdrd7,6,True
Tdrd9,3,True
Tdrkh,6,True
Tdrp,5,True
Tead1,6,True
Tead2,6,True
Tead3,6,True
Tead4,1,False
Tec,5,True
Tecpr1,6,True
Tecpr2,6,True
Tecr,6,True
Tecrl,2,False
Tecta,5,True
Tectb,2,False
Teddm1a,0,False
Teddm1b,5,True
Teddm2,6,True
Teddm3,0,False
Tef,6,True
Tefm,6,True
Tek,4,True
Tekt1,5,True
Tekt2,2,False
Tekt3,1,False
Tekt4,5,True
Tekt5,3,True
Telo2,6,True
Ten1,6,True
Tenm1,6,True
Tenm2,6,True
Tenm3,6,True
Tenm4,6,True
Tep1,6,True
Tepp,5,True
Terc,0,False
Terf1,6,True
Terf2,6,True
Terf2ip,6,True
Tert,4,True
Tes,6,True
Tes3-ps,6,True
Tesc,5,True
Tescl,1,False
Tesk1,6,True
Tesk2,6,True
Tespa1,1,False
Tet1,6,True
Tet2,6,True
Tet3,6,True
Tex10,6,True
Tex101,1,False
Tex11,4,True
Tex12,6,True
Tex13,0,False
Tex13a,0,False
Tex14,2,False
Tex15,4,True
Tex16,0,False
Tex19.1,0,False
Tex19.2,0,False
Tex2,6,True
Tex21,0,False
Tex22,1,False
Tex24,1,False
Tex26,3,True
Tex261,6,True
Tex264,6,True
Tex28,0,False
Tex29,1,False
Tex30,6,True
Tex33,3,True
Tex35,0,False
Tex36,0,False
Tex37,0,False
Tex38,0,False
Tex40,4,True
Tex43,1,False
Tex9,6,True
Tfam,6,True
Tfap2a,0,False
Tfap2b,3,True
Tfap2c,6,True
Tfap2d,0,False
Tfap2e,1,False
Tfap4,5,True
Tfb1m,6,True
Tfb2m,6,True
Tfcp2,6,True
Tfcp2l1,6,True
Tfdp1,6,True
Tfdp2,6,True
Tfe3,6,True
Tfeb,6,True
Tfec,4,True
Tff1,0,False
Tff2,0,False
Tff3,0,False
Tfg,6,True
Tfip11,6,True
Tfpi,4,True
Tfpi2,0,False
Tfpt,6,True
Tfr2,5,True
Tfrc,6,True
Tg,3,True
Tgds,6,True
Tgfa,6,True
Tgfb1,4,True
Tgfb1i1,6,True
Tgfb2,6,True
Tgfb3,6,True
Tgfbi,5,True
Tgfbr1,6,True
Tgfbr2,6,True
Tgfbr3,6,True
Tgfbr3l,6,True
Tgfbrap1,6,True
Tgif1,5,True
Tgif1-ps,0,False
Tgif2,5,True
Tgif2-ps1,0,False
Tgif2-ps2,5,True
Tgif2lx1,0,False
Tgif2lx2,0,False
Tgm1,1,False
Tgm2,6,True
Tgm3,0,False
Tgm4,3,True
Tgm5,3,True
Tgm6,1,False
Tgm7,1,False
Tgoln1,6,True
Tgs1,6,True
Tgtp1,3,True
Tgtp2,2,False
Th,1,False
Tha1,5,True
Thada,6,True
Thap1,6,True
Thap11,6,True
Thap2,6,True
Thap3,6,True
Thap4,6,True
Thap6,6,True
Thap7,6,True
Thap8,4,True
Thbd,3,True
Thbs1,2,False
Thbs2,6,True
Thbs3,6,True
Thbs4,6,True
Theg,2,False
Thegl,0,False
Them4,6,True
Them5,3,True
Them6,6,True
Them7,0,False
Themis,1,False
Themis2,3,True
Themis3,0,False
Thg1l,6,True
Thnsl1,6,True
Thnsl2,6,True
Thoc1,6,True
Thoc2,6,True
Thoc3,6,True
Thoc5,6,True
Thoc6,6,True
Thoc7,6,True
Thop1,6,True
Thpo,5,True
Thra,6,True
Thrap3,6,True
Thrb,6,True
Thrsp,6,True
Thsd1,5,True
Thsd4,5,True
Thsd7a,6,True
Thsd7b,6,True
Thtpa,6,True
Thumpd1,6,True
Thumpd2,6,True
Thumpd3,6,True
Thy1,6,True
Thyn1,6,True
Tia1,6,True
Tial1,6,True
Tiam1,6,True
Tiam2,6,True
Ticam1,6,True
Ticam2,4,True
Ticrr,6,True
Tie1,1,False
Tifa,6,True
Tifab,2,False
Tigar,5,True
Tigd2,6,True
Tigd3,2,False
Tigd4,1,False
Tigd5,5,True
Tigit,1,False
Timd2,1,False
Timd4,4,True
Timeless,6,True
Timm10,6,True
Timm10b,6,True
Timm13,6,True
Timm17a,6,True
Timm17b,6,True
Timm21,6,True
Timm22,6,True
Timm23,6,True
Timm44,6,True
Timm50,6,True
Timm8a1,6,True
Timm8a2,1,False
Timm8b,6,True
Timm9,6,True
Timmdc1,6,True
Timp1,3,True
Timp2,6,True
Timp3,6,True
Timp4,6,True
Tinag,0,False
Tinagl1,4,True
Tinf2,6,True
Tiparp,6,True
Tipin,6,True
Tiprl,6,True
Tirap,6,True
Tjap1,6,True
Tjp1,6,True
Tjp2,6,True
Tjp3,4,True
Tk1,6,True
Tk2,6,True
Tkfc,6,True
Tkt,6,True
Tktl1,0,False
Tktl2,1,False
Tlcd1,6,True
Tlcd2,5,True
Tldc1,6,True
Tldc2,1,False
Tle1,6,True
Tle2,6,True
Tle3,6,True
Tle4,6,True
Tle6,6,True
Tlk1,6,True
Tlk2,6,True
Tll1,1,False
Tll2,2,False
Tln1,6,True
Tln2,6,True
Tlr1,4,True
Tlr11,0,False
Tlr12,1,False
Tlr13,3,True
Tlr2,6,True
Tlr3,6,True
Tlr4,4,True
Tlr5,4,True
Tlr6,5,True
Tlr7,5,True
Tlr8,2,False
Tlr9,2,False
Tlx1,0,False
Tlx1os,0,False
Tlx2,0,False
Tlx3,0,False
Tm2d1,6,True
Tm2d2,6,True
Tm2d3,6,True
Tm4sf1,4,True
Tm4sf19,0,False
Tm4sf20,2,False
Tm4sf4,2,False
Tm4sf5,1,False
Tm6sf1,4,True
Tm6sf2,3,True
Tm7sf2,6,True
Tm7sf3,6,True
Tm9sf1,6,True
Tm9sf2,6,True
Tm9sf3,6,True
Tm9sf4,6,True
Tma16,5,True
Tma7,6,True
Tma7-ps,6,True
Tmbim1,6,True
Tmbim4,6,True
Tmbim6,6,True
Tmbim7,1,False
Tmc1,2,False
Tmc2,2,False
Tmc3,2,False
Tmc4,6,True
Tmc4-ps,0,False
Tmc5,4,True
Tmc6,5,True
Tmc7,6,True
Tmc8,3,True
Tmcc1,6,True
Tmcc2,6,True
Tmcc3,6,True
Tmcc3os,2,False
Tmco1,6,True
Tmco2,1,False
Tmco3,6,True
Tmco4,6,True
Tmco5,4,True
Tmco5b,1,False
Tmco6,6,True
Tmed1,6,True
Tmed10,6,True
Tmed11,0,False
Tmed2,6,True
Tmed3,6,True
Tmed4,6,True
Tmed5,6,True
Tmed6,0,False
Tmed7,6,True
Tmed8,6,True
Tmed9,6,True
Tmeff1,6,True
Tmeff2,6,True
Tmem100,6,True
Tmem101,6,True
Tmem102,3,True
Tmem104,6,True
Tmem106a,6,True
Tmem106b,6,True
Tmem106c,6,True
Tmem107,6,True
Tmem108,6,True
Tmem109,6,True
Tmem11,6,True
Tmem110,6,True
Tmem114,3,True
Tmem115,6,True
Tmem116,6,True
Tmem117,4,True
Tmem119,5,True
Tmem120a,6,True
Tmem120b,6,True
Tmem121,6,True
Tmem123,6,True
Tmem125,6,True
Tmem126a,6,True
Tmem126b,6,True
Tmem127,6,True
Tmem128,6,True
Tmem129,6,True
Tmem130,5,True
Tmem131,6,True
Tmem132a,6,True
Tmem132b,6,True
Tmem132c,6,True
Tmem132cos,0,False
Tmem132d,6,True
Tmem132e,6,True
Tmem134,6,True
Tmem135,6,True
Tmem136,6,True
Tmem138,6,True
Tmem139,1,False
Tmem140,4,True
Tmem141,6,True
Tmem143,6,True
Tmem144,6,True
Tmem145,6,True
Tmem147,6,True
Tmem147os,6,True
Tmem14a,6,True
Tmem14c,6,True
Tmem150a,6,True
Tmem150b,1,False
Tmem150c,6,True
Tmem150cos,1,False
Tmem151a,6,True
Tmem151b,6,True
Tmem154,1,False
Tmem156,3,True
Tmem158,6,True
Tmem159,6,True
Tmem160,6,True
Tmem161a,6,True
Tmem161b,6,True
Tmem163,6,True
Tmem164,6,True
Tmem165,6,True
Tmem167,6,True
Tmem167-ps1,0,False
Tmem167-ps2,1,False
Tmem167-ps3,0,False
Tmem167b,6,True
Tmem168,6,True
Tmem169,6,True
Tmem17,6,True
Tmem170,2,False
Tmem170b,6,True
Tmem171,0,False
Tmem173,6,True
Tmem174,0,False
Tmem175,6,True
Tmem176a,6,True
Tmem176b,6,True
Tmem177,6,True
Tmem178,6,True
Tmem178b,6,True
Tmem179,6,True
Tmem18,6,True
Tmem180,6,True
Tmem181a,6,True
Tmem181b-ps,6,True
Tmem181c-ps,6,True
Tmem182,2,False
Tmem183a,6,True
Tmem184a,1,False
Tmem184b,6,True
Tmem184c,6,True
Tmem185b,6,True
Tmem186,6,True
Tmem189,6,True
Tmem19,6,True
Tmem190,1,False
Tmem191c,6,True
Tmem192,6,True
Tmem194,5,True
Tmem194b,6,True
Tmem196,6,True
Tmem198,6,True
Tmem198b,6,True
Tmem199,6,True
Tmem2,6,True
Tmem200a,6,True
Tmem200b,3,True
Tmem200c,6,True
Tmem201,6,True
Tmem202,3,True
Tmem203,6,True
Tmem204,5,True
Tmem205,6,True
Tmem206,6,True
Tmem207,2,False
Tmem208,6,True
Tmem209,6,True
Tmem210,0,False
Tmem211,0,False
Tmem212,0,False
Tmem213,0,False
Tmem214,6,True
Tmem215,3,True
Tmem216,6,True
Tmem217,5,True
Tmem218,6,True
Tmem219,6,True
Tmem220,5,True
Tmem221,2,False
Tmem222,6,True
Tmem225,1,False
Tmem229a,6,True
Tmem229b,6,True
Tmem229b-ps,3,True
Tmem230,6,True
Tmem231,6,True
Tmem232,1,False
Tmem233,0,False
Tmem234,6,True
Tmem235,0,False
Tmem236,1,False
Tmem237,6,True
Tmem238,6,True
Tmem239,0,False
Tmem240,6,True
Tmem241,6,True
Tmem242,6,True
Tmem243,6,True
Tmem245,6,True
Tmem246,6,True
Tmem247,0,False
Tmem248,6,True
Tmem25,6,True
Tmem251,6,True
Tmem252,4,True
Tmem253,4,True
Tmem254a,6,True
Tmem254b,6,True
Tmem254c,6,True
Tmem255a,6,True
Tmem255b,6,True
Tmem256,6,True
Tmem258,6,True
Tmem259,6,True
Tmem26,1,False
Tmem260,6,True
Tmem261,6,True
Tmem263,6,True
Tmem265,0,False
Tmem266,5,True
Tmem27,1,False
Tmem28,5,True
Tmem29,6,True
Tmem30a,6,True
Tmem30b,0,False
Tmem30c,1,False
Tmem33,6,True
Tmem35,6,True
Tmem37,6,True
Tmem38a,6,True
Tmem38b,6,True
Tmem39a,6,True
Tmem39b,6,True
Tmem40,6,True
Tmem41a,6,True
Tmem41b,6,True
Tmem42,6,True
Tmem43,6,True
Tmem44,6,True
Tmem45a,1,False
Tmem45a2,0,False
Tmem45b,0,False
Tmem47,6,True
Tmem5,6,True
Tmem50a,6,True
Tmem50b,6,True
Tmem51,6,True
Tmem51os1,6,True
Tmem52,6,True
Tmem52b,1,False
Tmem53,6,True
Tmem54,1,False
Tmem55a,6,True
Tmem55b,6,True
Tmem56,6,True
Tmem57,6,True
Tmem59,6,True
Tmem59l,6,True
Tmem60,6,True
Tmem61,2,False
Tmem62,6,True
Tmem63a,5,True
Tmem63b,6,True
Tmem63c,5,True
Tmem64,6,True
Tmem65,6,True
Tmem67,6,True
Tmem68,6,True
Tmem69,6,True
Tmem70,6,True
Tmem71,3,True
Tmem72,5,True
Tmem74,5,True
Tmem74b,6,True
Tmem74bos,1,False
Tmem79,5,True
Tmem8,6,True
Tmem80,6,True
Tmem81,4,True
Tmem82,6,True
Tmem86a,6,True
Tmem86b,5,True
Tmem87a,6,True
Tmem87b,6,True
Tmem88,6,True
Tmem88b,6,True
Tmem89,3,True
Tmem8b,6,True
Tmem8c,2,False
Tmem9,6,True
Tmem91,6,True
Tmem92,1,False
Tmem94,6,True
Tmem95,0,False
Tmem97,6,True
Tmem98,6,True
Tmem9b,6,True
Tmf1,6,True
Tmie,6,True
Tmigd1,0,False
Tmigd3,1,False
Tmod1,6,True
Tmod2,6,True
Tmod3,6,True
Tmod4,4,True
Tmpo,6,True
Tmppe,6,True
Tmprss11a,0,False
Tmprss11b,0,False
Tmprss11c,0,False
Tmprss11d,2,False
Tmprss11e,1,False
Tmprss11f,2,False
Tmprss11g,2,False
Tmprss12,1,False
Tmprss13,0,False
Tmprss15,2,False
Tmprss2,1,False
Tmprss3,1,False
Tmprss4,0,False
Tmprss5,4,True
Tmprss6,3,True
Tmprss7,4,True
Tmprss9,2,False
Tmsb10,6,True
Tmsb15a,0,False
Tmsb15b1,6,True
Tmsb15b2,6,True
Tmsb15l,4,True
Tmsb4x,6,True
Tmtc1,6,True
Tmtc2,6,True
Tmtc3,6,True
Tmtc4,6,True
Tmub1,6,True
Tmub2,6,True
Tmx1,6,True
Tmx2,6,True
Tmx3,6,True
Tmx4,6,True
Tnc,6,True
Tnf,3,True
Tnfaip1,6,True
Tnfaip2,6,True
Tnfaip3,6,True
Tnfaip6,6,True
Tnfaip8,6,True
Tnfaip8l1,6,True
Tnfaip8l2,4,True
Tnfaip8l3,1,False
Tnfrsf10b,5,True
Tnfrsf11a,3,True
Tnfrsf11b,5,True
Tnfrsf12a,6,True
Tnfrsf13b,4,True
Tnfrsf13c,3,True
Tnfrsf14,1,False
Tnfrsf17,1,False
Tnfrsf18,5,True
Tnfrsf19,6,True
Tnfrsf1a,6,True
Tnfrsf1b,3,True
Tnfrsf21,6,True
Tnfrsf22,6,True
Tnfrsf23,6,True
Tnfrsf25,3,True
Tnfrsf26,1,False
Tnfrsf4,3,True
Tnfrsf8,2,False
Tnfrsf9,2,False
Tnfsf10,2,False
Tnfsf11,1,False
Tnfsf12,6,True
Tnfsf13,6,True
Tnfsf13b,4,True
Tnfsf13os,5,True
Tnfsf14,2,False
Tnfsf15,0,False
Tnfsf18,2,False
Tnfsf4,0,False
Tnfsf8,1,False
Tnfsf9,6,True
Tnfsfm13,4,True
Tnik,6,True
Tnip1,6,True
Tnip2,6,True
Tnip3,1,False
Tnk1,2,False
Tnk2,6,True
Tnk2os,0,False
Tnks,6,True
Tnks1bp1,6,True
Tnks2,6,True
Tnmd,0,False
Tnn,2,False
Tnnc1,1,False
Tnnc2,0,False
Tnni1,5,True
Tnni2,3,True
Tnni3,3,True
Tnni3k,0,False
Tnnt1,3,True
Tnnt2,5,True
Tnnt3,4,True
Tnp1,0,False
Tnp2,1,False
Tnpo1,6,True
Tnpo2,6,True
Tnpo3,6,True
Tnr,6,True
Tnrc18,6,True
Tnrc6a,6,True
Tnrc6b,6,True
Tnrc6c,6,True
Tns1,6,True
Tns2,6,True
Tns3,6,True
Tns4,4,True
Tnxa,2,False
Tnxb,4,True
Tob1,6,True
Tob2,6,True
Toe1,6,True
Tollip,6,True
Tom1,6,True
Tom1l1,6,True
Tom1l2,6,True
Tomm20,6,True
Tomm20l,0,False
Tomm22,6,True
Tomm34,6,True
Tomm40,6,True
Tomm40l,6,True
Tomm5,6,True
Tomm6,6,True
Tomm6os,6,True
Tomm7,6,True
Tomm70a,6,True
Tomt,5,True
Tonsl,6,True
Top1,6,True
Top1mt,6,True
Top2a,6,True
Top2b,6,True
Top3a,6,True
Top3b,6,True
Topaz1,1,False
Topbp1,6,True
Topors,6,True
Toporsl,0,False
Toporsos,6,True
Tor1a,6,True
Tor1aip1,6,True
Tor1aip2,6,True
Tor1b,6,True
Tor2a,6,True
Tor3a,6,True
Tor4a,5,True
Tox,6,True
Tox2,6,True
Tox3,6,True
Tox4,6,True
Tpbg,6,True
Tpbgl,6,True
Tpbpa,1,False
Tpbpb,0,False
Tpcn1,6,True
Tpcn2,6,True
Tpd52,6,True
Tpd52-ps,6,True
Tpd52l1,6,True
Tpd52l2,6,True
Tpgs1,6,True
Tpgs2,6,True
Tph1,2,False
Tph2,5,True
Tpi-rs11,6,True
Tpi-rs2,0,False
Tpi-rs8,1,False
Tpi1,6,True
Tpk1,6,True
Tpm1,6,True
Tpm2,5,True
Tpm3,6,True
Tpm3-rs2,0,False
Tpm3-rs7,6,True
Tpm4,6,True
Tpmt,6,True
Tpo,1,False
Tpp1,6,True
Tpp2,6,True
Tppp,6,True
Tppp2,2,False
Tppp3,6,True
Tpr,6,True
Tpra1,6,True
Tprg,1,False
Tprgl,6,True
Tprkb,6,True
Tprn,6,True
Tpsab1,2,False
Tpsb2,0,False
Tpsg1,0,False
Tpst1,6,True
Tpst2,6,True
Tpt1,6,True
Tpt1-ps1,1,False
Tpt1-ps2,0,False
Tpt1-ps3,6,True
Tpt1-ps4,4,True
Tpt1-ps5,6,True
Tpt1-ps6,6,True
Tpte,4,True
Tpx2,6,True
Tra2a,6,True
Tra2b,6,True
Tra2b-ps,0,False
Trabd,6,True
Trabd2b,2,False
Trac,6,True
Tradd,6,True
Traf1,6,True
Traf2,6,True
Traf3,6,True
Traf3ip1,6,True
Traf3ip2,6,True
Traf3ip3,3,True
Traf4,6,True
Traf5,6,True
Traf6,6,True
Traf7,6,True
Trafd1,6,True
Traip,6,True
Traj1,0,False
Traj11,0,False
Traj12,0,False
Traj13,0,False
Traj14,0,False
Traj15,0,False
Traj16,0,False
Traj17,0,False
Traj18,1,False
Traj19,0,False
Traj2,0,False
Traj20,0,False
Traj21,0,False
Traj22,0,False
Traj23,0,False
Traj24,0,False
Traj25,0,False
Traj26,1,False
Traj27,3,True
Traj28,0,False
Traj29,0,False
Traj3,0,False
Traj30,0,False
Traj31,0,False
Traj32,0,False
Traj33,0,False
Traj34,0,False
Traj35,1,False
Traj36,0,False
Traj37,0,False
Traj38,0,False
Traj39,0,False
Traj4,0,False
Traj40,0,False
Traj41,0,False
Traj42,0,False
Traj43,0,False
Traj44,0,False
Traj45,0,False
Traj46,0,False
Traj47,0,False
Traj48,0,False
Traj49,0,False
Traj5,0,False
Traj50,0,False
Traj51,0,False
Traj52,0,False
Traj53,0,False
Traj54,0,False
Traj55,0,False
Traj56,0,False
Traj57,0,False
Traj58,0,False
Traj59,0,False
Traj6,0,False
Traj60,0,False
Traj61,0,False
Traj7,0,False
Traj8,0,False
Traj9,0,False
Trak1,6,True
Trak2,6,True
Tram1,6,True
Tram1l1,6,True
Tram2,6,True
Trank1,6,True
Trap1,6,True
Trap1a,0,False
Trappc1,6,True
Trappc10,6,True
Trappc11,6,True
Trappc12,6,True
Trappc13,6,True
Trappc2,6,True
Trappc2l,6,True
Trappc3,6,True
Trappc3l,1,False
Trappc4,6,True
Trappc5,6,True
Trappc6a,6,True
Trappc6b,6,True
Trappc8,6,True
Trappc9,6,True
Trat1,1,False
Trav1,0,False
Trav10,0,False
Trav10d,0,False
Trav10n,0,False
Trav11,0,False
Trav11d,0,False
Trav11n,0,False
Trav12-1,0,False
Trav12-2,0,False
Trav12-3,0,False
Trav12-4,3,True
Trav12d-1,0,False
Trav12d-2,0,False
Trav12d-3,1,False
Trav12n-1,0,False
Trav12n-2,0,False
Trav12n-3,0,False
Trav13-1,0,False
Trav13-2,0,False
Trav13-3,1,False
Trav13-4-dv7,1,False
Trav13d-1,0,False
Trav13d-2,0,False
Trav13d-3,0,False
Trav13d-4,0,False
Trav13n-1,0,False
Trav13n-2,0,False
Trav13n-3,0,False
Trav13n-4,2,False
Trav14-1,0,False
Trav14-2,0,False
Trav14-3,0,False
Trav14d-1,0,False
Trav14d-2,1,False
Trav14d-3-dv8,0,False
Trav14n-1,0,False
Trav14n-2,1,False
Trav14n-3,0,False
Trav15-1-dv6-1,0,False
Trav15-2-dv6-2,0,False
Trav15-3,0,False
Trav15d-1-dv6d-1,0,False
Trav15d-2-dv6d-2,0,False
Trav15d-3,0,False
Trav15n-1,0,False
Trav15n-2,1,False
Trav15n-3,0,False
Trav16,1,False
Trav16d-dv11,0,False
Trav16n,1,False
Trav17,1,False
Trav18,1,False
Trav19,0,False
Trav2,0,False
Trav20,0,False
Trav21-dv12,0,False
Trav22,0,False
Trav23,1,False
Trav3-1,5,True
Trav3-2,0,False
Trav3-3,5,True
Trav3-4,5,True
Trav3d-2,0,False
Trav3d-3,5,True
Trav3n-2,0,False
Trav3n-3,5,True
Trav4-1,0,False
Trav4-2,0,False
Trav4-3,1,False
Trav4-4-dv10,0,False
Trav4d-2,0,False
Trav4d-3,1,False
Trav4d-4,0,False
Trav4n-3,0,False
Trav4n-4,0,False
Trav5-1,0,False
Trav5-2,0,False
Trav5-4,0,False
Trav5d-2,0,False
Trav5d-3,1,False
Trav5d-4,1,False
Trav5n-2,1,False
Trav5n-3,1,False
Trav5n-4,0,False
Trav6-1,0,False
Trav6-2,0,False
Trav6-3,0,False
Trav6-4,1,False
Trav6-5,0,False
Trav6-6,0,False
Trav6-7-dv9,0,False
Trav6d-3,0,False
Trav6d-4,1,False
Trav6d-5,0,False
Trav6d-6,0,False
Trav6d-7,1,False
Trav6n-5,0,False
Trav6n-6,0,False
Trav6n-7,1,False
Trav7-1,0,False
Trav7-2,0,False
Trav7-3,0,False
Trav7-4,1,False
Trav7-5,0,False
Trav7-6,1,False
Trav7d-2,0,False
Trav7d-3,1,False
Trav7d-4,1,False
Trav7d-5,0,False
Trav7n-4,0,False
Trav7n-5,0,False
Trav7n-6,1,False
Trav8-1,0,False
Trav8-2,0,False
Trav8d-1,0,False
Trav8d-2,0,False
Trav8n-2,0,False
Trav9-1,0,False
Trav9-2,0,False
Trav9-4,0,False
Trav9d-1,0,False
Trav9d-2,0,False
Trav9d-3,0,False
Trav9d-4,0,False
Trav9n-1,0,False
Trav9n-2,0,False
Trav9n-3,0,False
Trav9n-4,0,False
Trbc1,1,False
Trbc2,0,False
Trbd1,0,False
Trbd2,0,False
Trbj1-1,0,False
Trbj1-2,0,False
Trbj1-3,0,False
Trbj1-4,0,False
Trbj1-5,0,False
Trbj1-6,0,False
Trbj1-7,0,False
Trbj2-1,0,False
Trbj2-2,0,False
Trbj2-3,0,False
Trbj2-4,0,False
Trbj2-5,0,False
Trbj2-6,0,False
Trbj2-7,0,False
Trbv1,0,False
Trbv10,0,False
Trbv11,0,False
Trbv12-1,0,False
Trbv12-2,2,False
Trbv12-3,1,False
Trbv13-1,0,False
Trbv13-2,2,False
Trbv13-3,0,False
Trbv14,0,False
Trbv15,0,False
Trbv16,1,False
Trbv17,0,False
Trbv18,0,False
Trbv19,0,False
Trbv2,0,False
Trbv20,0,False
Trbv21,0,False
Trbv22,0,False
Trbv23,1,False
Trbv24,0,False
Trbv25,0,False
Trbv26,0,False
Trbv27,0,False
Trbv28,0,False
Trbv29,0,False
Trbv3,0,False
Trbv30,0,False
Trbv31,0,False
Trbv4,0,False
Trbv5,0,False
Trbv6,0,False
Trbv7,1,False
Trbv8,0,False
Trbv9,0,False
Trcg1,1,False
Trdc,4,True
Trdd1,0,False
Trdd2,0,False
Trdj1,1,False
Trdj2,0,False
Trdmt1,6,True
Trdn,1,False
Trdv1,0,False
Trdv2-1,0,False
Trdv2-2,0,False
Trdv3,0,False
Trdv4,0,False
Trdv5,0,False
Treh,1,False
Trem1,1,False
Trem2,6,True
Trem3,0,False
Treml1,0,False
Treml2,0,False
Treml4,0,False
Trerf1,6,True
Trex1,0,False
Trex2,0,False
Trf,6,True
Trgj1,0,False
Trgj2,0,False
Trgj3,0,False
Trgj4,0,False
Trgv2,0,False
Trh,1,False
Trhde,4,True
Trhr,1,False
Trhr2,1,False
Triap1,6,True
Trib1,6,True
Trib2,6,True
Trib3,3,True
Tril,6,True
Trim10,2,False
Trim11,6,True
Trim12a,6,True
Trim12c,6,True
Trim13,6,True
Trim14,1,False
Trim15,1,False
Trim16,1,False
Trim17,6,True
Trim2,6,True
Trim21,6,True
Trim23,6,True
Trim24,6,True
Trim25,6,True
Trim26,6,True
Trim27,6,True
Trim28,6,True
Trim29,5,True
Trim3,6,True
Trim30a,6,True
Trim30b,3,True
Trim30c,1,False
Trim30d,6,True
Trim30e-ps1,0,False
Trim31,1,False
Trim32,6,True
Trim33,6,True
Trim34a,6,True
Trim34b,5,True
Trim35,6,True
Trim36,6,True
Trim37,6,True
Trim38,0,False
Trim39,6,True
Trim40,1,False
Trim41,6,True
Trim42,0,False
Trim43a,3,True
Trim43b,2,False
Trim43c,0,False
Trim44,6,True
Trim45,6,True
Trim46,6,True
Trim47,5,True
Trim5,6,True
Trim50,1,False
Trim52,0,False
Trim54,0,False
Trim55,1,False
Trim56,6,True
Trim58,1,False
Trim59,6,True
Trim6,5,True
Trim60,2,False
Trim61,0,False
Trim62,6,True
Trim63,2,False
Trim65,6,True
Trim66,4,True
Trim67,6,True
Trim68,6,True
Trim69,0,False
Trim7,5,True
Trim71,2,False
Trim72,0,False
Trim75,2,False
Trim8,6,True
Trim80,0,False
Trim9,6,True
Triml1,0,False
Triml2,3,True
Trio,6,True
Triobp,6,True
Trip10,6,True
Trip11,6,True
Trip12,6,True
Trip13,5,True
Trip4,6,True
Trip6,6,True
Triqk,6,True
Trit1,6,True
Trmo,5,True
Trmt1,6,True
Trmt10a,6,True
Trmt10b,6,True
Trmt10c,6,True
Trmt11,6,True
Trmt112,6,True
Trmt112-ps1,6,True
Trmt112-ps2,6,True
Trmt12,6,True
Trmt13,6,True
Trmt1l,6,True
Trmt2a,6,True
Trmt2b,6,True
Trmt44,6,True
Trmt5,6,True
Trmt6,6,True
Trmt61a,5,True
Trmt61b,6,True
Trmu,6,True
Trnau1ap,6,True
Trnp1,5,True
Trnt1,6,True
Tro,6,True
Troap,5,True
Trove2,6,True
Trp53,6,True
Trp53-ps,6,True
Trp53bp1,6,True
Trp53bp2,6,True
Trp53cor1,5,True
Trp53i11,6,True
Trp53i13,6,True
Trp53inp1,6,True
Trp53inp2,6,True
Trp53rka,6,True
Trp53rkb,6,True
Trp53tg5,0,False
Trp63,6,True
Trp73,3,True
Trp73os,2,False
Trpa1,2,False
Trpc1,5,True
Trpc2,0,False
Trpc3,5,True
Trpc4,5,True
Trpc4ap,6,True
Trpc5,6,True
Trpc5os,1,False
Trpc6,5,True
Trpc7,4,True
Trpd52l3,0,False
Trpm1,4,True
Trpm2,6,True
Trpm3,6,True
Trpm4,6,True
Trpm5,4,True
Trpm6,5,True
Trpm7,6,True
Trpm8,2,False
Trps1,6,True
Trpt1,6,True
Trpv1,2,False
Trpv2,5,True
Trpv3,5,True
Trpv4,6,True
Trpv5,0,False
Trpv6,4,True
Trrap,6,True
Trub1,6,True
Trub2,6,True
Try10,0,False
Try4,1,False
Try5,1,False
Tsacc,6,True
Tsc1,6,True
Tsc2,6,True
Tsc22d1,6,True
Tsc22d2,6,True
Tsc22d3,6,True
Tsc22d4,6,True
Tsen15,6,True
Tsen2,6,True
Tsen34,6,True
Tsen54,6,True
Tsfm,6,True
Tsg101,6,True
Tsg101-ps,6,True
Tsga10,6,True
Tsga10ip,0,False
Tsga13,1,False
Tsga8,0,False
Tshb,1,False
Tshr,4,True
Tshz1,6,True
Tshz2,6,True
Tshz3,6,True
Tsix,4,True
Tsks,0,False
Tsku,6,True
Tslp,4,True
Tsn,6,True
Tsnax,6,True
Tsnaxip1,4,True
Tspan1,1,False
Tspan10,0,False
Tspan11,6,True
Tspan12,6,True
Tspan13,6,True
Tspan14,6,True
Tspan15,6,True
Tspan17,6,True
Tspan18,6,True
Tspan2,6,True
Tspan2os,2,False
Tspan3,6,True
Tspan31,6,True
Tspan32,4,True
Tspan32os,4,True
Tspan33,6,True
Tspan4,6,True
Tspan5,6,True
Tspan6,6,True
Tspan7,6,True
Tspan8,0,False
Tspan9,6,True
Tspear,2,False
Tspo,6,True
Tspo2,1,False
Tspy-ps,0,False
Tspyl1,6,True
Tspyl2,6,True
Tspyl3,6,True
Tspyl4,6,True
Tspyl5,6,True
Tsr1,6,True
Tsr2,6,True
Tsr3,6,True
Tssc1,6,True
Tssc4,6,True
Tssk1,2,False
Tssk2,1,False
Tssk3,0,False
Tssk4,1,False
Tssk5,0,False
Tssk6,4,True
Tst,6,True
Tsta3,6,True
Tstd1,5,True
Tstd2,6,True
Tstd3,6,True
Tsx,1,False
Ttbk1,6,True
Ttbk2,6,True
Ttc1,6,True
Ttc12,5,True
Ttc13,6,True
Ttc14,6,True
Ttc16,6,True
Ttc17,6,True
Ttc19,6,True
Ttc21a,3,True
Ttc21b,6,True
Ttc22,1,False
Ttc23,6,True
Ttc23l,0,False
Ttc24,1,False
Ttc25,6,True
Ttc26,6,True
Ttc27,6,True
Ttc28,6,True
Ttc29,1,False
Ttc3,6,True
Ttc30a1,6,True
Ttc30a2,6,True
Ttc30b,6,True
Ttc32,6,True
Ttc33,6,True
Ttc34,5,True
Ttc36,4,True
Ttc37,6,True
Ttc38,6,True
Ttc39a,2,False
Ttc39aos1,0,False
Ttc39b,6,True
Ttc39c,6,True
Ttc39d,2,False
Ttc4,6,True
Ttc41,6,True
Ttc5,6,True
Ttc6,1,False
Ttc7,6,True
Ttc7b,6,True
Ttc8,6,True
Ttc9,6,True
Ttc9b,6,True
Ttc9c,6,True
Ttf1,6,True
Ttf2,6,True
Tti1,6,True
Tti2,6,True
Ttk,6,True
Ttl,6,True
Ttll1,6,True
Ttll10,2,False
Ttll11,5,True
Ttll12,6,True
Ttll13,4,True
Ttll2,0,False
Ttll3,6,True
Ttll4,6,True
Ttll5,6,True
Ttll6,0,False
Ttll7,6,True
Ttll8,5,True
Ttll9,5,True
Ttn,6,True
Ttpa,6,True
Ttpal,6,True
Ttr,1,False
Ttyh1,6,True
Ttyh2,6,True
Ttyh3,6,True
Tub,6,True
Tuba1a,6,True
Tuba1b,6,True
Tuba1c,6,True
Tuba3a,0,False
Tuba3b,1,False
Tuba4a,6,True
Tuba8,3,True
Tubal3,0,False
Tubb1,0,False
Tubb2a,6,True
Tubb2b,6,True
Tubb3,6,True
Tubb4a,6,True
Tubb4b,6,True
Tubb4b-ps1,6,True
Tubb4b-ps2,6,True
Tubb5,6,True
Tubb6,6,True
Tubd1,5,True
Tube1,5,True
Tubg1,6,True
Tubg2,6,True
Tubgcp2,6,True
Tubgcp3,6,True
Tubgcp4,6,True
Tubgcp5,6,True
Tubgcp6,6,True
Tufm,6,True
Tuft1,3,True
Tug1,6,True
Tulp1,2,False
Tulp2,4,True
Tulp3,6,True
Tulp4,6,True
Tunar,5,True
Tusc1,4,True
Tusc2,6,True
Tusc3,6,True
Tusc5,2,False
Tut1,6,True
Tvp23a,6,True
Tvp23b,6,True
Tvp23bos,3,True
Twf1,6,True
Twf2,6,True
Twist1,0,False
Twist2,0,False
Twistnb,6,True
Twsg1,6,True
Txk,4,True
Txlna,6,True
Txlnb,3,True
Txlng,6,True
Txn-ps1,6,True
Txn1,6,True
Txn2,6,True
Txndc11,6,True
Txndc12,6,True
Txndc15,6,True
Txndc16,6,True
Txndc17,6,True
Txndc2,1,False
Txndc5,6,True
Txndc8,1,False
Txndc9,6,True
Txnip,6,True
Txnl1,6,True
Txnl4a,6,True
Txnl4b,6,True
Txnrd1,6,True
Txnrd2,6,True
Txnrd3,6,True
Tyk2,6,True
Tymp,5,True
Tyms,6,True
Tyr,1,False
Tyro3,6,True
Tyrobp,6,True
Tyrp1,1,False
Tysnd1,6,True
Tyw1,6,True
Tyw3,6,True
Tyw5,6,True
U2af1,6,True
U2af1l4,6,True
U2af2,6,True
U2surp,6,True
U90926,0,False
Uaca,6,True
Uap1,6,True
Uap1l1,6,True
Uba1,6,True
Uba1y,1,False
Uba1y-ps1,0,False
Uba1y-ps2,0,False
Uba2,6,True
Uba3,6,True
Uba5,6,True
Uba52,6,True
Uba6,6,True
Uba7,4,True
Ubac1,6,True
Ubac2,6,True
Ubald1,6,True
Ubald2,6,True
Ubap1,6,True
Ubap1l,0,False
Ubap2,6,True
Ubap2l,6,True
Ubash3a,2,False
Ubash3b,6,True
Ubb,6,True
Ubc,6,True
Ubd,0,False
Ube2a,6,True
Ube2b,6,True
Ube2c,6,True
Ube2cbp,5,True
Ube2d-ps,6,True
Ube2d1,6,True
Ube2d2a,6,True
Ube2d2b,2,False
Ube2d3,6,True
Ube2d4,5,True
Ube2dnl1,0,False
Ube2dnl2,0,False
Ube2e1,6,True
Ube2e2,6,True
Ube2e3,6,True
Ube2f,6,True
Ube2g1,6,True
Ube2g2,6,True
Ube2h,6,True
Ube2i,6,True
Ube2j1,6,True
Ube2j2,6,True
Ube2k,6,True
Ube2l3,6,True
Ube2l3-ps1,6,True
Ube2l6,6,True
Ube2m,6,True
Ube2n,6,True
Ube2n-ps1,6,True
Ube2nl,6,True
Ube2o,6,True
Ube2q1,6,True
Ube2q2,6,True
Ube2ql1,6,True
Ube2r2,6,True
Ube2s,6,True
Ube2t,6,True
Ube2u,2,False
Ube2uos,0,False
Ube2v1,6,True
Ube2v2,6,True
Ube2w,6,True
Ube2z,6,True
Ube3a,6,True
Ube3b,6,True
Ube3c,6,True
Ube4a,6,True
Ube4b,6,True
Ube4bos1,5,True
Ube4bos2,2,False
Ube4bos3,5,True
Ubfd1,6,True
Ubiad1,6,True
Ubl3,6,True
Ubl4a,6,True
Ubl4b,0,False
Ubl5,6,True
Ubl7,6,True
Ublcp1,6,True
Ubn1,6,True
Ubn2,6,True
Ubox5,6,True
Ubp1,6,True
Ubqln1,6,True
Ubqln2,6,True
Ubqln3,1,False
Ubqln4,6,True
Ubqlnl,0,False
Ubr1,6,True
Ubr2,6,True
Ubr3,6,True
Ubr4,6,True
Ubr5,6,True
Ubr7,6,True
Ubtd1,3,True
Ubtd2,6,True
Ubtf,6,True
Ubtfl1,0,False
Ubxn1,6,True
Ubxn10,4,True
Ubxn11,6,True
Ubxn2a,6,True
Ubxn2b,6,True
Ubxn4,6,True
Ubxn6,6,True
Ubxn7,6,True
Ubxn8,6,True
Uchl1,6,True
Uchl1os,3,True
Uchl3,6,True
Uchl4,6,True
Uchl5,6,True
Uck1,6,True
Uck2,6,True
Uckl1,6,True
Uckl1os,6,True
Ucma,5,True
Ucn,3,True
Ucn2,0,False
Ucn3,0,False
Ucp1,0,False
Ucp2,6,True
Ucp3,6,True
Uevld,6,True
Ufc1,6,True
Ufd1l,6,True
Ufl1,6,True
Ufm1,6,True
Ufsp1,6,True
Ufsp2,6,True
Ugcg,6,True
Ugdh,6,True
Uggt1,6,True
Uggt2,6,True
Ugp2,6,True
Ugt1a1,1,False
Ugt1a10,0,False
Ugt1a2,1,False
Ugt1a5,0,False
Ugt1a6a,6,True
Ugt1a6b,6,True
Ugt1a7c,4,True
Ugt1a8,1,False
Ugt1a9,0,False
Ugt2a1,0,False
Ugt2a2,0,False
Ugt2a3,0,False
Ugt2b1,1,False
Ugt2b34,0,False
Ugt2b35,1,False
Ugt2b36,0,False
Ugt2b37,0,False
Ugt2b38,0,False
Ugt2b5,0,False
Ugt3a1,1,False
Ugt3a2,0,False
Ugt8a,6,True
Uhmk1,6,True
Uhrf1,6,True
Uhrf1bp1,6,True
Uhrf1bp1l,6,True
Uhrf2,6,True
Uimc1,6,True
Ulbp1,0,False
Ulk1,6,True
Ulk2,6,True
Ulk3,6,True
Ulk4,6,True
Umad1,6,True
Umod,0,False
Umodl1,2,False
Umps,6,True
Unc119,6,True
Unc119b,6,True
Unc13a,6,True
Unc13b,6,True
Unc13c,6,True
Unc13d,6,True
Unc45a,6,True
Unc45b,5,True
Unc45bos,0,False
Unc50,6,True
Unc5a,6,True
Unc5b,6,True
Unc5c,6,True
Unc5cl,1,False
Unc5d,5,True
Unc79,6,True
Unc80,6,True
Unc93a,3,True
Unc93b1,6,True
Uncx,2,False
Ung,6,True
Unk,6,True
Unkl,6,True
Uox,2,False
Upb1,1,False
Upf1,6,True
Upf2,6,True
Upf3a,6,True
Upf3b,6,True
Upk1a,4,True
Upk1b,0,False
Upk2,0,False
Upk3a,1,False
Upk3b,0,False
Upk3bl,3,True
Upp1,6,True
Upp2,6,True
Uprt,6,True
Uqcc1,6,True
Uqcc2,6,True
Uqcc3,6,True
Uqcr10,6,True
Uqcr11,6,True
Uqcrb,6,True
Uqcrc1,6,True
Uqcrc2,6,True
Uqcrfs1,6,True
Uqcrh,6,True
Uqcrh-ps1,6,True
Uqcrh-ps2,6,True
Uqcrq,6,True
Urad,0,False
Urah,1,False
Urb1,6,True
Urb2,6,True
Urgcp,6,True
Uri1,6,True
Urm1,6,True
Uroc1,1,False
Urod,6,True
Uros,6,True
Usb1,6,True
Use1,6,True
Usf1,6,True
Usf2,6,True
Usf2-ps1,6,True
Usf3,6,True
Ush1c,2,False
Ush1g,0,False
Ush2a,3,True
Ushbp1,2,False
Usmg5,6,True
Uso1,6,True
Usp1,6,True
Usp10,6,True
Usp11,6,True
Usp12,5,True
Usp13,6,True
Usp14,6,True
Usp15,6,True
Usp16,6,True
Usp17la,2,False
Usp17lb,1,False
Usp17lc,2,False
Usp17ld,1,False
Usp17le,3,True
Usp17le-ps,1,False
Usp18,6,True
Usp19,6,True
Usp2,6,True
Usp20,6,True
Usp21,6,True
Usp22,6,True
Usp24,6,True
Usp25,6,True
Usp26,0,False
Usp27x,6,True
Usp28,6,True
Usp29,6,True
Usp3,6,True
Usp30,6,True
Usp31,6,True
Usp32,6,True
Usp33,6,True
Usp34,6,True
Usp35,6,True
Usp36,6,True
Usp37,6,True
Usp38,6,True
Usp39,6,True
Usp4,6,True
Usp40,6,True
Usp42,6,True
Usp43,4,True
Usp44,1,False
Usp45,6,True
Usp46,6,True
Usp46os1,0,False
Usp46os2,0,False
Usp47,6,True
Usp48,6,True
Usp49,6,True
Usp5,6,True
Usp50,6,True
Usp51,6,True
Usp53,6,True
Usp54,6,True
Usp6nl,6,True
Usp7,6,True
Usp8,6,True
Usp9x,6,True
Usp9y,1,False
Uspl1,6,True
Ust,6,True
Utf1,0,False
Utp11l,6,True
Utp14a,6,True
Utp14b,6,True
Utp14b-ps1,0,False
Utp15,6,True
Utp18,6,True
Utp20,6,True
Utp23,6,True
Utp3,6,True
Utp6,6,True
Utrn,6,True
Uts2,0,False
Uts2b,1,False
Uts2r,0,False
Uty,4,True
Uvrag,6,True
Uvssa,6,True
Uxs1,6,True
Uxt,6,True
V1ra8,0,False
V1rd19,0,False
V1rg10,0,False
Vac14,6,True
Vamp1,6,True
Vamp2,6,True
Vamp3,6,True
Vamp4,6,True
Vamp5,6,True
Vamp7-ps,6,True
Vamp8,6,True
Vangl1,6,True
Vangl2,6,True
Vapa,6,True
Vapb,6,True
Vars,6,True
Vars2,6,True
Vash1,6,True
Vash2,6,True
Vasn,6,True
Vasp,6,True
Vat1,6,True
Vat1l,6,True
Vaultrc5,5,True
Vav1,4,True
Vav2,6,True
Vav3,6,True
Vax1,0,False
Vax2,0,False
Vax2os,2,False
Vbp1,6,True
Vcam1,6,True
Vcan,6,True
Vcl,6,True
Vcp,6,True
Vcp-rs,6,True
Vcpip1,6,True
Vcpkmt,6,True
Vdac1,6,True
Vdac2,6,True
Vdac3,6,True
Vdac3-ps1,6,True
Vdr,2,False
Vegfa,6,True
Vegfb,6,True
Vegfc,6,True
Veph1,5,True
Vezf1,6,True
Vezt,6,True
Vgf,3,True
Vgll1,1,False
Vgll2,1,False
Vgll3,2,False
Vgll4,6,True
Vhl,6,True
Vhl-ps1,0,False
Vil1,3,True
Vill,1,False
Vim,6,True
Vimp,6,True
Vip,2,False
Vipas39,6,True
Vipr1,5,True
Vipr2,6,True
Vis1,0,False
Vit,4,True
Vkorc1,6,True
Vkorc1l1,6,True
Vldlr,6,True
Vma21,6,True
Vma21-ps,6,True
Vmac,6,True
Vmn1r-ps1,0,False
Vmn1r-ps10,0,False
Vmn1r-ps100,0,False
Vmn1r-ps102,0,False
Vmn1r-ps103,0,False
Vmn1r-ps104,0,False
Vmn1r-ps106,0,False
Vmn1r-ps107,0,False
Vmn1r-ps108,0,False
Vmn1r-ps109,0,False
Vmn1r-ps11,0,False
Vmn1r-ps110,0,False
Vmn1r-ps111,0,False
Vmn1r-ps112,0,False
Vmn1r-ps113,0,False
Vmn1r-ps114,0,False
Vmn1r-ps116,0,False
Vmn1r-ps12,0,False
Vmn1r-ps120,0,False
Vmn1r-ps123,0,False
Vmn1r-ps125,0,False
Vmn1r-ps126,1,False
Vmn1r-ps127,0,False
Vmn1r-ps128,0,False
Vmn1r-ps13,0,False
Vmn1r-ps132,1,False
Vmn1r-ps135,0,False
Vmn1r-ps14,0,False
Vmn1r-ps141,0,False
Vmn1r-ps142,0,False
Vmn1r-ps143,0,False
Vmn1r-ps144,0,False
Vmn1r-ps145,1,False
Vmn1r-ps146,0,False
Vmn1r-ps147,0,False
Vmn1r-ps148,0,False
Vmn1r-ps149,0,False
Vmn1r-ps15,0,False
Vmn1r-ps150,0,False
Vmn1r-ps151,0,False
Vmn1r-ps152,0,False
Vmn1r-ps16,0,False
Vmn1r-ps17,0,False
Vmn1r-ps18,0,False
Vmn1r-ps19,0,False
Vmn1r-ps2,0,False
Vmn1r-ps20,0,False
Vmn1r-ps21,0,False
Vmn1r-ps22,1,False
Vmn1r-ps23,0,False
Vmn1r-ps24,0,False
Vmn1r-ps25,1,False
Vmn1r-ps26,0,False
Vmn1r-ps27,1,False
Vmn1r-ps28,1,False
Vmn1r-ps29,0,False
Vmn1r-ps3,0,False
Vmn1r-ps31,0,False
Vmn1r-ps32,0,False
Vmn1r-ps34,0,False
Vmn1r-ps40,0,False
Vmn1r-ps45,0,False
Vmn1r-ps46,1,False
Vmn1r-ps47,0,False
Vmn1r-ps48,0,False
Vmn1r-ps49,0,False
Vmn1r-ps5,0,False
Vmn1r-ps51,0,False
Vmn1r-ps52,0,False
Vmn1r-ps53,0,False
Vmn1r-ps55,0,False
Vmn1r-ps56,0,False
Vmn1r-ps57,0,False
Vmn1r-ps58,0,False
Vmn1r-ps59,0,False
Vmn1r-ps6,0,False
Vmn1r-ps60,0,False
Vmn1r-ps61,1,False
Vmn1r-ps62,0,False
Vmn1r-ps63,0,False
Vmn1r-ps64,0,False
Vmn1r-ps65,0,False
Vmn1r-ps66,0,False
Vmn1r-ps67,1,False
Vmn1r-ps68,0,False
Vmn1r-ps69,0,False
Vmn1r-ps7,0,False
Vmn1r-ps70,2,False
Vmn1r-ps71,1,False
Vmn1r-ps73,2,False
Vmn1r-ps74,0,False
Vmn1r-ps75,0,False
Vmn1r-ps76,1,False
Vmn1r-ps77,0,False
Vmn1r-ps78,0,False
Vmn1r-ps79,1,False
Vmn1r-ps8,0,False
Vmn1r-ps80,1,False
Vmn1r-ps83,0,False
Vmn1r-ps84,0,False
Vmn1r-ps85,0,False
Vmn1r-ps86,0,False
Vmn1r-ps9,1,False
Vmn1r-ps92,0,False
Vmn1r-ps93,0,False
Vmn1r-ps94,0,False
Vmn1r-ps95,1,False
Vmn1r-ps97,0,False
Vmn1r-ps99,0,False
Vmn1r1,0,False
Vmn1r10,0,False
Vmn1r100,2,False
Vmn1r101,0,False
Vmn1r103,0,False
Vmn1r104,1,False
Vmn1r107,1,False
Vmn1r11,0,False
Vmn1r111,0,False
Vmn1r112,2,False
Vmn1r113,0,False
Vmn1r114,1,False
Vmn1r115,0,False
Vmn1r116,0,False
Vmn1r117,1,False
Vmn1r118,1,False
Vmn1r119,1,False
Vmn1r12,0,False
Vmn1r120,0,False
Vmn1r121,1,False
Vmn1r122,0,False
Vmn1r123,0,False
Vmn1r124,0,False
Vmn1r125,1,False
Vmn1r126,1,False
Vmn1r127,0,False
Vmn1r128,0,False
Vmn1r129,1,False
Vmn1r13,0,False
Vmn1r130,0,False
Vmn1r131,0,False
Vmn1r132,2,False
Vmn1r135,0,False
Vmn1r137,0,False
Vmn1r138,0,False
Vmn1r139,2,False
Vmn1r14,1,False
Vmn1r142,1,False
Vmn1r143,0,False
Vmn1r148,2,False
Vmn1r149,0,False
Vmn1r15,0,False
Vmn1r151,0,False
Vmn1r152,1,False
Vmn1r155,1,False
Vmn1r157,2,False
Vmn1r158,1,False
Vmn1r159,1,False
Vmn1r16,0,False
Vmn1r160,0,False
Vmn1r163,0,False
Vmn1r165,0,False
Vmn1r166,0,False
Vmn1r167,0,False
Vmn1r168,0,False
Vmn1r169,0,False
Vmn1r17,0,False
Vmn1r170,0,False
Vmn1r171,0,False
Vmn1r172,0,False
Vmn1r173,0,False
Vmn1r174,0,False
Vmn1r175,1,False
Vmn1r176,0,False
Vmn1r177,0,False
Vmn1r178,0,False
Vmn1r179,0,False
Vmn1r18,0,False
Vmn1r180,0,False
Vmn1r181,0,False
Vmn1r183,0,False
Vmn1r184,2,False
Vmn1r185,1,False
Vmn1r188,0,False
Vmn1r189,0,False
Vmn1r19,0,False
Vmn1r190-ps,0,False
Vmn1r191,0,False
Vmn1r192,2,False
Vmn1r193,0,False
Vmn1r194,0,False
Vmn1r195,0,False
Vmn1r196,0,False
Vmn1r197,0,False
Vmn1r198,0,False
Vmn1r199,0,False
Vmn1r2,0,False
Vmn1r20,1,False
Vmn1r200,0,False
Vmn1r201,0,False
Vmn1r202,0,False
Vmn1r203,0,False
Vmn1r204,0,False
Vmn1r205,0,False
Vmn1r206,0,False
Vmn1r207-ps,0,False
Vmn1r208,0,False
Vmn1r209,0,False
Vmn1r21,0,False
Vmn1r210,0,False
Vmn1r211,0,False
Vmn1r212,0,False
Vmn1r213,0,False
Vmn1r214,1,False
Vmn1r215,0,False
Vmn1r216,2,False
Vmn1r217,0,False
Vmn1r218,0,False
Vmn1r219,0,False
Vmn1r22,0,False
Vmn1r220,0,False
Vmn1r221,0,False
Vmn1r222,0,False
Vmn1r223,0,False
Vmn1r224,0,False
Vmn1r225,0,False
Vmn1r226,0,False
Vmn1r227,0,False
Vmn1r228,0,False
Vmn1r229,0,False
Vmn1r23,0,False
Vmn1r230,0,False
Vmn1r231,1,False
Vmn1r232,0,False
Vmn1r233,0,False
Vmn1r234,0,False
Vmn1r235,0,False
Vmn1r236,0,False
Vmn1r237,0,False
Vmn1r238,0,False
Vmn1r239-ps,0,False
Vmn1r24,1,False
Vmn1r25,0,False
Vmn1r26,0,False
Vmn1r27,0,False
Vmn1r28,1,False
Vmn1r29,0,False
Vmn1r3,0,False
Vmn1r30,0,False
Vmn1r31,0,False
Vmn1r32,0,False
Vmn1r33,0,False
Vmn1r34,0,False
Vmn1r35,2,False
Vmn1r36,1,False
Vmn1r37,0,False
Vmn1r38,0,False
Vmn1r39,0,False
Vmn1r4,2,False
Vmn1r40,1,False
Vmn1r41,0,False
Vmn1r42,1,False
Vmn1r43,1,False
Vmn1r44,0,False
Vmn1r45,0,False
Vmn1r46,0,False
Vmn1r47,0,False
Vmn1r48,0,False
Vmn1r49,0,False
Vmn1r5,0,False
Vmn1r50,1,False
Vmn1r51,2,False
Vmn1r52,0,False
Vmn1r53,0,False
Vmn1r54,0,False
Vmn1r55,0,False
Vmn1r56,0,False
Vmn1r57,2,False
Vmn1r58,2,False
Vmn1r59,0,False
Vmn1r6,0,False
Vmn1r60,0,False
Vmn1r61,2,False
Vmn1r62,1,False
Vmn1r63,0,False
Vmn1r64,0,False
Vmn1r65,0,False
Vmn1r66,0,False
Vmn1r67,0,False
Vmn1r68,0,False
Vmn1r69,0,False
Vmn1r7,0,False
Vmn1r70,0,False
Vmn1r71,0,False
Vmn1r72,1,False
Vmn1r73,0,False
Vmn1r74,0,False
Vmn1r75,0,False
Vmn1r76,0,False
Vmn1r77,0,False
Vmn1r78,0,False
Vmn1r79,0,False
Vmn1r8,0,False
Vmn1r80,0,False
Vmn1r81,1,False
Vmn1r82,0,False
Vmn1r83,0,False
Vmn1r84,0,False
Vmn1r85,0,False
Vmn1r86,0,False
Vmn1r87,1,False
Vmn1r88,0,False
Vmn1r89,0,False
Vmn1r9,0,False
Vmn1r90,1,False
Vmn1r91,0,False
Vmn1r93,1,False
Vmn1r94,1,False
Vmn1r95,0,False
Vmn2r-ps10,0,False
Vmn2r-ps104,0,False
Vmn2r-ps11,0,False
Vmn2r-ps111,1,False
Vmn2r-ps114,0,False
Vmn2r-ps115,0,False
Vmn2r-ps116,1,False
Vmn2r-ps117,0,False
Vmn2r-ps118,0,False
Vmn2r-ps119,0,False
Vmn2r-ps12,0,False
Vmn2r-ps120,0,False
Vmn2r-ps121,0,False
Vmn2r-ps122,0,False
Vmn2r-ps123,1,False
Vmn2r-ps124,0,False
Vmn2r-ps125,0,False
Vmn2r-ps126,0,False
Vmn2r-ps127,0,False
Vmn2r-ps128,0,False
Vmn2r-ps129,0,False
Vmn2r-ps13,0,False
Vmn2r-ps130,0,False
Vmn2r-ps131,0,False
Vmn2r-ps132,0,False
Vmn2r-ps133,0,False
Vmn2r-ps134,1,False
Vmn2r-ps139,0,False
Vmn2r-ps149,0,False
Vmn2r-ps15,2,False
Vmn2r-ps159,1,False
Vmn2r-ps16,2,False
Vmn2r-ps17,2,False
Vmn2r-ps18,1,False
Vmn2r-ps19,3,True
Vmn2r-ps2,0,False
Vmn2r-ps20,3,True
Vmn2r-ps21,0,False
Vmn2r-ps23,0,False
Vmn2r-ps24,0,False
Vmn2r-ps25,1,False
Vmn2r-ps26,3,True
Vmn2r-ps3,1,False
Vmn2r-ps31,1,False
Vmn2r-ps32,1,False
Vmn2r-ps33,0,False
Vmn2r-ps34,0,False
Vmn2r-ps36,1,False
Vmn2r-ps37,2,False
Vmn2r-ps38,1,False
Vmn2r-ps4,0,False
Vmn2r-ps40,1,False
Vmn2r-ps41,1,False
Vmn2r-ps42,2,False
Vmn2r-ps43,1,False
Vmn2r-ps44,1,False
Vmn2r-ps45,4,True
Vmn2r-ps46,1,False
Vmn2r-ps47,1,False
Vmn2r-ps49,1,False
Vmn2r-ps5,2,False
Vmn2r-ps51,1,False
Vmn2r-ps52,0,False
Vmn2r-ps53,1,False
Vmn2r-ps54,1,False
Vmn2r-ps55,0,False
Vmn2r-ps56,0,False
Vmn2r-ps57,1,False
Vmn2r-ps58,0,False
Vmn2r-ps59,0,False
Vmn2r-ps6,0,False
Vmn2r-ps60,0,False
Vmn2r-ps61,0,False
Vmn2r-ps62,1,False
Vmn2r-ps64,0,False
Vmn2r-ps65,0,False
Vmn2r-ps66,0,False
Vmn2r-ps67,0,False
Vmn2r-ps68,0,False
Vmn2r-ps69,1,False
Vmn2r-ps7,0,False
Vmn2r-ps70,0,False
Vmn2r-ps72,0,False
Vmn2r-ps73,0,False
Vmn2r-ps74,0,False
Vmn2r-ps75,0,False
Vmn2r-ps76,0,False
Vmn2r-ps77,0,False
Vmn2r-ps78,0,False
Vmn2r-ps79,0,False
Vmn2r-ps8,0,False
Vmn2r-ps80,0,False
Vmn2r-ps81,0,False
Vmn2r-ps82,0,False
Vmn2r-ps83,0,False
Vmn2r-ps84,0,False
Vmn2r-ps85,1,False
Vmn2r-ps86,0,False
Vmn2r-ps87,1,False
Vmn2r-ps88,0,False
Vmn2r-ps89,0,False
Vmn2r-ps9,0,False
Vmn2r-ps94,0,False
Vmn2r1,4,True
Vmn2r10,1,False
Vmn2r100,0,False
Vmn2r101,0,False
Vmn2r102,0,False
Vmn2r103,0,False
Vmn2r104,0,False
Vmn2r105,0,False
Vmn2r106,0,False
Vmn2r107,0,False
Vmn2r108,0,False
Vmn2r109,0,False
Vmn2r11,0,False
Vmn2r110,0,False
Vmn2r111,1,False
Vmn2r112,1,False
Vmn2r113,0,False
Vmn2r114,2,False
Vmn2r115,2,False
Vmn2r116,2,False
Vmn2r117,2,False
Vmn2r118,1,False
Vmn2r12,0,False
Vmn2r120,1,False
Vmn2r121,0,False
Vmn2r124,1,False
Vmn2r125,0,False
Vmn2r13,1,False
Vmn2r14,0,False
Vmn2r15,1,False
Vmn2r16,0,False
Vmn2r17,0,False
Vmn2r18,2,False
Vmn2r19,1,False
Vmn2r2,1,False
Vmn2r20,1,False
Vmn2r21,1,False
Vmn2r22,0,False
Vmn2r23,0,False
Vmn2r24,1,False
Vmn2r25,0,False
Vmn2r26,0,False
Vmn2r27,1,False
Vmn2r28,1,False
Vmn2r29,3,True
Vmn2r3,1,False
Vmn2r30,0,False
Vmn2r31,4,True
Vmn2r32,1,False
Vmn2r33,0,False
Vmn2r34,1,False
Vmn2r35,1,False
Vmn2r36,1,False
Vmn2r37,1,False
Vmn2r38,2,False
Vmn2r39,1,False
Vmn2r4,1,False
Vmn2r40,1,False
Vmn2r41,1,False
Vmn2r42,2,False
Vmn2r43,1,False
Vmn2r44,1,False
Vmn2r45,1,False
Vmn2r46,6,True
Vmn2r47,0,False
Vmn2r48,1,False
Vmn2r49,2,False
Vmn2r5,1,False
Vmn2r50,1,False
Vmn2r51,0,False
Vmn2r52,0,False
Vmn2r53,1,False
Vmn2r54,0,False
Vmn2r55,1,False
Vmn2r56,2,False
Vmn2r57,1,False
Vmn2r58,0,False
Vmn2r59,0,False
Vmn2r6,1,False
Vmn2r60,2,False
Vmn2r61,0,False
Vmn2r62,4,True
Vmn2r63,4,True
Vmn2r65,0,False
Vmn2r66,0,False
Vmn2r67,0,False
Vmn2r68,0,False
Vmn2r69,0,False
Vmn2r7,1,False
Vmn2r70,1,False
Vmn2r71,0,False
Vmn2r72,1,False
Vmn2r73,1,False
Vmn2r74,0,False
Vmn2r75,0,False
Vmn2r76,0,False
Vmn2r77,1,False
Vmn2r78,1,False
Vmn2r79,0,False
Vmn2r8,0,False
Vmn2r80,1,False
Vmn2r81,1,False
Vmn2r82,1,False
Vmn2r83,1,False
Vmn2r84,1,False
Vmn2r85,0,False
Vmn2r86,1,False
Vmn2r87,1,False
Vmn2r88,2,False
Vmn2r89,0,False
Vmn2r9,0,False
Vmn2r90,0,False
Vmn2r91,0,False
Vmn2r92,0,False
Vmn2r93,0,False
Vmn2r94,0,False
Vmn2r95,0,False
Vmn2r96,1,False
Vmn2r97,0,False
Vmn2r98,0,False
Vmn2r99,0,False
Vmo1,2,False
Vmp1,6,True
Vnn1,6,True
Vnn3,0,False
Vopp1,6,True
Vprbp,6,True
Vpreb1,3,True
Vpreb2,1,False
Vpreb3,0,False
Vps11,6,True
Vps13a,6,True
Vps13b,6,True
Vps13c,6,True
Vps13d,6,True
Vps16,6,True
Vps18,6,True
Vps25,6,True
Vps26a,6,True
Vps26b,6,True
Vps29,6,True
Vps33a,6,True
Vps33b,6,True
Vps35,6,True
Vps36,6,True
Vps37a,6,True
Vps37b,6,True
Vps37c,6,True
Vps37d,6,True
Vps39,6,True
Vps41,6,True
Vps45,6,True
Vps4a,6,True
Vps4b,6,True
Vps50,6,True
Vps51,6,True
Vps52,6,True
Vps53,6,True
Vps54,6,True
Vps72,6,True
Vps8,6,True
Vps9d1,6,True
Vrk1,6,True
Vrk2,6,True
Vrk3,6,True
Vrtn,1,False
Vsig1,0,False
Vsig10,6,True
Vsig10l,6,True
Vsig2,0,False
Vsig4,2,False
Vsig8,2,False
Vsir,6,True
Vsnl1,6,True
Vstm2a,6,True
Vstm2b,6,True
Vstm2l,0,False
Vstm4,6,True
Vstm5,6,True
Vsx1,0,False
Vsx2,2,False
Vta1,6,True
Vtcn1,1,False
Vti1a,6,True
Vti1b,6,True
Vtn,5,True
Vwa1,6,True
Vwa2,1,False
Vwa3a,2,False
Vwa3b,4,True
Vwa5a,6,True
Vwa5b1,2,False
Vwa5b2,6,True
Vwa7,5,True
Vwa8,6,True
Vwa9,6,True
Vwc2,6,True
Vwc2l,1,False
Vwce,4,True
Vwde,3,True
Vwf,6,True
WI1-648A4.1,3,True
Wac,6,True
Wap,0,False
Wapl,6,True
Wars,6,True
Wars2,6,True
Was,4,True
Wasf1,6,True
Wasf2,6,True
Wasf3,6,True
Wash1,6,True
Wasl,6,True
Wbp1,6,True
Wbp11,6,True
Wbp1l,6,True
Wbp2,6,True
Wbp2nl,1,False
Wbp4,6,True
Wbp5,6,True
Wbscr16,6,True
Wbscr17,6,True
Wbscr22,6,True
Wbscr25,1,False
Wbscr27,6,True
Wbscr28,0,False
Wdfy1,6,True
Wdfy2,6,True
Wdfy3,6,True
Wdfy4,3,True
Wdhd1,6,True
Wdpcp,6,True
Wdr1,6,True
Wdr11,6,True
Wdr12,6,True
Wdr13,6,True
Wdr17,6,True
Wdr18,6,True
Wdr19,6,True
Wdr20,6,True
Wdr20rt,6,True
Wdr24,6,True
Wdr25,6,True
Wdr26,6,True
Wdr27,5,True
Wdr3,6,True
Wdr31,6,True
Wdr33,6,True
Wdr34,6,True
Wdr35,6,True
Wdr36,6,True
Wdr37,6,True
Wdr38,6,True
Wdr4,6,True
Wdr41,6,True
Wdr43,6,True
Wdr44,6,True
Wdr45,6,True
Wdr45b,6,True
Wdr46,6,True
Wdr46-ps,6,True
Wdr47,6,True
Wdr48,6,True
Wdr49,0,False
Wdr5,6,True
Wdr53,6,True
Wdr54,6,True
Wdr55,6,True
Wdr59,6,True
Wdr5b,5,True
Wdr6,6,True
Wdr60,6,True
Wdr61,6,True
Wdr62,6,True
Wdr63,2,False
Wdr64,1,False
Wdr66,3,True
Wdr7,6,True
Wdr70,6,True
Wdr72,1,False
Wdr73,6,True
Wdr74,6,True
Wdr75,6,True
Wdr76,6,True
Wdr77,6,True
Wdr78,6,True
Wdr81,6,True
Wdr82,6,True
Wdr83,6,True
Wdr83os,6,True
Wdr86,2,False
Wdr89,6,True
Wdr90,6,True
Wdr91,6,True
Wdr92,6,True
Wdr93,4,True
Wdr95,2,False
Wdsub1,6,True
Wdtc1,6,True
Wdyhv1,6,True
Wee1,6,True
Wee2,0,False
Wfdc1,6,True
Wfdc10,0,False
Wfdc11,0,False
Wfdc12,0,False
Wfdc13,1,False
Wfdc15a,0,False
Wfdc15b,0,False
Wfdc16,0,False
Wfdc17,6,True
Wfdc18,6,True
Wfdc2,0,False
Wfdc21,1,False
Wfdc3,3,True
Wfdc5,0,False
Wfdc6a,0,False
Wfdc6b,0,False
Wfdc8,1,False
Wfdc9,0,False
Wfikkn1,5,True
Wfikkn2,1,False
Wfs1,6,True
Whamm,6,True
Whrn,6,True
Whsc1,6,True
Whsc1l1,6,True
Wif1,1,False
Wipf1,6,True
Wipf2,6,True
Wipf3,6,True
Wipi1,6,True
Wipi2,6,True
Wisp1,3,True
Wisp2,0,False
Wisp3,2,False
Wiz,6,True
Wls,6,True
Wnk1,6,True
Wnk2,6,True
Wnk3,6,True
Wnk4,6,True
Wnt1,0,False
Wnt10a,2,False
Wnt10b,0,False
Wnt11,2,False
Wnt16,0,False
Wnt2,1,False
Wnt2b,6,True
Wnt3,4,True
Wnt3a,1,False
Wnt4,6,True
Wnt5a,6,True
Wnt5b,2,False
Wnt6,0,False
Wnt7a,6,True
Wnt7b,6,True
Wnt8a,1,False
Wnt8b,6,True
Wnt9a,5,True
Wnt9b,0,False
Wrap53,6,True
Wrap73,6,True
Wrb,6,True
Wrn,6,True
Wrnip1,6,True
Wsb1,6,True
Wsb2,6,True
Wsb2-ps,0,False
Wscd1,6,True
Wscd2,6,True
Wt1,2,False
Wt1os,2,False
Wtap,6,True
Wtip,4,True
Wwc1,6,True
Wwc2,6,True
Wwox,6,True
Wwp1,6,True
Wwp2,6,True
Wwtr1,6,True
Xab2,6,True
Xaf1,6,True
Xbp1,6,True
Xcl1,0,False
Xcr1,5,True
Xdh,2,False
Xiap,6,True
Xirp1,3,True
Xirp2,1,False
Xist,6,True
Xk,6,True
Xkr4,6,True
Xkr5,5,True
Xkr6,6,True
Xkr7,0,False
Xkr8,6,True
Xkr9,2,False
Xkrx,4,True
Xlr,4,True
Xlr3a,6,True
Xlr3b,6,True
Xlr3c,6,True
Xlr3d-ps,6,True
Xlr3e-ps,6,True
Xlr4a,5,True
Xlr4b,5,True
Xlr4c,4,True
Xlr4d-ps,1,False
Xlr4e-ps,1,False
Xlr5a,1,False
Xlr5b,0,False
Xlr5c,1,False
Xlr5d-ps,1,False
Xlr5e-ps,0,False
Xndc1,6,True
Xntrpc,5,True
Xpa,6,True
Xpc,6,True
Xpnpep1,6,True
Xpnpep2,0,False
Xpnpep3,6,True
Xpo1,6,True
Xpo4,6,True
Xpo5,6,True
Xpo6,6,True
Xpo7,6,True
Xpot,6,True
Xpr1,6,True
Xrcc1,6,True
Xrcc2,6,True
Xrcc3,6,True
Xrcc4,6,True
Xrcc5,6,True
Xrcc6,6,True
Xrcc6bp1,6,True
Xrn1,6,True
Xrn2,6,True
Xrra1,3,True
Xxylt1,6,True
Xylb,5,True
Xylt1,6,True
Xylt2,6,True
Yae1d1,6,True
Yaf2,6,True
Yap1,6,True
Yars,6,True
Yars2,6,True
Ybey,6,True
Ybx1,6,True
Ybx1-ps2,6,True
Ybx2,2,False
Ybx3,6,True
Ydjc,5,True
Yeats2,6,True
Yeats4,6,True
Yes1,6,True
Yif1a,6,True
Yif1b,6,True
Yipf1,6,True
Yipf2,6,True
Yipf3,6,True
Yipf4,6,True
Yipf5,6,True
Yipf6,6,True
Yipf7,0,False
Yjefn3,5,True
Ykt6,6,True
Ylpm1,6,True
Yme1l1,6,True
Yod1,6,True
Ypel1,5,True
Ypel2,6,True
Ypel3,6,True
Ypel4,6,True
Ypel5,6,True
Yrdc,6,True
Ythdc1,6,True
Ythdc2,6,True
Ythdf1,6,True
Ythdf2,6,True
Ythdf3,6,True
Ywhab,6,True
Ywhae,6,True
Ywhag,6,True
Ywhah,6,True
Ywhaq,6,True
Ywhaq-ps1,0,False
Ywhaq-ps2,6,True
Ywhaz,6,True
Yy1,6,True
Yy2,0,False
Zadh2,6,True
Zak,6,True
Zakit,1,False
Zan,6,True
Zap70,3,True
Zar1,1,False
Zar1l,0,False
Zbbx,2,False
Zbed3,6,True
Zbed4,6,True
Zbed4-ps1,2,False
Zbed4-ps2,2,False
Zbed4-ps3,1,False
Zbed5,6,True
Zbed6,0,False
Zbp1,4,True
Zbtb1,6,True
Zbtb10,6,True
Zbtb11,6,True
Zbtb11os1,6,True
Zbtb12,2,False
Zbtb14,6,True
Zbtb16,6,True
Zbtb17,6,True
Zbtb18,6,True
Zbtb2,6,True
Zbtb20,6,True
Zbtb21,6,True
Zbtb22,6,True
Zbtb24,5,True
Zbtb25,6,True
Zbtb26,6,True
Zbtb3,4,True
Zbtb32,5,True
Zbtb33,6,True
Zbtb34,6,True
Zbtb37,6,True
Zbtb38,6,True
Zbtb39,6,True
Zbtb4,6,True
Zbtb40,6,True
Zbtb41,6,True
Zbtb42,1,False
Zbtb43,6,True
Zbtb44,6,True
Zbtb45,6,True
Zbtb46,6,True
Zbtb48,6,True
Zbtb49,6,True
Zbtb5,6,True
Zbtb6,6,True
Zbtb7a,6,True
Zbtb7b,6,True
Zbtb7c,6,True
Zbtb8a,6,True
Zbtb8b,6,True
Zbtb8os,6,True
Zbtb9,2,False
Zc2hc1a,6,True
Zc2hc1b,1,False
Zc2hc1c,5,True
Zc3h10,6,True
Zc3h11a,6,True
Zc3h12a,6,True
Zc3h12b,6,True
Zc3h12c,6,True
Zc3h12d,1,False
Zc3h13,6,True
Zc3h14,6,True
Zc3h15,6,True
Zc3h18,6,True
Zc3h3,6,True
Zc3h4,6,True
Zc3h6,6,True
Zc3h7a,6,True
Zc3h7b,6,True
Zc3h8,6,True
Zc3hav1,6,True
Zc3hav1l,6,True
Zc3hc1,6,True
Zc4h2,6,True
Zcchc10,6,True
Zcchc11,6,True
Zcchc12,6,True
Zcchc13,0,False
Zcchc14,6,True
Zcchc16,6,True
Zcchc17,6,True
Zcchc18,6,True
Zcchc2,6,True
Zcchc24,6,True
Zcchc3,6,True
Zcchc4,6,True
Zcchc5,4,True
Zcchc6,6,True
Zcchc7,6,True
Zcchc8,6,True
Zcchc9,6,True
Zcchc9-ps,4,True
Zcrb1,6,True
Zcwpw1,6,True
Zcwpw2,6,True
Zdbf2,6,True
Zdhhc1,6,True
Zdhhc11,0,False
Zdhhc12,6,True
Zdhhc13,6,True
Zdhhc14,6,True
Zdhhc15,6,True
Zdhhc16,6,True
Zdhhc17,6,True
Zdhhc18,6,True
Zdhhc19,2,False
Zdhhc2,6,True
Zdhhc20,6,True
Zdhhc21,6,True
Zdhhc22,6,True
Zdhhc23,5,True
Zdhhc24,6,True
Zdhhc25,0,False
Zdhhc3,6,True
Zdhhc4,6,True
Zdhhc5,6,True
Zdhhc6,6,True
Zdhhc7,6,True
Zdhhc8,6,True
Zdhhc9,6,True
Zeb1,6,True
Zeb2,6,True
Zeb2os,6,True
Zer1,6,True
Zfa-ps,6,True
Zfand1,6,True
Zfand2a,6,True
Zfand2b,6,True
Zfand3,6,True
Zfand4,6,True
Zfand5,6,True
Zfand6,6,True
Zfas1,6,True
Zfat,6,True
Zfc3h1,6,True
Zfhx2,6,True
Zfhx2os,0,False
Zfhx3,6,True
Zfhx4,6,True
Zfp-ps,0,False
Zfp1,6,True
Zfp101,6,True
Zfp105,6,True
Zfp106,6,True
Zfp108,6,True
Zfp109,6,True
Zfp11,6,True
Zfp110,6,True
Zfp111,6,True
Zfp112,6,True
Zfp113,6,True
Zfp114,6,True
Zfp119a,6,True
Zfp119b,6,True
Zfp12,6,True
Zfp120,6,True
Zfp125,6,True
Zfp128,6,True
Zfp13,6,True
Zfp131,6,True
Zfp133-ps,6,True
Zfp14,6,True
Zfp141,6,True
Zfp142,6,True
Zfp143,6,True
Zfp146,6,True
Zfp148,6,True
Zfp157,6,True
Zfp160,6,True
Zfp169,5,True
Zfp174,6,True
Zfp180,6,True
Zfp182,6,True
Zfp184,6,True
Zfp185,3,True
Zfp189,6,True
Zfp2,6,True
Zfp202,6,True
Zfp207,6,True
Zfp212,6,True
Zfp213,6,True
Zfp217,5,True
Zfp219,6,True
Zfp229,6,True
Zfp235,6,True
Zfp236,6,True
Zfp239,6,True
Zfp24,6,True
Zfp248,6,True
Zfp251,6,True
Zfp26,6,True
Zfp260,6,True
Zfp263,6,True
Zfp264,1,False
Zfp266,6,True
Zfp27,6,True
Zfp273,6,True
Zfp275,6,True
Zfp276,6,True
Zfp277,6,True
Zfp28,6,True
Zfp280b,5,True
Zfp280c,6,True
Zfp280d,6,True
Zfp281,6,True
Zfp282,6,True
Zfp286,6,True
Zfp286os,0,False
Zfp287,6,True
Zfp292,6,True
Zfp296,2,False
Zfp3,6,True
Zfp30,6,True
Zfp300,6,True
Zfp316,6,True
Zfp317,6,True
Zfp318,6,True
Zfp319,6,True
Zfp322a,6,True
Zfp324,6,True
Zfp326,6,True
Zfp329,6,True
Zfp330,6,True
Zfp334,6,True
Zfp335,6,True
Zfp335os,4,True
Zfp341,5,True
Zfp345,4,True
Zfp346,6,True
Zfp35,6,True
Zfp352,0,False
Zfp353-ps,0,False
Zfp354a,6,True
Zfp354b,6,True
Zfp354c,6,True
Zfp358,6,True
Zfp36,6,True
Zfp362,6,True
Zfp365,6,True
Zfp366,2,False
Zfp367,6,True
Zfp369,6,True
Zfp36l1,6,True
Zfp36l1-ps,6,True
Zfp36l2,6,True
Zfp36l3,0,False
Zfp37,6,True
Zfp382,6,True
Zfp383,6,True
Zfp384,6,True
Zfp385a,6,True
Zfp385b,6,True
Zfp385c,1,False
Zfp386,6,True
Zfp389,5,True
Zfp39,6,True
Zfp395,6,True
Zfp397,6,True
Zfp398,6,True
Zfp40,5,True
Zfp407,5,True
Zfp408,6,True
Zfp41,6,True
Zfp410,6,True
Zfp414,6,True
Zfp418,5,True
Zfp419,1,False
Zfp42,0,False
Zfp420,6,True
Zfp422,6,True
Zfp422-ps,6,True
Zfp423,6,True
Zfp426,6,True
Zfp428,6,True
Zfp429,6,True
Zfp433,6,True
Zfp438,6,True
Zfp442,6,True
Zfp444,6,True
Zfp445,6,True
Zfp446,6,True
Zfp449,6,True
Zfp451,6,True
Zfp454,6,True
Zfp455,6,True
Zfp456,6,True
Zfp457,6,True
Zfp458,6,True
Zfp459,5,True
Zfp46,6,True
Zfp462,6,True
Zfp467,6,True
Zfp472,6,True
Zfp473,5,True
Zfp474,0,False
Zfp488,6,True
Zfp493,5,True
Zfp503,6,True
Zfp507,6,True
Zfp51,6,True
Zfp511,6,True
Zfp512,6,True
Zfp512b,6,True
Zfp513,6,True
Zfp516,6,True
Zfp518a,6,True
Zfp518b,6,True
Zfp52,6,True
Zfp521,6,True
Zfp523,6,True
Zfp524,5,True
Zfp526,4,True
Zfp53,6,True
Zfp532,6,True
Zfp534,3,True
Zfp536,6,True
Zfp54,6,True
Zfp541,2,False
Zfp551,4,True
Zfp553,6,True
Zfp558,6,True
Zfp560,6,True
Zfp563,6,True
Zfp566,6,True
Zfp568,6,True
Zfp57,6,True
Zfp572,0,False
Zfp574,6,True
Zfp575,6,True
Zfp579,6,True
Zfp58,6,True
Zfp580,6,True
Zfp583,5,True
Zfp59,6,True
Zfp592,6,True
Zfp593,6,True
Zfp595,6,True
Zfp597,6,True
Zfp598,6,True
Zfp599,5,True
Zfp60,6,True
Zfp600,5,True
Zfp605,6,True
Zfp606,6,True
Zfp607,6,True
Zfp608,6,True
Zfp609,6,True
Zfp61,6,True
Zfp612,6,True
Zfp616,1,False
Zfp617,6,True
Zfp618,3,True
Zfp619,6,True
Zfp62,6,True
Zfp622,6,True
Zfp623,6,True
Zfp626,6,True
Zfp628,6,True
Zfp629,5,True
Zfp637,6,True
Zfp638,6,True
Zfp639,6,True
Zfp64,6,True
Zfp640,0,False
Zfp641,6,True
Zfp644,6,True
Zfp646,6,True
Zfp647,6,True
Zfp648,2,False
Zfp65,6,True
Zfp651,6,True
Zfp652,6,True
Zfp652os,3,True
Zfp653,6,True
Zfp654,6,True
Zfp655,6,True
Zfp658,6,True
Zfp661,5,True
Zfp663,2,False
Zfp664,6,True
Zfp667,6,True
Zfp668,6,True
Zfp672,6,True
Zfp677,6,True
Zfp68,6,True
Zfp683,0,False
Zfp687,6,True
Zfp688,6,True
Zfp689,6,True
Zfp69,5,True
Zfp691,6,True
Zfp692,6,True
Zfp697,6,True
Zfp7,5,True
Zfp703,6,True
Zfp704,6,True
Zfp706,6,True
Zfp707,6,True
Zfp708,1,False
Zfp709,6,True
Zfp710,6,True
Zfp711,6,True
Zfp712,5,True
Zfp715,6,True
Zfp719,6,True
Zfp72,4,True
Zfp729a,6,True
Zfp729b,6,True
Zfp735,0,False
Zfp738,6,True
Zfp74,6,True
Zfp740,6,True
Zfp746,6,True
Zfp747,6,True
Zfp748,5,True
Zfp750,0,False
Zfp758,6,True
Zfp759,5,True
Zfp760,6,True
Zfp763,6,True
Zfp764,6,True
Zfp768,6,True
Zfp770,6,True
Zfp771,6,True
Zfp772,6,True
Zfp773,6,True
Zfp775,5,True
Zfp777,6,True
Zfp78,6,True
Zfp780b,6,True
Zfp781,6,True
Zfp783,6,True
Zfp784,3,True
Zfp786,6,True
Zfp787,6,True
Zfp788,6,True
Zfp790,6,True
Zfp791,5,True
Zfp799,6,True
Zfp800,6,True
Zfp804a,4,True
Zfp804b,2,False
Zfp808,6,True
Zfp809,6,True
Zfp81,6,True
Zfp810,5,True
Zfp811,6,True
Zfp813-ps,1,False
Zfp819,2,False
Zfp82,3,True
Zfp820,6,True
Zfp821,6,True
Zfp825,6,True
Zfp827,6,True
Zfp830,6,True
Zfp831,3,True
Zfp839,6,True
Zfp84,6,True
Zfp846,6,True
Zfp85,5,True
Zfp850,6,True
Zfp853,3,True
Zfp85os,6,True
Zfp862-ps,6,True
Zfp865,6,True
Zfp866,6,True
Zfp867,6,True
Zfp868,6,True
Zfp869,6,True
Zfp87,5,True
Zfp870,6,True
Zfp871,6,True
Zfp872,1,False
Zfp873,6,True
Zfp874a,6,True
Zfp874b,6,True
Zfp879,6,True
Zfp882,6,True
Zfp9,6,True
Zfp90,5,True
Zfp91,6,True
Zfp92,3,True
Zfp93,6,True
Zfp930,6,True
Zfp931,6,True
Zfp932,6,True
Zfp933,6,True
Zfp934,6,True
Zfp935,6,True
Zfp936,4,True
Zfp937,6,True
Zfp938,6,True
Zfp939,6,True
Zfp94,6,True
Zfp940,6,True
Zfp941,6,True
Zfp942,6,True
Zfp943,6,True
Zfp944,6,True
Zfp945,6,True
Zfp946,6,True
Zfp947,6,True
Zfp948,6,True
Zfp949,6,True
Zfp950,6,True
Zfp951,5,True
Zfp952,6,True
Zfp953,5,True
Zfp954,6,True
Zfp955a,5,True
Zfp955b,5,True
Zfp956,6,True
Zfp957,0,False
Zfp958,6,True
Zfp959,6,True
Zfp960,6,True
Zfp961,6,True
Zfp963,5,True
Zfp964,6,True
Zfp97,6,True
Zfpl1,6,True
Zfpm1,6,True
Zfpm2,6,True
Zfr,6,True
Zfr2,6,True
Zfx,6,True
Zfy1,1,False
Zfy2,0,False
Zfyve1,6,True
Zfyve16,6,True
Zfyve19,6,True
Zfyve21,6,True
Zfyve26,6,True
Zfyve27,6,True
Zfyve28,6,True
Zfyve9,6,True
Zg16,1,False
Zglp1,1,False
Zgpat,6,True
Zgrf1,6,True
Zhx1,6,True
Zhx2,6,True
Zhx3,6,True
Zic1,6,True
Zic2,6,True
Zic3,4,True
Zic4,5,True
Zic5,6,True
Zik1,6,True
Zim1,5,True
Zim3,0,False
Zkscan1,6,True
Zkscan14,6,True
Zkscan16,6,True
Zkscan17,6,True
Zkscan2,6,True
Zkscan3,6,True
Zkscan4,6,True
Zkscan5,6,True
Zkscan6,6,True
Zkscan7,2,False
Zkscan8,6,True
Zmat1,6,True
Zmat2,6,True
Zmat3,6,True
Zmat4,5,True
Zmat5,6,True
Zmiz1,6,True
Zmiz1os1,4,True
Zmiz2,6,True
Zmpste24,6,True
Zmym1,6,True
Zmym2,6,True
Zmym3,6,True
Zmym4,6,True
Zmym5,6,True
Zmym6,6,True
Zmynd10,5,True
Zmynd11,6,True
Zmynd12,2,False
Zmynd15,4,True
Zmynd19,6,True
Zmynd8,6,True
Znf41-ps,6,True
Znfx1,6,True
Znhit1,6,True
Znhit2,6,True
Znhit3,6,True
Znhit6,6,True
Znrd1,6,True
Znrd1as,6,True
Znrf1,6,True
Znrf2,6,True
Znrf3,6,True
Znrf4,1,False
Zp1,0,False
Zp2,2,False
Zp3,0,False
Zp3r,2,False
Zpbp,2,False
Zpbp2,1,False
Zpld1,1,False
Zpr1,6,True
Zranb1,6,True
Zranb2,6,True
Zranb3,6,True
Zrsr1,6,True
Zrsr2,6,True
Zscan10,2,False
Zscan12,6,True
Zscan18,6,True
Zscan2,5,True
Zscan20,6,True
Zscan21,6,True
Zscan22,6,True
Zscan25,5,True
Zscan26,6,True
Zscan29,6,True
Zscan30,3,True
Zscan4a,0,False
Zscan4b,0,False
Zscan4c,0,False
Zscan4d,1,False
Zscan4e,0,False
Zscan4f,0,False
Zscan5b,0,False
Zswim1,6,True
Zswim2,0,False
Zswim3,5,True
Zswim4,6,True
Zswim5,6,True
Zswim6,6,True
Zswim7,6,True
Zswim8,6,True
Zufsp,6,True
Zw10,6,True
Zwilch,6,True
Zwint,6,True
Zxda,0,False
Zxdb,6,True
Zxdc,6,True
Zyg11a,0,False
Zyg11b,6,True
Zyx,6,True
Zzef1,6,True
Zzz3,6,True
a,1,False
l7Rn6,6,True
mt-Atp6,6,True
mt-Atp8,6,True
mt-Co1,6,True
mt-Co2,6,True
mt-Co3,6,True
mt-Cytb,6,True
mt-Nd1,6,True
mt-Nd2,6,True
mt-Nd3,6,True
mt-Nd4,6,True
mt-Nd4l,6,True
mt-Nd5,6,True
mt-Nd6,6,True
mt-Rnr1,6,True
mt-Rnr2,6,True
mt-Ta,6,True
mt-Tc,6,True
mt-Td,3,True
mt-Te,6,True
mt-Tf,6,True
mt-Tg,6,True
mt-Th,5,True
mt-Ti,6,True
mt-Tk,1,False
mt-Tl1,6,True
mt-Tl2,6,True
mt-Tm,6,True
mt-Tn,6,True
mt-Tp,6,True
mt-Tq,6,True
mt-Tr,1,False
mt-Ts1,6,True
mt-Ts2,2,False
mt-Tt,5,True
mt-Tv,5,True
mt-Tw,5,True
mt-Ty,5,True
n-R5-8s1,0,False
n-R5s1,0,False
n-R5s10,0,False
n-R5s100,0,False
n-R5s101,0,False
n-R5s102,0,False
n-R5s103,0,False
n-R5s104,0,False
n-R5s105,0,False
n-R5s106,0,False
n-R5s107,0,False
n-R5s108,0,False
n-R5s109,0,False
n-R5s110,0,False
n-R5s111,0,False
n-R5s112,0,False
n-R5s113,0,False
n-R5s114,0,False
n-R5s115,0,False
n-R5s117,0,False
n-R5s118,0,False
n-R5s119,0,False
n-R5s12,0,False
n-R5s120,0,False
n-R5s121,0,False
n-R5s122,0,False
n-R5s123,0,False
n-R5s124,0,False
n-R5s125,0,False
n-R5s127,0,False
n-R5s128,0,False
n-R5s129,0,False
n-R5s13,0,False
n-R5s130,0,False
n-R5s131,0,False
n-R5s133,0,False
n-R5s134,0,False
n-R5s136,0,False
n-R5s138,0,False
n-R5s139,0,False
n-R5s14,0,False
n-R5s141,0,False
n-R5s142,0,False
n-R5s143,0,False
n-R5s144,0,False
n-R5s146,0,False
n-R5s149,0,False
n-R5s15,1,False
n-R5s150,0,False
n-R5s151,0,False
n-R5s152,0,False
n-R5s153,0,False
n-R5s154,0,False
n-R5s155,0,False
n-R5s156,0,False
n-R5s157,0,False
n-R5s158,0,False
n-R5s159,0,False
n-R5s16,0,False
n-R5s160,0,False
n-R5s161,0,False
n-R5s162,0,False
n-R5s164,0,False
n-R5s165,0,False
n-R5s166,0,False
n-R5s167,0,False
n-R5s168,0,False
n-R5s169,0,False
n-R5s170,0,False
n-R5s171,0,False
n-R5s172,0,False
n-R5s173,0,False
n-R5s174,0,False
n-R5s175,0,False
n-R5s176,0,False
n-R5s178,0,False
n-R5s179,0,False
n-R5s18,0,False
n-R5s180,0,False
n-R5s182,0,False
n-R5s183,0,False
n-R5s185,0,False
n-R5s187,0,False
n-R5s188,1,False
n-R5s189,1,False
n-R5s19,0,False
n-R5s191,0,False
n-R5s192,0,False
n-R5s193,5,True
n-R5s194,0,False
n-R5s195,0,False
n-R5s196,0,False
n-R5s197,1,False
n-R5s198,0,False
n-R5s2,1,False
n-R5s200,0,False
n-R5s201,1,False
n-R5s202,0,False
n-R5s204,0,False
n-R5s205,1,False
n-R5s207,0,False
n-R5s209,0,False
n-R5s21,0,False
n-R5s210,0,False
n-R5s211,0,False
n-R5s213,0,False
n-R5s214,0,False
n-R5s215,0,False
n-R5s216,3,True
n-R5s217,0,False
n-R5s218,0,False
n-R5s219,1,False
n-R5s220,0,False
n-R5s23,1,False
n-R5s24,1,False
n-R5s25,2,False
n-R5s26,0,False
n-R5s27,0,False
n-R5s28,0,False
n-R5s29,0,False
n-R5s3,0,False
n-R5s30,0,False
n-R5s31,0,False
n-R5s32,0,False
n-R5s33,0,False
n-R5s34,0,False
n-R5s36,0,False
n-R5s37,0,False
n-R5s39,1,False
n-R5s40,0,False
n-R5s41,0,False
n-R5s42,0,False
n-R5s43,0,False
n-R5s45,2,False
n-R5s46,0,False
n-R5s47,0,False
n-R5s48,0,False
n-R5s5,0,False
n-R5s50,0,False
n-R5s51,0,False
n-R5s52,0,False
n-R5s54,0,False
n-R5s56,0,False
n-R5s58,0,False
n-R5s6,0,False
n-R5s60,0,False
n-R5s61,0,False
n-R5s62,0,False
n-R5s63,0,False
n-R5s64,0,False
n-R5s65,0,False
n-R5s67,6,True
n-R5s68,0,False
n-R5s69,0,False
n-R5s7,0,False
n-R5s70,0,False
n-R5s71,0,False
n-R5s72,0,False
n-R5s73,0,False
n-R5s74,0,False
n-R5s76,0,False
n-R5s77,0,False
n-R5s79,0,False
n-R5s8,0,False
n-R5s80,0,False
n-R5s82,0,False
n-R5s84,0,False
n-R5s85,0,False
n-R5s86,0,False
n-R5s87,1,False
n-R5s88,0,False
n-R5s89,0,False
n-R5s9,0,False
n-R5s90,0,False
n-R5s92,0,False
n-R5s93,0,False
n-R5s94,0,False
n-R5s95,0,False
n-R5s96,0,False
n-R5s97,1,False
n-R5s98,1,False
n-TSaga9,0,False
n-TStga1,0,False
